cluster	cluster_size	go_term	k_in_cluster	K_in_atlas	cluster_freq	bg_freq	enrichment_ratio	log10_p
0	771	presynapse	710	1207	0.9209	0.0344	26.79	300.0
0	771	DNA-templated transcription	1	681	0.0013	0.0194	0.07	0.0
0	771	monooxygenase activity	2	196	0.0026	0.0056	0.46	0.03
0	771	progesterone metabolic process	11	906	0.0143	0.0258	0.55	0.0
0	771	xenobiotic metabolic process	11	499	0.0143	0.0142	1.0	0.27
0	771	steroid hydroxylase activity	11	153	0.0143	0.0044	3.27	3.23
0	771	dendrite	710	1498	0.9209	0.0427	21.59	300.0
0	771	oxidoreductase activity, acting on paired donors, with incorporation or reduction of molecular oxygen	2	156	0.0026	0.0044	0.58	0.07
0	771	regulation of DNA-templated transcription	2	26	0.0026	0.0007	3.5	0.96
0	771	cholesterol 24-hydroxylase activity	710	1202	0.9209	0.0342	26.9	300.0
0	771	postsynapse	710	1209	0.9209	0.0344	26.75	300.0
0	771	regulation of long-term synaptic potentiation	8	61	0.0104	0.0017	5.97	4.26
0	771	heme binding	713	5655	0.9248	0.161	5.74	300.0
0	771	cholesterol catabolic process	710	1254	0.9209	0.0357	25.79	300.0
1	521	GTP binding	1	50	0.0019	0.0014	1.35	0.28
1	521	positive regulation of cell population proliferation	34	218	0.0653	0.0062	10.51	23.88
1	521	sterol 14-demethylase activity	27	2241	0.0518	0.0638	0.81	0.05
1	521	lymphoid progenitor cell differentiation	55	57	0.1056	0.0016	65.04	98.65
1	521	presynapse	2	1207	0.0038	0.0344	0.11	0.0
1	521	segment polarity determination	3	177	0.0058	0.005	1.14	0.31
1	521	chondroblast differentiation	64	66	0.1228	0.0019	65.36	115.44
1	521	neuron differentiation	160	425	0.3071	0.0121	25.38	184.66
1	521	regulation of multicellular organismal process	53	56	0.1017	0.0016	63.79	93.67
1	521	regulation of cell differentiation	53	55	0.1017	0.0016	64.95	94.93
1	521	regulation of developmental process	69	327	0.1324	0.0093	14.22	57.72
1	521	negative regulation of cholesterol efflux	53	54	0.1017	0.0015	66.15	96.37
1	521	positive regulation of developmental process	52	54	0.0998	0.0015	64.91	93.07
1	521	signal transduction	2	91	0.0038	0.0026	1.48	0.41
1	521	negative regulation of kidney smooth muscle cell differentiation	53	54	0.1017	0.0015	66.15	96.37
1	521	negative regulation of apoptotic process	56	225	0.1075	0.0064	16.78	51.07
1	521	anatomical structure morphogenesis	3	172	0.0058	0.0049	1.18	0.33
1	521	negative regulation of gene expression	53	363	0.1017	0.0103	9.84	35.56
1	521	spinal cord dorsal/ventral patterning	5	79	0.0096	0.0022	4.27	2.19
1	521	thymus development	53	54	0.1017	0.0015	66.15	96.37
1	521	response to ethanol	2	23	0.0038	0.0007	5.86	1.34
1	521	positive regulation of cell development	18	19	0.0345	0.0005	63.86	31.77
1	521	negative regulation of immature T cell proliferation in thymus	42	56	0.0806	0.0016	50.55	64.85
1	521	negative regulation of protein catabolic process	2	23	0.0038	0.0007	5.86	1.34
1	521	cerebellar granule cell precursor proliferation	53	124	0.1017	0.0035	28.81	62.88
1	521	negative regulation of canonical Wnt signaling pathway	2	67	0.0038	0.0019	2.01	0.58
1	521	glycosaminoglycan binding	53	54	0.1017	0.0015	66.15	96.37
1	521	skin development	2	82	0.0038	0.0023	1.64	0.46
1	521	skeletal system development	41	56	0.0787	0.0016	49.35	62.54
1	521	commissural neuron axon guidance	5	129	0.0096	0.0037	2.61	1.36
1	521	positive regulation of kidney smooth muscle cell differentiation	53	54	0.1017	0.0015	66.15	96.37
1	521	negative thymic T cell selection	53	54	0.1017	0.0015	66.15	96.37
1	521	heart development	3	16	0.0058	0.0005	12.64	2.8
1	521	developmental process involved in reproduction	42	60	0.0806	0.0017	47.18	62.67
1	521	cell-cell signaling	460	1430	0.8829	0.0407	21.68	300.0
1	521	regulation of protein localization to nucleus	55	57	0.1056	0.0016	65.04	98.65
1	521	apoptotic signaling pathway	54	164	0.1036	0.0047	22.19	56.64
1	521	lung development	3	21	0.0058	0.0006	9.63	2.45
1	521	heart looping	45	135	0.0864	0.0038	22.47	47.47
1	521	negative regulation of transcription by RNA polymerase II	3	416	0.0058	0.0118	0.49	0.02
1	521	multicellular organism growth	2	17	0.0038	0.0005	7.93	1.59
1	521	smoothened signaling pathway	458	1536	0.8791	0.0437	20.1	300.0
1	521	positive regulation of smoothened signaling pathway	113	196	0.2169	0.0056	38.86	155.92
1	521	regulation of odontogenesis	50	51	0.096	0.0015	66.08	90.77
1	521	gliogenesis	138	585	0.2649	0.0167	15.9	125.67
1	521	animal organ morphogenesis	15	18	0.0288	0.0005	56.17	24.62
1	521	dendrite	2	1498	0.0038	0.0427	0.09	0.0
1	521	patched binding	459	1613	0.881	0.0459	19.18	300.0
1	521	positive regulation of cell differentiation	2	75	0.0038	0.0021	1.8	0.51
1	521	regulation of DNA-templated transcription	2	26	0.0038	0.0007	5.18	1.25
1	521	tube development	121	381	0.2322	0.0108	21.41	126.99
1	521	positive regulation of sclerotome development	55	57	0.1056	0.0016	65.04	98.65
1	521	system development	82	410	0.1574	0.0117	13.48	66.82
1	521	positive regulation of alpha-beta T cell differentiation	95	110	0.1823	0.0031	58.21	159.65
1	521	positive regulation of cell division	55	57	0.1056	0.0016	65.04	98.65
1	521	embryonic morphogenesis	20	23	0.0384	0.0007	58.61	33.5
1	521	branching morphogenesis of an epithelial tube	42	46	0.0806	0.0013	61.54	72.34
1	521	positive regulation of gene expression	66	432	0.1267	0.0123	10.3	45.66
1	521	oligodendrocyte differentiation	175	253	0.3359	0.0072	46.62	267.96
1	521	androgen metabolic process	3	1056	0.0058	0.0301	0.19	0.0
1	521	cholesterol homeostasis	27	1948	0.0518	0.0555	0.93	0.17
1	521	positive regulation of mesenchymal cell proliferation involved in ureter development	53	54	0.1017	0.0015	66.15	96.37
1	521	neuron fate commitment	47	51	0.0902	0.0015	62.12	81.49
1	521	intein-mediated protein splicing	456	1354	0.8752	0.0386	22.7	300.0
1	521	positive regulation of T cell differentiation in thymus	97	112	0.1862	0.0032	58.38	163.35
1	521	metanephric collecting duct development	55	135	0.1056	0.0038	27.46	63.83
1	521	central nervous system development	141	1381	0.2706	0.0393	6.88	76.48
1	521	embryonic organ development	2	66	0.0038	0.0019	2.04	0.59
1	521	protein kinase binding	1	330	0.0019	0.0094	0.2	0.0
1	521	postsynapse	2	1209	0.0038	0.0344	0.11	0.0
1	521	transmembrane transporter activity	1	79	0.0019	0.0022	0.85	0.16
1	521	oxysterol 7-alpha-hydroxylase activity	27	393	0.0518	0.0112	4.63	10.23
1	521	cell fate specification	458	1408	0.8791	0.0401	21.93	300.0
1	521	positive regulation of transcription by RNA polymerase II	5	282	0.0096	0.008	1.2	0.39
1	521	anatomical structure formation involved in morphogenesis	41	44	0.0787	0.0013	62.81	71.56
1	521	pattern specification process	133	453	0.2553	0.0129	19.79	134.98
1	521	chordate embryonic development	39	46	0.0749	0.0013	57.15	64.26
1	521	extracellular matrix	95	179	0.1823	0.0051	35.77	125.57
1	521	protein autoprocessing	459	1424	0.881	0.0406	21.73	300.0
1	521	calcium ion binding	456	1460	0.8752	0.0416	21.05	300.0
1	521	osteoblast differentiation	7	27	0.0134	0.0008	17.47	6.98
1	521	stem cell development	53	54	0.1017	0.0015	66.15	96.37
1	521	metanephric mesenchymal cell proliferation involved in metanephros development	53	54	0.1017	0.0015	66.15	96.37
1	521	self proteolysis	57	78	0.1094	0.0022	49.26	86.98
1	521	positive regulation of immature T cell proliferation in thymus	53	54	0.1017	0.0015	66.15	96.37
1	521	laminin-1 binding	53	54	0.1017	0.0015	66.15	96.37
1	521	cholesterol-protein transferase activity	56	77	0.1075	0.0022	49.02	85.24
1	521	peptidase activity	460	1425	0.8829	0.0406	21.76	300.0
1	521	positive regulation of DNA-templated transcription	55	326	0.1056	0.0093	11.37	40.37
1	521	axon	2	485	0.0038	0.0138	0.28	0.0
1	521	cell differentiation	2	459	0.0038	0.0131	0.29	0.0
1	521	determination of left/right asymmetry in lateral mesoderm	53	128	0.1017	0.0036	27.91	61.96
1	521	negative regulation of alpha-beta T cell differentiation	47	61	0.0902	0.0017	51.93	73.59
1	521	digestive tract development	39	50	0.0749	0.0014	52.57	61.43
1	521	regulation of gene expression	361	1316	0.6929	0.0375	18.49	300.0
1	521	cell development	128	183	0.2457	0.0052	47.15	194.25
1	521	neuronal cell body	2	162	0.0038	0.0046	0.83	0.16
1	521	gene expression	2	124	0.0038	0.0035	1.09	0.26
1	521	response to estradiol	3	57	0.0058	0.0016	3.55	1.28
1	521	cholesterol metabolic process	27	6083	0.0518	0.1732	0.3	-0.0
1	521	endoplasmic reticulum lumen	2	52	0.0038	0.0015	2.59	0.74
1	521	morphogen activity	5	178	0.0096	0.0051	1.89	0.9
1	521	hippocampal mossy fiber to CA3 synapse	2	57	0.0038	0.0016	2.37	0.68
1	521	smooth muscle tissue development	57	214	0.1094	0.0061	17.95	53.83
1	521	positive thymic T cell selection	53	54	0.1017	0.0015	66.15	96.37
1	521	neural tube formation	2	80	0.0038	0.0023	1.69	0.48
1	521	endocytosis	2	19	0.0038	0.0005	7.1	1.5
1	521	bile acid biosynthetic process	27	520	0.0518	0.0148	3.5	7.6
1	521	embryonic digit morphogenesis	60	62	0.1152	0.0018	65.23	107.97
1	521	negative regulation of dopaminergic neuron differentiation	53	54	0.1017	0.0015	66.15	96.37
1	521	striated muscle cell development	133	637	0.2553	0.0181	14.07	113.25
1	521	CD4-positive or CD8-positive, alpha-beta T cell lineage commitment	55	57	0.1056	0.0016	65.04	98.65
1	521	heme binding	27	5655	0.0518	0.161	0.32	0.0
1	521	somite development	97	265	0.1862	0.0075	24.67	108.05
1	521	negative regulation of ureter smooth muscle cell differentiation	53	54	0.1017	0.0015	66.15	96.37
1	521	tissue development	72	476	0.1382	0.0136	10.2	49.57
1	521	membrane raft	53	245	0.1017	0.007	14.58	44.84
1	521	response to hypoxia	1	20	0.0019	0.0006	3.37	0.59
1	521	polarity specification of anterior/posterior axis	54	55	0.1036	0.0016	66.18	98.23
1	521	positive regulation of ureter smooth muscle cell differentiation	53	54	0.1017	0.0015	66.15	96.37
1	521	animal organ development	74	351	0.142	0.01	14.21	61.95
1	521	regulation of cell population proliferation	124	413	0.238	0.0118	20.24	126.78
1	521	response to axon injury	2	19	0.0038	0.0005	7.1	1.5
1	521	angiogenesis	2	83	0.0038	0.0024	1.62	0.46
2	332	steroid metabolic process	3	321	0.009	0.0091	0.99	0.23
2	332	nuclear receptor activity	52	205	0.1566	0.0058	26.83	58.38
2	332	positive regulation of cell population proliferation	2	218	0.006	0.0062	0.97	0.21
2	332	sterol 14-demethylase activity	1	2241	0.003	0.0638	0.05	0.0
2	332	long-chain fatty acid omega-hydroxylase activity	238	302	0.7169	0.0086	83.36	300.0
2	332	cellular response to estradiol stimulus	3	368	0.009	0.0105	0.86	0.17
2	332	positive regulation of circadian rhythm	48	72	0.1446	0.0021	70.52	79.89
2	332	negative regulation of miRNA transcription	1	78	0.003	0.0022	1.36	0.28
2	332	androgen receptor signaling pathway	2	86	0.006	0.0024	2.46	0.71
2	332	RNA polymerase II-specific DNA-binding transcription factor binding	2	73	0.006	0.0021	2.9	0.82
2	332	response to steroid hormone	4	23	0.012	0.0007	18.4	4.22
2	332	DNA-templated transcription	62	681	0.1867	0.0194	9.63	41.28
2	332	signal transduction	1	91	0.003	0.0026	1.16	0.24
2	332	(3S)-3-hydroxyacyl-CoA dehydrogenase (NAD+) activity	1	975	0.003	0.0278	0.11	0.0
2	332	membraneless organelle assembly	2	73	0.006	0.0021	2.9	0.82
2	332	negative regulation of gene expression	1	363	0.003	0.0103	0.29	0.01
2	332	centrosome	3	166	0.009	0.0047	1.91	0.68
2	332	enzyme binding	1	350	0.003	0.01	0.3	0.02
2	332	steroid binding	20	1674	0.0602	0.0477	1.26	0.77
2	332	response to cortisol	1	50	0.003	0.0014	2.12	0.42
2	332	positive regulation of vascular endothelial growth factor production	48	77	0.1446	0.0022	65.94	77.69
2	332	positive regulation of integrin biosynthetic process	2	73	0.006	0.0021	2.9	0.82
2	332	positive regulation of cold-induced thermogenesis	1	65	0.003	0.0019	1.63	0.34
2	332	muscle cell differentiation	48	70	0.1446	0.002	72.53	80.85
2	332	cerebellar granule cell precursor proliferation	48	124	0.1446	0.0035	40.94	64.16
2	332	RNA polymerase II core promoter sequence-specific DNA binding	2	52	0.006	0.0015	4.07	1.06
2	332	nuclear receptor-mediated steroid hormone signaling pathway	2	50	0.006	0.0014	4.23	1.09
2	332	cholesterol biosynthetic process	1	2414	0.003	0.0687	0.04	0.0
2	332	steroid hormone binding	1	392	0.003	0.0112	0.27	0.01
2	332	TBP-class protein binding	1	167	0.003	0.0048	0.63	0.1
2	332	sequence-specific double-stranded DNA binding	1	17	0.003	0.0005	6.22	0.83
2	332	TFIIB-class transcription factor binding	1	78	0.003	0.0022	1.36	0.28
2	332	RNA polymerase II preinitiation complex assembly	1	78	0.003	0.0022	1.36	0.28
2	332	spindle	3	168	0.009	0.0048	1.89	0.67
2	332	RNA polymerase II general transcription initiation factor binding	2	73	0.006	0.0021	2.9	0.82
2	332	negative regulation of transcription by RNA polymerase II	4	416	0.012	0.0118	1.02	0.26
2	332	negative regulation of canonical NF-kappaB signal transduction	51	248	0.1536	0.0071	21.75	52.14
2	332	xenobiotic metabolic process	48	499	0.1446	0.0142	10.17	32.88
2	332	nuclear estrogen receptor activity	2	363	0.006	0.0103	0.58	0.07
2	332	ATPase binding	3	285	0.009	0.0081	1.11	0.3
2	332	positive regulation of cell differentiation	2	75	0.006	0.0021	2.82	0.8
2	332	regulation of DNA-templated transcription	1	26	0.003	0.0007	4.07	0.66
2	332	aromatase activity	238	272	0.7169	0.0077	92.55	300.0
2	332	nuclear speck	2	268	0.006	0.0076	0.79	0.14
2	332	response to estrogen	1	109	0.003	0.0031	0.97	0.19
2	332	positive regulation of miRNA transcription	2	160	0.006	0.0046	1.32	0.35
2	332	nuclear estrogen receptor binding	1	81	0.003	0.0023	1.31	0.27
2	332	transcription coactivator binding	51	297	0.1536	0.0085	18.16	47.89
2	332	response to alcohol	3	17	0.009	0.0005	18.67	3.29
2	332	positive regulation of gene expression	3	432	0.009	0.0123	0.73	0.11
2	332	cholesterol homeostasis	48	1948	0.1446	0.0555	2.61	8.88
2	332	oxysterol binding	48	423	0.1446	0.012	12.0	36.24
2	332	nucleolus	48	165	0.1446	0.0047	30.77	57.07
2	332	negative regulation of cell population proliferation	2	97	0.006	0.0028	2.18	0.63
2	332	protein kinase binding	4	330	0.012	0.0094	1.28	0.42
2	332	cholesterol binding	2	1642	0.006	0.0468	0.13	0.0
2	332	negative regulation of fat cell differentiation	48	145	0.1446	0.0041	35.01	60.21
2	332	regulation of nuclear receptor-mediated glucocorticoid signaling pathway	3	28	0.009	0.0008	11.33	2.64
2	332	cellular response to hypoxia	48	74	0.1446	0.0021	68.61	78.98
2	332	methyltransferase activity	1	767	0.003	0.0218	0.14	0.0
2	332	response to glucocorticoid	3	40	0.009	0.0011	7.93	2.19
2	332	positive regulation of transcription by RNA polymerase II	1	282	0.003	0.008	0.38	0.03
2	332	cellular response to estrogen stimulus	3	94	0.009	0.0027	3.38	1.22
2	332	DNA-binding transcription factor activity, RNA polymerase II-specific	1	18	0.003	0.0005	5.88	0.8
2	332	circadian regulation of gene expression	48	72	0.1446	0.0021	70.52	79.89
2	332	beta-catenin binding	51	229	0.1536	0.0065	23.56	54.06
2	332	sequence-specific DNA binding	6	90	0.0181	0.0026	7.05	3.66
2	332	protein-containing complex	3	462	0.009	0.0132	0.69	0.09
2	332	chromatin binding	3	237	0.009	0.0067	1.34	0.41
2	332	positive regulation of cytosolic calcium ion concentration	2	80	0.006	0.0023	2.64	0.76
2	332	RNA polymerase II cis-regulatory region sequence-specific DNA binding	51	466	0.1536	0.0133	11.58	37.75
2	332	molecular condensate scaffold activity	2	73	0.006	0.0021	2.9	0.82
2	332	chromatin organization	3	166	0.009	0.0047	1.91	0.68
2	332	protein localization to chromatin	1	78	0.003	0.0022	1.36	0.28
2	332	positive regulation of MAPK cascade	1	82	0.003	0.0023	1.29	0.27
2	332	T-helper 17 cell differentiation	48	72	0.1446	0.0021	70.52	79.89
2	332	regulation of steroid metabolic process	48	72	0.1446	0.0021	70.52	79.89
2	332	nuclear steroid receptor activity	7	177	0.0211	0.005	4.18	2.81
2	332	positive regulation of DNA-templated transcription	53	326	0.1596	0.0093	17.2	48.49
2	332	cell differentiation	1	459	0.003	0.0131	0.23	0.01
2	332	regulation of transcription by RNA polymerase II	10	97	0.0301	0.0028	10.9	7.52
2	332	DNA-binding transcription factor activity	4	45	0.012	0.0013	9.4	3.06
2	332	negative regulation of inflammatory response	48	386	0.1446	0.011	13.15	38.14
2	332	estrogen response element binding	3	153	0.009	0.0044	2.07	0.75
2	332	chromatin	4	207	0.012	0.0059	2.04	0.87
2	332	DNA-binding transcription activator activity, RNA polymerase II-specific	4	483	0.012	0.0138	0.88	0.17
2	332	signaling receptor binding	2	1444	0.006	0.0411	0.15	0.0
2	332	triglyceride homeostasis	48	755	0.1446	0.0215	6.72	24.79
2	332	response to ketone	3	32	0.009	0.0009	9.92	2.47
2	332	androgen binding	2	88	0.006	0.0025	2.4	0.69
2	332	methylation	1	978	0.003	0.0278	0.11	0.0
2	332	chromosome	3	85	0.009	0.0024	3.73	1.33
2	332	regulation of smoothened signaling pathway	48	72	0.1446	0.0021	70.52	79.89
2	332	positive regulation of transcription by RNA polymerase III	2	73	0.006	0.0021	2.9	0.82
2	332	nuclear cortisol receptor activity	1	49	0.003	0.0014	2.16	0.43
2	332	basolateral part of cell	1	49	0.003	0.0014	2.16	0.43
2	332	estradiol 17-beta-dehydrogenase [NAD(P)+] activity	1	2847	0.003	0.0811	0.04	0.0
2	332	estrogen receptor signaling pathway	4	186	0.012	0.0053	2.27	1.0
2	332	lipid metabolic process	1	1633	0.003	0.0465	0.06	0.0
2	332	heme binding	239	5655	0.7199	0.161	4.47	114.0
2	332	regulation of glucose metabolic process	51	103	0.1536	0.0029	52.37	75.27
2	332	cellular response to testosterone stimulus	3	81	0.009	0.0023	3.92	1.38
2	332	POU domain binding	2	52	0.006	0.0015	4.07	1.06
2	332	core promoter sequence-specific DNA binding	1	141	0.003	0.004	0.75	0.13
2	332	14-3-3 protein binding	1	78	0.003	0.0022	1.36	0.28
2	332	cellular response to sterol	48	75	0.1446	0.0021	67.7	78.54
2	332	apical part of cell	1	104	0.003	0.003	1.02	0.2
2	332	androstan-3-alpha,17-beta-diol dehydrogenase (NAD+) activity	1	943	0.003	0.0269	0.11	0.0
2	332	transcription corepressor binding	49	155	0.1476	0.0044	33.44	60.33
2	332	euchromatin	1	172	0.003	0.0049	0.61	0.09
2	332	angiogenesis	48	83	0.1446	0.0024	61.17	75.34
3	77	2 iron, 2 sulfur cluster binding	8	18	0.1039	0.0005	202.7	16.8
3	77	sensory perception of sound	7	52	0.0909	0.0015	61.39	10.64
3	77	magnesium ion binding	16	681	0.2078	0.0194	10.72	11.81
3	77	developmental process	22	177	0.2857	0.005	56.69	32.23
3	77	cholesterol-5,6-oxide hydrolase activity	4	149	0.0519	0.0042	12.24	3.48
3	77	cholesterol biosynthetic process	4	2414	0.0519	0.0687	0.76	0.11
3	77	lipid droplet	14	1587	0.1818	0.0452	4.02	5.09
3	77	nuclear membrane	9	43	0.1169	0.0012	95.46	15.42
3	77	triglyceride catabolic process	14	1003	0.1818	0.0286	6.37	7.46
3	77	cytoplasmic vesicle	4	26	0.0519	0.0007	70.16	6.51
3	77	triacylglycerol lipase activity	11	2063	0.1429	0.0587	2.43	2.28
3	77	multicellular organism growth	1	17	0.013	0.0005	26.83	1.44
3	77	steroid Delta-isomerase activity	4	39	0.0519	0.0011	46.78	5.78
3	77	dendrite	15	1498	0.1948	0.0427	4.57	6.11
3	77	cholesterol biosynthetic process via lathosterol	4	269	0.0519	0.0077	6.78	2.53
3	77	prostaglandin transmembrane transporter activity	10	438	0.1299	0.0125	10.41	7.37
3	77	ergosterol biosynthetic process	2	396	0.026	0.0113	2.3	0.67
3	77	cholesterol homeostasis	5	1948	0.0649	0.0555	1.17	0.37
3	77	monoacylglycerol lipase activity	14	1012	0.1818	0.0288	6.31	7.41
3	77	sterol ester esterase activity	11	2104	0.1429	0.0599	2.38	2.22
3	77	oxysterol binding	7	423	0.0909	0.012	7.55	4.39
3	77	sterol biosynthetic process	3	80	0.039	0.0023	17.1	3.13
3	77	apical plasma membrane	10	5067	0.1299	0.1443	0.9	0.16
3	77	cholesterol binding	5	1642	0.0649	0.0468	1.39	0.54
3	77	catecholamine catabolic process	19	175	0.2468	0.005	49.52	26.59
3	77	nuclear envelope	4	191	0.0519	0.0054	9.55	3.07
3	77	caveola	14	1185	0.1818	0.0337	5.39	6.58
3	77	axon	15	485	0.1948	0.0138	14.11	12.78
3	77	basolateral plasma membrane	10	3332	0.1299	0.0949	1.37	0.72
3	77	dopamine metabolic process	18	173	0.2338	0.0049	47.45	24.82
3	77	monoatomic ion transport	10	380	0.1299	0.0108	12.0	7.95
3	77	dopamine catabolic process	4	28	0.0519	0.0008	65.15	6.38
3	77	catechol O-methyltransferase activity	23	192	0.2987	0.0055	54.63	33.35
3	77	cholesterol metabolic process	24	6083	0.3117	0.1732	1.8	2.68
3	77	lysosomal protein catabolic process	2	69	0.026	0.002	13.22	1.99
3	77	methylation	23	978	0.2987	0.0278	10.73	17.11
3	77	endomembrane system	2	50	0.026	0.0014	18.24	2.27
3	77	cholesterol biosynthetic process via desmosterol	4	288	0.0519	0.0082	6.33	2.43
4	558	steroid biosynthetic process	5	557	0.009	0.0159	0.56	0.03
4	558	steroid metabolic process	4	321	0.0072	0.0091	0.78	0.12
4	558	sterol 14-demethylase activity	514	2241	0.9211	0.0638	14.43	300.0
4	558	negative regulation of protein catabolic process	19	23	0.0341	0.0007	51.99	30.39
4	558	cholesterol biosynthetic process	426	2414	0.7634	0.0687	11.11	300.0
4	558	sterol metabolic process	1	603	0.0018	0.0172	0.1	0.0
4	558	negative regulation of protein secretion	19	21	0.0341	0.0006	56.94	32.0
4	558	negative regulation of amyloid-beta clearance	19	21	0.0341	0.0006	56.94	32.0
4	558	methyltransferase activity	33	767	0.0591	0.0218	2.71	6.5
4	558	small molecule biosynthetic process	25	35	0.0448	0.001	44.95	37.01
4	558	response to insulin	2	16	0.0036	0.0005	7.87	1.58
4	558	cholesterol biosynthetic process via 24,25-dihydrolanosterol	16	21	0.0287	0.0006	47.95	24.6
4	558	acrosomal vesicle	2	49	0.0036	0.0014	2.57	0.74
4	558	regulation of cholesterol biosynthetic process	1	17	0.0018	0.0005	3.7	0.62
4	558	cholesterol metabolic process	69	6083	0.1237	0.1732	0.71	0.0
4	558	oxidoreductase activity, acting on paired donors, with incorporation or reduction of molecular oxygen, reduced flavin or flavoprotein as one donor, and incorporation of one atom of oxygen	1	92	0.0018	0.0026	0.68	0.11
4	558	methylation	33	978	0.0591	0.0278	2.12	4.3
4	558	heme binding	514	5655	0.9211	0.161	5.72	300.0
4	558	spermatogenesis	2	26	0.0036	0.0007	4.84	1.2
5	1050	efflux transmembrane transporter activity	5	941	0.0048	0.0268	0.18	0.0
5	1050	ADP binding	1	24	0.001	0.0007	1.39	0.29
5	1050	sarcolemma	1	81	0.001	0.0023	0.41	0.04
5	1050	positive regulation of insulin secretion involved in cellular response to glucose stimulus	1	96	0.001	0.0027	0.35	0.02
5	1050	platelet dense granule membrane	2	74	0.0019	0.0021	0.9	0.18
5	1050	leukotriene transport	7	271	0.0067	0.0077	0.86	0.15
5	1050	cAMP transport	4	76	0.0038	0.0022	1.76	0.72
5	1050	ABC-type bile acid transporter activity	2	167	0.0019	0.0048	0.4	0.02
5	1050	recycling endosome membrane	324	1550	0.3086	0.0441	6.99	185.41
5	1050	ABC-type glutathione S-conjugate transporter activity	935	2783	0.8905	0.0792	11.24	300.0
5	1050	early endosome membrane	324	384	0.3086	0.0109	28.22	300.0
5	1050	chloride channel complex	324	380	0.3086	0.0108	28.52	300.0
5	1050	Golgi lumen	27	27	0.0257	0.0008	33.44	41.3
5	1050	prostaglandin transmembrane transporter activity	2	438	0.0019	0.0125	0.15	0.0
5	1050	transmembrane transport	7	127	0.0067	0.0036	1.84	1.06
5	1050	ABC-type xenobiotic transporter activity	935	3551	0.8905	0.1011	8.81	300.0
5	1050	guanine nucleotide transmembrane transporter activity	2	74	0.0019	0.0021	0.9	0.18
5	1050	protein-containing complex binding	1	246	0.001	0.007	0.14	0.0
5	1050	apical plasma membrane	933	5067	0.8886	0.1443	6.16	300.0
5	1050	urate transmembrane transporter activity	2	97	0.0019	0.0028	0.69	0.1
5	1050	transmembrane transporter binding	2	211	0.0019	0.006	0.32	0.01
5	1050	lipid transport	892	4600	0.8495	0.131	6.49	300.0
5	1050	glutathione transmembrane transporter activity	4	789	0.0038	0.0225	0.17	0.0
5	1050	basolateral plasma membrane	935	3332	0.8905	0.0949	9.39	300.0
5	1050	endosome membrane	27	33	0.0257	0.0009	27.36	35.33
5	1050	ABC-type transporter activity	8	245	0.0076	0.007	1.09	0.35
5	1050	export across plasma membrane	4	162	0.0038	0.0046	0.83	0.14
5	1050	endomembrane system	1	50	0.001	0.0014	0.67	0.11
5	1050	intracellularly ATP-gated chloride channel activity	324	380	0.3086	0.0108	28.52	300.0
6	271	magnesium ion binding	1	681	0.0037	0.0194	0.19	0.0
6	271	malonyl-CoA catabolic process	1	134	0.0037	0.0038	0.97	0.19
6	271	butyryl-CoA catabolic process	1	134	0.0037	0.0038	0.97	0.19
6	271	medium-chain fatty-acyl-CoA catabolic process	1	134	0.0037	0.0038	0.97	0.19
6	271	propionyl-CoA metabolic process	1	68	0.0037	0.0019	1.91	0.39
6	271	succinyl-CoA catabolic process	1	134	0.0037	0.0038	0.97	0.19
6	271	coenzyme A diphosphatase activity	241	1023	0.8893	0.0291	30.53	300.0
6	271	coenzyme A catabolic process	1	635	0.0037	0.0181	0.2	0.0
6	271	peroxisome	1	1627	0.0037	0.0463	0.08	0.0
7	763	steroid metabolic process	1	321	0.0013	0.0091	0.14	0.0
7	763	sterol 14-demethylase activity	17	2241	0.0223	0.0638	0.35	0.0
7	763	11-beta-hydroxysteroid dehydrogenase (NADP+) activity	110	947	0.1442	0.027	5.35	46.97
7	763	steroid binding	108	1674	0.1415	0.0477	2.97	23.47
7	763	negative regulation of protein catabolic process	1	23	0.0013	0.0007	2.0	0.4
7	763	cholesterol biosynthetic process	17	2414	0.0223	0.0687	0.32	0.0
7	763	regulation of DNA-templated transcription	1	26	0.0013	0.0007	1.77	0.36
7	763	negative regulation of protein secretion	1	21	0.0013	0.0006	2.19	0.43
7	763	brush border	17	50	0.0223	0.0014	15.65	15.64
7	763	steroid catabolic process	108	962	0.1415	0.0274	5.17	44.66
7	763	negative regulation of amyloid-beta clearance	1	21	0.0013	0.0006	2.19	0.43
7	763	carbohydrate catabolic process	565	813	0.7405	0.0232	31.99	300.0
7	763	beta-glucosidase activity	565	2348	0.7405	0.0669	11.07	300.0
7	763	lens morphogenesis in camera-type eye	17	46	0.0223	0.0013	17.01	16.36
7	763	galactosylceramidase activity	565	3865	0.7405	0.1101	6.73	300.0
7	763	7-beta-hydroxysteroid dehydrogenase (NADP+) activity	110	947	0.1442	0.027	5.35	46.97
7	763	glucosylceramidase activity	564	3857	0.7392	0.1098	6.73	300.0
7	763	heme binding	17	5655	0.0223	0.161	0.14	-0.0
8	309	steroid biosynthetic process	46	557	0.1489	0.0159	9.39	29.98
8	309	regulation of lipid metabolic process	1	70	0.0032	0.002	1.62	0.34
8	309	cellular response to cholesterol	1	173	0.0032	0.0049	0.66	0.11
8	309	androgen biosynthetic process	1	155	0.0032	0.0044	0.73	0.13
8	309	central nervous system neuron development	60	72	0.1942	0.0021	94.71	112.83
8	309	lanosterol synthase activity	11	15	0.0356	0.0004	83.34	19.57
8	309	DNA-templated transcription	62	681	0.2006	0.0194	10.35	43.25
8	309	progesterone metabolic process	36	906	0.1165	0.0258	4.52	13.23
8	309	cholesterol biosynthetic process	5	2414	0.0162	0.0687	0.24	0.0
8	309	lipid droplet	14	1587	0.0453	0.0452	1.0	0.27
8	309	sterol metabolic process	2	603	0.0065	0.0172	0.38	0.01
8	309	glutathione metabolic process	1	19	0.0032	0.0005	5.98	0.81
8	309	negative regulation of transcription by RNA polymerase II	1	416	0.0032	0.0118	0.27	0.01
8	309	cholesterol biosynthetic process via lathosterol	3	269	0.0097	0.0077	1.27	0.37
8	309	glycoside catabolic process	60	73	0.1942	0.0021	93.41	112.08
8	309	promoter-specific chromatin binding	61	163	0.1974	0.0046	42.53	82.82
8	309	regulation of protein stability	3	78	0.0097	0.0022	4.37	1.5
8	309	glycolipid biosynthetic process	60	144	0.1942	0.0041	47.35	84.93
8	309	zymosterol biosynthetic process	3	201	0.0097	0.0057	1.7	0.58
8	309	regulation of actin filament polymerization	60	72	0.1942	0.0021	94.71	112.83
8	309	ergosterol biosynthetic process	5	396	0.0162	0.0113	1.43	0.57
8	309	cholesterol homeostasis	1	1948	0.0032	0.0555	0.06	0.0
8	309	protein-containing complex binding	61	246	0.1974	0.007	28.18	70.08
8	309	central nervous system development	98	1381	0.3172	0.0393	8.06	60.07
8	309	glucosylceramide catabolic process	158	3041	0.5113	0.0866	5.9	83.5
8	309	sterol biosynthetic process	1	80	0.0032	0.0023	1.42	0.29
8	309	glycosyltransferase activity	98	704	0.3172	0.02	15.82	88.48
8	309	cholesterol binding	61	1642	0.1974	0.0468	4.22	21.08
8	309	RNA polymerase II transcription regulator complex	1	100	0.0032	0.0028	1.14	0.23
8	309	positive regulation of transcription by RNA polymerase II	1	282	0.0032	0.008	0.4	0.04
8	309	steroid 17-alpha-monooxygenase activity	45	846	0.1456	0.0241	6.05	21.41
8	309	DNA-binding transcription factor activity, RNA polymerase II-specific	6	18	0.0194	0.0005	37.88	8.12
8	309	lyase activity	45	326	0.1456	0.0093	15.69	39.22
8	309	DNA-binding transcription repressor activity, RNA polymerase II-specific	1	87	0.0032	0.0025	1.31	0.27
8	309	centriole	1	76	0.0032	0.0022	1.5	0.31
8	309	protein-containing complex	61	462	0.1974	0.0132	15.01	52.31
8	309	chromatin binding	1	237	0.0032	0.0067	0.48	0.06
8	309	protein domain specific binding	61	91	0.1974	0.0026	76.18	104.21
8	309	regulation of microtubule polymerization	60	72	0.1942	0.0021	94.71	112.83
8	309	hormone metabolic process	3	125	0.0097	0.0036	2.73	1.01
8	309	steryl-beta-glucosidase activity	108	640	0.3495	0.0182	19.18	107.74
8	309	beta-glucosidase activity	62	2348	0.2006	0.0669	3.0	14.26
8	309	RNA polymerase II cis-regulatory region sequence-specific DNA binding	62	466	0.2006	0.0133	15.12	53.41
8	309	triterpenoid biosynthetic process	11	15	0.0356	0.0004	83.34	19.57
8	309	galactosylceramidase activity	158	3865	0.5113	0.1101	4.65	68.36
8	309	axon	1	485	0.0032	0.0138	0.23	0.01
8	309	regulation of membrane lipid distribution	60	72	0.1942	0.0021	94.71	112.83
8	309	lipid binding	1	1476	0.0032	0.042	0.08	0.0
8	309	cortisol biosynthetic process	3	105	0.0097	0.003	3.25	1.18
8	309	regulation of gene expression	1	1316	0.0032	0.0375	0.09	0.0
8	309	neuronal cell body	1	162	0.0032	0.0046	0.7	0.12
8	309	regulation of transcription by RNA polymerase II	6	97	0.0194	0.0028	7.03	3.65
8	309	glucosyltransferase activity	60	1332	0.1942	0.0379	5.12	24.95
8	309	cholesterol metabolic process	220	6083	0.712	0.1732	4.11	96.76
8	309	DNA-binding transcription activator activity, RNA polymerase II-specific	61	483	0.1974	0.0138	14.35	51.12
8	309	hormone biosynthetic process	35	713	0.1133	0.0203	5.58	15.59
8	309	protein heterodimerization activity	1	308	0.0032	0.0088	0.37	0.03
8	309	glucosylceramidase activity	158	3857	0.5113	0.1098	4.66	68.48
8	309	carbohydrate metabolic process	158	798	0.5113	0.0227	22.5	176.33
8	309	heme binding	45	5655	0.1456	0.161	0.9	0.1
8	309	regulation of glucose metabolic process	1	103	0.0032	0.0029	1.1	0.22
8	309	bile acid metabolic process	60	229	0.1942	0.0065	29.78	70.51
8	309	cholesterol biosynthetic process via desmosterol	3	288	0.0097	0.0082	1.18	0.33
9	362	positive regulation of bile acid secretion	65	80	0.1796	0.0023	78.82	116.01
9	362	phospholipid homeostasis	65	762	0.1796	0.0217	8.27	39.14
9	362	bile acid and bile salt transport	4	143	0.011	0.0041	2.71	1.21
9	362	intercellular canaliculus	64	147	0.1768	0.0042	42.23	87.47
9	362	bile acid transmembrane transporter activity	237	1093	0.6547	0.0311	21.03	270.18
9	362	canalicular bile acid transmembrane transporter activity	80	108	0.221	0.0031	71.86	137.32
9	362	recycling endosome	4	268	0.011	0.0076	1.45	0.52
9	362	ABC-type bile acid transporter activity	69	167	0.1906	0.0048	40.08	92.45
9	362	recycling endosome membrane	313	1550	0.8646	0.0441	19.59	300.0
9	362	protein ubiquitination	67	83	0.1851	0.0024	78.31	119.26
9	362	xenobiotic metabolic process	67	499	0.1851	0.0142	13.03	53.3
9	362	xenobiotic transmembrane transport	67	187	0.1851	0.0053	34.76	84.59
9	362	regulation of fatty acid beta-oxidation	65	80	0.1796	0.0023	78.82	116.01
9	362	xenobiotic export from cell	67	160	0.1851	0.0046	40.62	90.21
9	362	transmembrane transport	11	127	0.0304	0.0036	8.4	7.04
9	362	ABC-type xenobiotic transporter activity	67	3551	0.1851	0.1011	1.83	6.07
9	362	cholesterol homeostasis	65	1948	0.1796	0.0555	3.24	16.36
9	362	response to xenobiotic stimulus	5	98	0.0138	0.0028	4.95	2.45
9	362	apical plasma membrane	313	5067	0.8646	0.1443	5.99	208.83
9	362	ABC-type oligopeptide transporter activity	292	1132	0.8066	0.0322	25.02	300.0
9	362	fatty acid metabolic process	65	1010	0.1796	0.0288	6.24	31.81
9	362	canalicular bile acid transport	245	1083	0.6768	0.0308	21.95	286.46
9	362	oligopeptide export from mitochondrion	292	1132	0.8066	0.0322	25.02	300.0
9	362	endosome	4	134	0.011	0.0038	2.9	1.3
9	362	bile acid biosynthetic process	1	520	0.0028	0.0148	0.19	0.0
9	362	ABC-type transporter activity	8	245	0.0221	0.007	3.17	2.39
9	362	apical part of cell	1	104	0.0028	0.003	0.93	0.18
9	362	bile acid metabolic process	67	229	0.1851	0.0065	28.38	77.63
10	429	vitamin D metabolic process	2	67	0.0047	0.0019	2.44	0.7
10	429	steroid biosynthetic process	7	557	0.0163	0.0159	1.03	0.28
10	429	steroid metabolic process	5	321	0.0117	0.0091	1.28	0.45
10	429	G protein-coupled receptor activity	1	338	0.0023	0.0096	0.24	0.01
10	429	intracellular cholesterol transport	5	57	0.0117	0.0016	7.18	3.18
10	429	presynapse	119	1207	0.2774	0.0344	8.07	72.31
10	429	cholesterol efflux	87	528	0.2028	0.015	13.49	71.04
10	429	cellular response to peptide hormone stimulus	157	269	0.366	0.0077	47.78	236.81
10	429	establishment of protein localization to membrane	86	86	0.2005	0.0024	81.86	168.45
10	429	response to steroid hormone	2	23	0.0047	0.0007	7.12	1.5
10	429	virus receptor activity	1	71	0.0023	0.002	1.15	0.23
10	429	steroid binding	2	1674	0.0047	0.0477	0.1	0.0
10	429	cholesterol biosynthetic process	3	2414	0.007	0.0687	0.1	0.0
10	429	sterol metabolic process	8	603	0.0186	0.0172	1.09	0.34
10	429	membrane raft organization	86	86	0.2005	0.0024	81.86	168.45
10	429	aldosterone biosynthetic process	18	18	0.042	0.0005	81.86	34.59
10	429	corticosterone 18-monooxygenase activity	18	18	0.042	0.0005	81.86	34.59
10	429	cytoplasmic vesicle	3	26	0.007	0.0007	9.45	2.42
10	429	steroid 11-beta-monooxygenase activity	20	20	0.0466	0.0006	81.86	38.45
10	429	cellular response to transforming growth factor beta stimulus	1	92	0.0023	0.0026	0.89	0.17
10	429	cytoplasmic side of lysosomal membrane	86	86	0.2005	0.0024	81.86	168.45
10	429	steroid hydroxylase activity	7	153	0.0163	0.0044	3.75	2.55
10	429	dendrite	122	1498	0.2844	0.0427	6.67	64.71
10	429	cortisol metabolic process	157	192	0.366	0.0055	66.94	276.11
10	429	intestinal cholesterol absorption	104	188	0.2424	0.0054	45.28	150.25
10	429	response to estrogen	1	109	0.0023	0.0031	0.75	0.13
10	429	negative regulation of TORC1 signaling	87	88	0.2028	0.0025	80.93	168.52
10	429	vitamin transport	3	78	0.007	0.0022	3.15	1.15
10	429	cell projection	4	69	0.0093	0.002	4.75	1.99
10	429	C21-steroid hormone metabolic process	2	89	0.0047	0.0025	1.84	0.53
10	429	liver development	2	31	0.0047	0.0009	5.28	1.26
10	429	cholesterol 24-hydroxylase activity	119	1202	0.2774	0.0342	8.1	72.51
10	429	cholesterol homeostasis	112	1948	0.2611	0.0555	4.71	43.76
10	429	brush border	1	50	0.0023	0.0014	1.64	0.34
10	429	cilium	5	219	0.0117	0.0062	1.87	0.88
10	429	male gonad development	1	40	0.0023	0.0011	2.05	0.41
10	429	lipid transporter activity	23	87	0.0536	0.0025	21.64	23.76
10	429	cholesterol transport	30	68	0.0699	0.0019	36.11	38.77
10	429	central nervous system development	7	1381	0.0163	0.0393	0.41	0.0
10	429	cellular response to lipopolysaccharide	1	101	0.0023	0.0029	0.81	0.15
10	429	response to xenobiotic stimulus	7	98	0.0163	0.0028	5.85	3.69
10	429	cholesterol import	2	80	0.0047	0.0023	2.05	0.59
10	429	nucleolus	4	165	0.0093	0.0047	1.98	0.84
10	429	cholesterol transfer activity	87	937	0.2028	0.0267	7.6	49.66
10	429	steroid catabolic process	1	962	0.0023	0.0274	0.09	0.0
10	429	ciliary membrane	3	77	0.007	0.0022	3.19	1.17
10	429	apical plasma membrane	8	5067	0.0186	0.1443	0.13	-0.0
10	429	cholesterol binding	111	1642	0.2587	0.0468	5.53	50.2
10	429	postsynapse	119	1209	0.2774	0.0344	8.06	72.23
10	429	transmembrane transporter activity	1	79	0.0023	0.0022	1.04	0.21
10	429	microvillus	5	42	0.0117	0.0012	9.74	3.81
10	429	negative regulation of pinocytosis	3	68	0.007	0.0019	3.61	1.3
10	429	chordate embryonic development	3	46	0.007	0.0013	5.34	1.73
10	429	cellular response to tumor necrosis factor	1	149	0.0023	0.0042	0.55	0.08
10	429	nuclear envelope	88	191	0.2051	0.0054	37.71	116.9
10	429	small GTPase binding	3	70	0.007	0.002	3.51	1.26
10	429	blood circulation	3	51	0.007	0.0015	4.82	1.61
10	429	midgut development	3	77	0.007	0.0022	3.19	1.17
10	429	mineralocorticoid biosynthetic process	6	59	0.014	0.0017	8.32	4.08
10	429	response to insulin	2	16	0.0047	0.0005	10.23	1.8
10	429	sterol transport	19	52	0.0443	0.0015	29.91	22.8
10	429	symbiont entry into host cell	86	86	0.2005	0.0024	81.86	168.45
10	429	response to peptide hormone	7	16	0.0163	0.0005	35.81	9.4
10	429	endoplasmic reticulum-Golgi intermediate compartment	2	76	0.0047	0.0022	2.15	0.62
10	429	lipid transport	3	4600	0.007	0.131	0.05	-0.0
10	429	lysosomal transport	3	15	0.007	0.0004	16.37	3.13
10	429	C21-steroid hormone biosynthetic process	153	194	0.3566	0.0055	64.56	263.88
10	429	autophagy	3	1314	0.007	0.0374	0.19	0.0
10	429	cellular response to steroid hormone stimulus	2	172	0.0047	0.0049	0.95	0.21
10	429	late endosome membrane	88	205	0.2051	0.0058	35.14	113.4
10	429	glucocorticoid biosynthetic process	157	215	0.366	0.0061	59.78	261.43
10	429	cortisol biosynthetic process	11	105	0.0256	0.003	8.58	7.15
10	429	basolateral plasma membrane	3	3332	0.007	0.0949	0.07	0.0
10	429	vitamin D3 25-hydroxylase activity	4	18	0.0093	0.0005	18.19	4.23
10	429	lysosomal membrane	5	2454	0.0117	0.0699	0.17	0.0
10	429	lipoprotein metabolic process	3	215	0.007	0.0061	1.14	0.31
10	429	gene expression	86	124	0.2005	0.0035	56.77	136.54
10	429	lysosome to ER cholesterol transport	86	92	0.2005	0.0026	76.52	159.62
10	429	Hsp70 protein binding	3	16	0.007	0.0005	15.35	3.05
10	429	cholesterol metabolic process	269	6083	0.627	0.1732	3.62	97.98
10	429	hippocampus development	1	15	0.0023	0.0004	5.46	0.77
10	429	sterol binding	1	52	0.0023	0.0015	1.57	0.33
10	429	cytoplasmic vesicle membrane	1	260	0.0023	0.0074	0.31	0.02
10	429	endosome	2	134	0.0047	0.0038	1.22	0.31
10	429	cholesterol monooxygenase (side-chain-cleaving) activity	146	176	0.3403	0.005	67.9	257.66
10	429	endocytosis	2	19	0.0047	0.0005	8.62	1.65
10	429	bile acid biosynthetic process	4	520	0.0093	0.0148	0.63	0.06
10	429	carbohydrate metabolic process	1	798	0.0023	0.0227	0.1	0.0
10	429	lipid metabolic process	3	1633	0.007	0.0465	0.15	0.0
10	429	heme binding	288	5655	0.6713	0.161	4.17	124.76
10	429	response to nutrient	3	26	0.007	0.0007	9.45	2.42
10	429	cellular response to low-density lipoprotein particle stimulus	2	70	0.0047	0.002	2.34	0.68
10	429	glycoprotein biosynthetic process	86	86	0.2005	0.0024	81.86	168.45
10	429	cholesterol catabolic process	123	1254	0.2867	0.0357	8.03	74.69
10	429	membrane raft	88	245	0.2051	0.007	29.4	104.93
10	429	response to hypoxia	3	20	0.007	0.0006	12.28	2.75
10	429	protein homodimerization activity	3	390	0.007	0.0111	0.63	0.07
10	429	spermatogenesis	1	26	0.0023	0.0007	3.15	0.56
10	429	late endosome	1	102	0.0023	0.0029	0.8	0.15
10	429	cholesterol storage	5	84	0.0117	0.0024	4.87	2.43
10	429	bile acid metabolic process	5	229	0.0117	0.0065	1.79	0.82
10	429	endomembrane system	19	50	0.0443	0.0014	31.11	23.19
10	429	mitochondrial membrane	7	1052	0.0163	0.03	0.54	0.01
10	429	brush border membrane	2	31	0.0047	0.0009	5.28	1.26
11	345	nuclear receptor activity	4	205	0.0116	0.0058	1.99	0.84
11	345	response to steroid hormone	1	23	0.0029	0.0007	4.43	0.69
11	345	DNA-templated transcription	9	681	0.0261	0.0194	1.35	0.64
11	345	signal transduction	4	91	0.0116	0.0026	4.47	1.9
11	345	steroid binding	7	1674	0.0203	0.0477	0.43	0.0
11	345	nuclear receptor-mediated steroid hormone signaling pathway	4	50	0.0116	0.0014	8.14	2.83
11	345	steroid hormone binding	2	392	0.0058	0.0112	0.52	0.05
11	345	TBP-class protein binding	4	167	0.0116	0.0048	2.44	1.08
11	345	angiotensin-activated signaling pathway	2	66	0.0058	0.0019	3.08	0.86
11	345	sequence-specific double-stranded DNA binding	4	17	0.0116	0.0005	23.95	4.71
11	345	transcription coactivator binding	2	297	0.0058	0.0085	0.69	0.1
11	345	response to alcohol	1	17	0.0029	0.0005	5.99	0.81
11	345	positive regulation of gene expression	1	432	0.0029	0.0123	0.24	0.01
11	345	protein-containing complex binding	2	246	0.0058	0.007	0.83	0.16
11	345	central nervous system development	267	1381	0.7739	0.0393	19.68	300.0
11	345	glucosylceramide catabolic process	281	3041	0.8145	0.0866	9.41	235.55
11	345	glycosyltransferase activity	269	704	0.7797	0.02	38.89	300.0
11	345	positive regulation of transcription by RNA polymerase II	2	282	0.0058	0.008	0.72	0.12
11	345	DNA-binding transcription factor activity, RNA polymerase II-specific	1	18	0.0029	0.0005	5.65	0.79
11	345	sequence-specific DNA binding	6	90	0.0174	0.0026	6.79	3.57
11	345	intracellular sodium ion homeostasis	2	151	0.0058	0.0043	1.35	0.36
11	345	steryl-beta-glucosidase activity	69	640	0.2	0.0182	10.97	49.88
11	345	beta-glucosidase activity	203	2348	0.5884	0.0669	8.8	145.9
11	345	galactosylceramidase activity	281	3865	0.8145	0.1101	7.4	205.75
11	345	nuclear steroid receptor activity	7	177	0.0203	0.005	4.03	2.72
11	345	regulation of transcription by RNA polymerase II	4	97	0.0116	0.0028	4.2	1.81
11	345	lysosomal membrane	12	2454	0.0348	0.0699	0.5	0.0
11	345	DNA-binding transcription factor activity	5	45	0.0145	0.0013	11.31	4.1
11	345	receptor complex	4	191	0.0116	0.0054	2.13	0.92
11	345	estrogen response element binding	4	153	0.0116	0.0044	2.66	1.19
11	345	cholesterol metabolic process	281	6083	0.8145	0.1732	4.7	150.76
11	345	chromatin	4	207	0.0116	0.0059	1.97	0.83
11	345	glucosylceramidase activity	281	3857	0.8145	0.1098	7.42	206.0
11	345	nuclear cortisol receptor activity	1	49	0.0029	0.0014	2.08	0.42
11	345	basolateral part of cell	1	49	0.0029	0.0014	2.08	0.42
11	345	carbohydrate metabolic process	268	798	0.7768	0.0227	34.18	300.0
11	345	core promoter sequence-specific DNA binding	1	141	0.0029	0.004	0.72	0.12
11	345	regulation of cell population proliferation	2	413	0.0058	0.0118	0.49	0.04
12	536	cellular response to cholesterol	1	173	0.0019	0.0049	0.38	0.03
12	536	regulation of protein catabolic process	1	1256	0.0019	0.0358	0.05	0.0
12	536	acetyl-CoA C-myristoyltransferase activity	1	1462	0.0019	0.0416	0.04	0.0
12	536	lysosome organization	1	1281	0.0019	0.0365	0.05	0.0
12	536	DNA-templated transcription	1	681	0.0019	0.0194	0.1	0.0
12	536	cholinesterase activity	12	48	0.0224	0.0014	16.38	11.22
12	536	cholesterol biosynthetic process	61	2414	0.1138	0.0687	1.66	4.1
12	536	lipid droplet	63	1587	0.1175	0.0452	2.6	11.27
12	536	manganese ion binding	1	476	0.0019	0.0136	0.14	0.0
12	536	triacylglycerol lipase activity	429	2063	0.8004	0.0587	13.62	300.0
12	536	regulation of TOR signaling	1	1275	0.0019	0.0363	0.05	0.0
12	536	intestinal cholesterol absorption	51	188	0.0951	0.0054	17.77	47.96
12	536	acetylesterase activity	429	1090	0.8004	0.031	25.79	300.0
12	536	acetyl-CoA C-acyltransferase activity	1	1462	0.0019	0.0416	0.04	0.0
12	536	3-beta-hydroxysteroid dehydrogenase [NAD(P)+]/C4-decarboxylase activity	60	524	0.1119	0.0149	7.5	33.46
12	536	cholesterol homeostasis	1	1948	0.0019	0.0555	0.03	0.0
12	536	symporter activity	1	26	0.0019	0.0007	2.52	0.48
12	536	regulation of macroautophagy	1	1271	0.0019	0.0362	0.05	0.0
12	536	protein-containing complex binding	1	246	0.0019	0.007	0.27	0.01
12	536	sterol ester esterase activity	432	2104	0.806	0.0599	13.45	300.0
12	536	glucosylceramide catabolic process	1	3041	0.0019	0.0866	0.02	-0.0
12	536	lipid catabolic process	417	1122	0.778	0.032	24.35	300.0
12	536	response to toxic substance	1	39	0.0019	0.0011	1.68	0.35
12	536	retinyl-palmitate esterase activity	14	123	0.0261	0.0035	7.46	8.18
12	536	pancreatic juice secretion	58	89	0.1082	0.0025	42.7	82.97
12	536	protein-containing complex	1	462	0.0019	0.0132	0.14	0.0
12	536	ceramide catabolic process	12	21	0.0224	0.0006	37.44	16.44
12	536	regulation of membrane potential	1	1212	0.0019	0.0345	0.05	0.0
12	536	beta-glucosidase activity	1	2348	0.0019	0.0669	0.03	0.0
12	536	galactosylceramidase activity	1	3865	0.0019	0.1101	0.02	-0.0
12	536	lipid transport	1	4600	0.0019	0.131	0.01	-0.0
12	536	negative regulation of macromolecule metabolic process	1	1208	0.0019	0.0344	0.05	0.0
12	536	autophagy	1	1314	0.0019	0.0374	0.05	0.0
12	536	protein catabolic process	1	1210	0.0019	0.0345	0.05	0.0
12	536	lipid binding	1	1476	0.0019	0.042	0.04	0.0
12	536	epithelial cell differentiation	1	96	0.0019	0.0027	0.68	0.11
12	536	glucosyltransferase activity	1	1332	0.0019	0.0379	0.05	0.0
12	536	lysosomal membrane	2	2454	0.0037	0.0699	0.05	0.0
12	536	cholesterol metabolic process	4	6083	0.0075	0.1732	0.04	-0.0
12	536	endoplasmic reticulum lumen	3	52	0.0056	0.0015	3.78	1.35
12	536	signaling receptor binding	1	1444	0.0019	0.0411	0.05	0.0
12	536	reverse cholesterol transport	3	776	0.0056	0.0221	0.25	0.0
12	536	positive regulation of cholesterol metabolic process	3	80	0.0056	0.0023	2.46	0.91
12	536	glucosylceramidase activity	1	3857	0.0019	0.1098	0.02	-0.0
12	536	lipid metabolic process	1	1633	0.0019	0.0465	0.04	0.0
12	536	positive regulation of cholesterol efflux	3	245	0.0056	0.007	0.8	0.14
12	536	cellular response to low-density lipoprotein particle stimulus	1	70	0.0019	0.002	0.94	0.18
13	423	acetyl-CoA C-myristoyltransferase activity	351	1462	0.8298	0.0416	19.93	300.0
13	423	(3S)-3-hydroxyacyl-CoA dehydrogenase (NAD+) activity	3	975	0.0071	0.0278	0.26	0.0
13	423	acyl-CoA metabolic process	4	585	0.0095	0.0167	0.57	0.03
13	423	fatty acid beta-oxidation	1	279	0.0024	0.0079	0.3	0.01
13	423	acetyl-CoA C-acyltransferase activity	352	1462	0.8322	0.0416	19.99	300.0
13	423	androgen metabolic process	2	1056	0.0047	0.0301	0.16	0.0
13	423	propanoyl-CoA C-acyltransferase activity	11	17	0.026	0.0005	53.72	17.1
13	423	lipid catabolic process	1	1122	0.0024	0.032	0.07	0.0
13	423	phospholipid transport	1	35	0.0024	0.001	2.37	0.46
13	423	UDP-glycosyltransferase activity	5	21	0.0118	0.0006	19.77	5.37
13	423	lyase activity	2	326	0.0047	0.0093	0.51	0.04
13	423	fatty acid biosynthetic process	2	807	0.0047	0.023	0.21	0.0
13	423	fatty acid metabolic process	2	1010	0.0047	0.0288	0.16	0.0
13	423	lipid transport	351	4600	0.8298	0.131	6.33	236.58
13	423	acyltransferase activity	5	16	0.0118	0.0005	25.94	6.01
13	423	lipid binding	352	1476	0.8322	0.042	19.8	300.0
13	423	bile acid catabolic process	1	21	0.0024	0.0006	3.95	0.65
13	423	peroxisome	324	1627	0.766	0.0463	16.53	300.0
13	423	testosterone dehydrogenase (NAD+) activity	2	1038	0.0047	0.0296	0.16	0.0
13	423	estradiol 17-beta-dehydrogenase [NAD(P)+] activity	5	2847	0.0118	0.0811	0.15	0.0
13	423	phospholipid transporter activity	1	596	0.0024	0.017	0.14	0.0
13	423	lipid metabolic process	348	1633	0.8227	0.0465	17.69	300.0
13	423	cholesterol catabolic process	2	1254	0.0047	0.0357	0.13	0.0
13	423	androstan-3-alpha,17-beta-diol dehydrogenase (NAD+) activity	3	943	0.0071	0.0269	0.26	0.0
13	423	estrogen metabolic process	4	1660	0.0095	0.0473	0.2	0.0
13	423	very long-chain fatty acid metabolic process	4	15	0.0095	0.0004	22.14	4.59
14	698	3-beta-hydroxysteroid 3-dehydrogenase (NADP+) activity	91	895	0.1304	0.0255	5.12	37.14
14	698	nuclear receptor activity	2	205	0.0029	0.0058	0.49	0.04
14	698	positive regulation of cell population proliferation	2	218	0.0029	0.0062	0.46	0.03
14	698	bile acid and bile salt transport	2	143	0.0029	0.0041	0.7	0.11
14	698	female gonad development	7	47	0.01	0.0013	7.49	4.43
14	698	peroxisome fission	81	81	0.116	0.0023	50.31	139.89
14	698	dicarboxylic acid catabolic process	81	81	0.116	0.0023	50.31	139.89
14	698	DNA-templated transcription	10	681	0.0143	0.0194	0.74	0.06
14	698	negative regulation of apoptotic process	2	225	0.0029	0.0064	0.45	0.03
14	698	acyl-CoA metabolic process	563	585	0.8066	0.0167	48.42	300.0
14	698	negative regulation of gene expression	9	363	0.0129	0.0103	1.25	0.53
14	698	enzyme binding	2	350	0.0029	0.01	0.29	0.0
14	698	steroid binding	9	1674	0.0129	0.0477	0.27	0.0
14	698	nuclear receptor-mediated steroid hormone signaling pathway	2	50	0.0029	0.0014	2.01	0.58
14	698	cholesterol biosynthetic process	86	2414	0.1232	0.0687	1.79	6.95
14	698	acetoacetyl-CoA hydrolase activity	563	569	0.8066	0.0162	49.78	300.0
14	698	dendrite	2	1498	0.0029	0.0427	0.07	0.0
14	698	cholesterol biosynthetic process via lathosterol	5	269	0.0072	0.0077	0.94	0.21
14	698	medium-chain fatty acyl-CoA hydrolase activity	81	84	0.116	0.0024	48.51	134.94
14	698	ATPase binding	9	285	0.0129	0.0081	1.59	0.93
14	698	long-chain fatty acyl-CoA hydrolase activity	81	84	0.116	0.0024	48.51	134.94
14	698	regulation of DNA-templated transcription	2	26	0.0029	0.0007	3.87	1.03
14	698	response to estrogen	1	109	0.0014	0.0031	0.46	0.05
14	698	zymosterol biosynthetic process	5	201	0.0072	0.0057	1.25	0.43
14	698	5-alpha-androstane-3-beta,17-beta-diol dehydrogenase (NADP+) activity	91	1008	0.1304	0.0287	4.54	33.07
14	698	transcription coactivator binding	9	297	0.0129	0.0085	1.52	0.85
14	698	acetyl-CoA hydrolase activity	563	569	0.8066	0.0162	49.78	300.0
14	698	maintenance of protein location in nucleus	9	66	0.0129	0.0019	6.86	5.21
14	698	androgen metabolic process	5	1056	0.0072	0.0301	0.24	0.0
14	698	regulation of epithelial cell proliferation	2	16	0.0029	0.0005	6.29	1.4
14	698	brain development	5	209	0.0072	0.006	1.2	0.4
14	698	symporter activity	1	26	0.0014	0.0007	1.94	0.39
14	698	embryonic organ development	5	66	0.0072	0.0019	3.81	2.0
14	698	apical plasma membrane	2	5067	0.0029	0.1443	0.02	-0.0
14	698	fatty acid beta-oxidation using acyl-CoA oxidase	1	65	0.0014	0.0019	0.77	0.14
14	698	positive regulation of transcription by RNA polymerase II	2	282	0.0029	0.008	0.36	0.01
14	698	cellular response to estrogen stimulus	1	94	0.0014	0.0027	0.54	0.07
14	698	bile acid:sodium symporter activity	2	1238	0.0029	0.0353	0.08	0.0
14	698	sequence-specific DNA binding	2	90	0.0029	0.0026	1.12	0.27
14	698	calcium ion binding	1	1460	0.0014	0.0416	0.03	0.0
14	698	RNA polymerase II cis-regulatory region sequence-specific DNA binding	9	466	0.0129	0.0133	0.97	0.24
14	698	estrogen biosynthetic process	91	1149	0.1304	0.0327	3.98	28.75
14	698	fatty acid biosynthetic process	81	807	0.116	0.023	5.05	32.59
14	698	fatty acid metabolic process	8	1010	0.0115	0.0288	0.4	0.0
14	698	nuclear steroid receptor activity	9	177	0.0129	0.005	2.56	2.03
14	698	positive regulation of DNA-templated transcription	2	326	0.0029	0.0093	0.31	0.0
14	698	lipid transport	1	4600	0.0014	0.131	0.01	-0.0
14	698	axon	2	485	0.0029	0.0138	0.21	0.0
14	698	fatty acid catabolic process	554	561	0.7937	0.016	49.68	300.0
14	698	fatty acyl-CoA hydrolase activity	492	501	0.7049	0.0143	49.41	300.0
14	698	peroxisome	2	1627	0.0029	0.0463	0.06	0.0
14	698	regulation of transcription by RNA polymerase II	2	97	0.0029	0.0028	1.04	0.24
14	698	estrogen response element binding	2	153	0.0029	0.0044	0.66	0.09
14	698	succinyl-CoA hydrolase activity	563	569	0.8066	0.0162	49.78	300.0
14	698	chromatin	9	207	0.0129	0.0059	2.19	1.63
14	698	DNA-binding transcription activator activity, RNA polymerase II-specific	9	483	0.0129	0.0138	0.94	0.21
14	698	progesterone receptor signaling pathway	9	66	0.0129	0.0019	6.86	5.21
14	698	hormone binding	2	30	0.0029	0.0009	3.35	0.92
14	698	signaling receptor binding	2	1444	0.0029	0.0411	0.07	0.0
14	698	response to ketone	1	32	0.0014	0.0009	1.57	0.32
14	698	sodium ion transport	1	25	0.0014	0.0007	2.01	0.4
14	698	negative regulation of glycoprotein biosynthetic process	81	81	0.116	0.0023	50.31	139.89
14	698	choloyl-CoA hydrolase activity	563	573	0.8066	0.0163	49.43	300.0
14	698	hydroxymethylglutaryl-CoA hydrolase activity	563	569	0.8066	0.0162	49.78	300.0
14	698	bile acid biosynthetic process	1	520	0.0014	0.0148	0.1	0.0
14	698	estradiol 17-beta-dehydrogenase [NAD(P)+] activity	91	2847	0.1304	0.0811	1.61	5.32
14	698	negative regulation of DNA-templated transcription	1	80	0.0014	0.0023	0.63	0.1
14	698	carboxylic ester hydrolase activity	563	572	0.8066	0.0163	49.52	300.0
14	698	transcription cis-regulatory region binding	2	16	0.0029	0.0005	6.29	1.4
14	698	peroxisome organization	479	485	0.6862	0.0138	49.69	300.0
14	698	cholesterol biosynthetic process via desmosterol	5	288	0.0072	0.0082	0.87	0.17
14	698	peroxisomal matrix	563	1220	0.8066	0.0347	23.22	300.0
15	594	cellular response to cholesterol	2	173	0.0034	0.0049	0.68	0.1
15	594	bile acid and bile salt transport	20	143	0.0337	0.0041	8.27	12.3
15	594	bile acid transmembrane transporter activity	6	1093	0.0101	0.0311	0.32	0.0
15	594	cellular response to insulin stimulus	1	84	0.0017	0.0024	0.7	0.12
15	594	response to ethanol	3	23	0.0051	0.0007	7.71	2.18
15	594	virus receptor activity	1	71	0.0017	0.002	0.83	0.15
15	594	nervous system development	1	218	0.0017	0.0062	0.27	0.01
15	594	response to estrogen	3	109	0.0051	0.0031	1.63	0.55
15	594	negative regulation of TORC1 signaling	1	88	0.0017	0.0025	0.67	0.11
15	594	transmembrane transport	2	127	0.0034	0.0036	0.93	0.2
15	594	symporter activity	16	26	0.0269	0.0007	36.38	21.78
15	594	apical plasma membrane	9	5067	0.0152	0.1443	0.11	-0.0
15	594	cholesterol binding	4	1642	0.0067	0.0468	0.14	0.0
15	594	transmembrane transporter activity	5	79	0.0084	0.0022	3.74	1.96
15	594	tissue regeneration	1	20	0.0017	0.0006	2.96	0.54
15	594	microvillus	1	42	0.0017	0.0012	1.41	0.29
15	594	protein localization to lysosome	1	70	0.0017	0.002	0.84	0.16
15	594	bile acid:sodium symporter activity	522	1238	0.8788	0.0353	24.93	300.0
15	594	protein-containing complex	6	462	0.0101	0.0132	0.77	0.1
15	594	proton transmembrane transport	1	142	0.0017	0.004	0.42	0.04
15	594	positive regulation of TORC1 signaling	2	31	0.0034	0.0009	3.81	1.02
15	594	lipid transport	17	4600	0.0286	0.131	0.22	-0.0
15	594	basolateral plasma membrane	6	3332	0.0101	0.0949	0.11	-0.0
15	594	lysosomal membrane	2	2454	0.0034	0.0699	0.05	-0.0
15	594	cell adhesion	1	19	0.0017	0.0005	3.11	0.56
15	594	response to nutrient levels	3	20	0.0051	0.0006	8.87	2.35
15	594	cognition	2	21	0.0034	0.0006	5.63	1.31
15	594	protein heterodimerization activity	6	308	0.0101	0.0088	1.15	0.38
15	594	sodium ion transport	17	25	0.0286	0.0007	40.2	24.24
15	594	protein homodimerization activity	6	390	0.0101	0.0111	0.91	0.19
16	545	positive regulation of neuronal action potential	66	67	0.1211	0.0019	63.47	119.34
16	545	steroid metabolic process	3	321	0.0055	0.0091	0.6	0.06
16	545	positive regulation of cell population proliferation	2	218	0.0037	0.0062	0.59	0.07
16	545	regulation of protein catabolic process	368	1256	0.6752	0.0358	18.88	300.0
16	545	central nervous system neuron development	1	72	0.0018	0.0021	0.89	0.17
16	545	lysosome organization	372	1281	0.6826	0.0365	18.71	300.0
16	545	regulation of protein metabolic process	1	18	0.0018	0.0005	3.58	0.61
16	545	negative regulation of MAPK cascade	66	68	0.1211	0.0019	62.54	117.81
16	545	cellular response to starvation	56	71	0.1028	0.002	50.82	87.69
16	545	mitochondrion organization	1	69	0.0018	0.002	0.93	0.18
16	545	negative regulation of neuron apoptotic process	1	53	0.0018	0.0015	1.22	0.25
16	545	skin development	1	82	0.0018	0.0023	0.79	0.14
16	545	alcohol metabolic process	1	119	0.0018	0.0034	0.54	0.07
16	545	female pregnancy	3	16	0.0055	0.0005	12.08	2.75
16	545	regulation of TOR signaling	372	1275	0.6826	0.0363	18.8	300.0
16	545	glycoside catabolic process	1	73	0.0018	0.0021	0.88	0.17
16	545	ceramide biosynthetic process	66	67	0.1211	0.0019	63.47	119.34
16	545	glycolipid biosynthetic process	71	144	0.1303	0.0041	31.77	88.75
16	545	response to estrogen	4	109	0.0073	0.0031	2.36	1.05
16	545	regulation of actin filament polymerization	1	72	0.0018	0.0021	0.89	0.17
16	545	termination of signal transduction	66	67	0.1211	0.0019	63.47	119.34
16	545	brush border	29	50	0.0532	0.0014	37.37	39.09
16	545	motor behavior	1	86	0.0018	0.0024	0.75	0.13
16	545	regulation of macroautophagy	368	1271	0.6752	0.0362	18.66	300.0
16	545	central nervous system development	1	1381	0.0018	0.0393	0.05	0.0
16	545	glucosylceramide catabolic process	425	3041	0.7798	0.0866	9.01	300.0
16	545	steroid catabolic process	1	962	0.0018	0.0274	0.07	0.0
16	545	positive regulation of type 2 mitophagy	1	56	0.0018	0.0016	1.15	0.23
16	545	carbohydrate catabolic process	75	813	0.1376	0.0232	5.94	34.95
16	545	trans-Golgi network	59	149	0.1083	0.0042	25.51	66.4
16	545	cellular response to tumor necrosis factor	66	149	0.1211	0.0042	28.54	78.4
16	545	nuclear envelope	2	191	0.0037	0.0054	0.67	0.1
16	545	regulation of microtubule polymerization	1	72	0.0018	0.0021	0.89	0.17
16	545	calcium ion binding	1	1460	0.0018	0.0416	0.04	0.0
16	545	regulation of membrane potential	307	1212	0.5633	0.0345	16.32	300.0
16	545	steryl-beta-glucosidase activity	168	640	0.3083	0.0182	16.91	159.97
16	545	beta-glucosidase activity	288	2348	0.5284	0.0669	7.9	190.41
16	545	scavenger receptor binding	66	67	0.1211	0.0019	63.47	119.34
16	545	lens morphogenesis in camera-type eye	29	46	0.0532	0.0013	40.62	40.65
16	545	galactosylceramidase activity	503	3865	0.9229	0.1101	8.39	300.0
16	545	response to peptide hormone	2	16	0.0037	0.0005	8.05	1.6
16	545	regulation of membrane lipid distribution	1	72	0.0018	0.0021	0.89	0.17
16	545	negative regulation of macromolecule metabolic process	306	1208	0.5615	0.0344	16.32	300.0
16	545	autophagy	372	1314	0.6826	0.0374	18.24	300.0
16	545	protein catabolic process	306	1210	0.5615	0.0345	16.3	300.0
16	545	lysosomal lumen	56	63	0.1028	0.0018	57.28	93.86
16	545	microglia differentiation	1	85	0.0018	0.0024	0.76	0.13
16	545	sphingosine biosynthetic process	66	67	0.1211	0.0019	63.47	119.34
16	545	glucosyltransferase activity	373	1332	0.6844	0.0379	18.04	300.0
16	545	lysosomal membrane	427	2454	0.7835	0.0699	11.21	300.0
16	545	negative regulation of inflammatory response	66	386	0.1211	0.011	11.02	47.63
16	545	cholesterol metabolic process	410	6083	0.7523	0.1732	4.34	196.62
16	545	cell adhesion	1	19	0.0018	0.0005	3.39	0.59
16	545	chromatin	1	207	0.0018	0.0059	0.31	0.02
16	545	endoplasmic reticulum lumen	1	52	0.0018	0.0015	1.24	0.25
16	545	lysosomal protein catabolic process	66	69	0.1211	0.002	61.63	116.46
16	545	signaling receptor binding	307	1444	0.5633	0.0411	13.7	282.89
16	545	negative regulation of interleukin-6 production	66	158	0.1211	0.0045	26.92	76.26
16	545	endosome	1	134	0.0018	0.0038	0.48	0.06
16	545	response to testosterone	2	24	0.0037	0.0007	5.37	1.28
16	545	glucosylceramidase activity	503	3857	0.9229	0.1098	8.4	300.0
16	545	carbohydrate metabolic process	1	798	0.0018	0.0227	0.08	0.0
16	545	intracellular membrane-bounded organelle	1	19	0.0018	0.0005	3.39	0.59
16	545	bile acid metabolic process	1	229	0.0018	0.0065	0.28	0.01
17	700	steroid metabolic process	1	321	0.0014	0.0091	0.16	0.0
17	700	3-beta-hydroxysteroid 3-dehydrogenase (NADP+) activity	641	895	0.9157	0.0255	35.93	300.0
17	700	steroid binding	1	1674	0.0014	0.0477	0.03	0.0
17	700	cholesterol biosynthetic process	575	2414	0.8214	0.0687	11.95	300.0
17	700	lipid droplet	3	1587	0.0043	0.0452	0.09	0.0
17	700	cholesterol biosynthetic process via lathosterol	54	269	0.0771	0.0077	10.07	37.06
17	700	nervous system development	2	218	0.0029	0.0062	0.46	0.03
17	700	zymosterol biosynthetic process	54	201	0.0771	0.0057	13.48	44.28
17	700	5-alpha-androstane-3-beta,17-beta-diol dehydrogenase (NADP+) activity	638	1008	0.9114	0.0287	31.75	300.0
17	700	ergosterol biosynthetic process	3	396	0.0043	0.0113	0.38	0.01
17	700	androgen metabolic process	65	1056	0.0929	0.0301	3.09	14.92
17	700	brain development	54	209	0.0771	0.006	12.96	43.29
17	700	response to xenobiotic stimulus	1	98	0.0014	0.0028	0.51	0.06
17	700	embryonic organ development	54	66	0.0771	0.0019	41.05	80.12
17	700	estrogen biosynthetic process	638	1149	0.9114	0.0327	27.86	300.0
17	700	cell differentiation	2	459	0.0029	0.0131	0.22	0.0
17	700	response to estradiol	1	57	0.0014	0.0016	0.88	0.17
17	700	hippocampus development	1	15	0.0014	0.0004	3.34	0.58
17	700	hormone binding	1	30	0.0014	0.0009	1.67	0.34
17	700	estradiol 17-beta-dehydrogenase [NAD(P)+] activity	638	2847	0.9114	0.0811	11.24	300.0
17	700	cholesterol biosynthetic process via desmosterol	54	288	0.0771	0.0082	9.41	35.44
18	861	efflux transmembrane transporter activity	781	941	0.9071	0.0268	33.85	300.0
18	861	organic anion transport	17	62	0.0197	0.0018	11.18	13.03
18	861	female gonad development	2	47	0.0023	0.0013	1.74	0.49
18	861	cellular response to estradiol stimulus	2	368	0.0023	0.0105	0.22	0.0
18	861	cellular response to dexamethasone stimulus	2	95	0.0023	0.0027	0.86	0.17
18	861	canonical Wnt signaling pathway	2	67	0.0023	0.0019	1.22	0.31
18	861	protein dimerization activity	29	31	0.0337	0.0009	38.15	44.26
18	861	estradiol binding	1	38	0.0012	0.0011	1.07	0.21
18	861	ATPase-coupled transmembrane transporter activity	18	67	0.0209	0.0019	10.96	13.58
18	861	mitochondrion organization	2	69	0.0023	0.002	1.18	0.29
18	861	inflammatory response	2	105	0.0023	0.003	0.78	0.14
18	861	heart development	2	16	0.0023	0.0005	5.1	1.24
18	861	response to light stimulus	2	141	0.0023	0.004	0.58	0.06
18	861	basal plasma membrane	2	44	0.0023	0.0013	1.85	0.53
18	861	response to alcohol	2	17	0.0023	0.0005	4.8	1.19
18	861	transmembrane transport	18	127	0.0209	0.0036	5.78	8.64
18	861	ABC-type xenobiotic transporter activity	678	3551	0.7875	0.1011	7.79	300.0
18	861	response to xenobiotic stimulus	2	98	0.0023	0.0028	0.83	0.16
18	861	apical plasma membrane	760	5067	0.8827	0.1443	6.12	300.0
18	861	transmembrane transporter activity	3	79	0.0035	0.0022	1.55	0.51
18	861	response to toxic substance	2	39	0.0023	0.0011	2.09	0.61
18	861	phospholipid translocation	1	85	0.0012	0.0024	0.48	0.06
18	861	cell fate specification	2	1408	0.0023	0.0401	0.06	0.0
18	861	urate transmembrane transporter activity	23	97	0.0267	0.0028	9.67	15.86
18	861	response to insulin	2	16	0.0023	0.0005	5.1	1.24
18	861	urate metabolic process	20	21	0.0232	0.0006	38.84	30.99
18	861	response to lipopolysaccharide	2	17	0.0023	0.0005	4.8	1.19
18	861	lipid transport	669	4600	0.777	0.131	5.93	300.0
18	861	acrosomal vesicle	2	49	0.0023	0.0014	1.66	0.47
18	861	transepithelial transport	20	102	0.0232	0.0029	8.0	12.21
18	861	xenobiotic detoxification by transmembrane export across the plasma membrane	22	35	0.0256	0.001	25.64	26.51
18	861	renal urate salt excretion	24	24	0.0279	0.0007	40.79	38.79
18	861	xenobiotic transport across blood-brain barrier	20	102	0.0232	0.0029	8.0	12.21
18	861	gene expression	2	124	0.0023	0.0035	0.66	0.09
18	861	xenobiotic transmembrane transporter activity	4	36	0.0046	0.001	4.53	1.95
18	861	cellular detoxification	19	23	0.0221	0.0007	33.69	26.78
18	861	phosphatidylcholine floppase activity	1	24	0.0012	0.0007	1.7	0.35
18	861	cognition	2	21	0.0023	0.0006	3.88	1.03
18	861	circadian rhythm	2	73	0.0023	0.0021	1.12	0.27
18	861	xenobiotic transport	2	48	0.0023	0.0014	1.7	0.48
18	861	riboflavin transmembrane transporter activity	766	767	0.8897	0.0218	40.73	300.0
18	861	membrane raft	23	245	0.0267	0.007	3.83	7.32
18	861	ABC-type transporter activity	109	245	0.1266	0.007	18.15	108.03
18	861	amide transmembrane transporter activity	30	33	0.0348	0.0009	37.08	44.83
18	861	response to hypoxia	2	20	0.0023	0.0006	4.08	1.07
18	861	protein homodimerization activity	20	390	0.0232	0.0111	2.09	2.76
18	861	export across plasma membrane	3	162	0.0035	0.0046	0.76	0.12
18	861	mitochondrial membrane	769	1052	0.8931	0.03	29.81	300.0
18	861	angiogenesis	2	83	0.0023	0.0024	0.98	0.22
18	861	brush border membrane	23	31	0.0267	0.0009	30.26	30.35
18	861	toxin metabolic process	2	30	0.0023	0.0009	2.72	0.78
19	81	G protein-coupled receptor activity	9	338	0.1111	0.0096	11.54	7.04
19	81	nuclear receptor activity	22	205	0.2716	0.0058	46.53	30.21
19	81	1-alkyl-2-acetylglycerophosphocholine esterase activity	1	32	0.0123	0.0009	13.55	1.15
19	81	bilirubin conjugation	2	30	0.0247	0.0009	28.9	2.66
19	81	organic anion transport	18	62	0.2222	0.0018	125.87	33.12
19	81	presynapse	10	1207	0.1235	0.0344	3.59	3.34
19	81	bile acid and bile salt transport	17	143	0.2099	0.0041	51.54	24.05
19	81	cellular response to estradiol stimulus	9	368	0.1111	0.0105	10.6	6.73
19	81	bile acid transmembrane transporter activity	17	1093	0.2099	0.0311	6.74	9.38
19	81	positive regulation of circadian rhythm	22	72	0.2716	0.0021	132.47	41.16
19	81	secondary active transmembrane transporter activity	8	20	0.0988	0.0006	173.42	16.16
19	81	DNA-templated transcription	22	681	0.2716	0.0194	14.01	18.71
19	81	phosphatidylcholine-sterol O-acyltransferase activity	1	33	0.0123	0.0009	13.14	1.13
19	81	apoptotic process	9	313	0.1111	0.0089	12.47	7.33
19	81	steroid binding	9	1674	0.1111	0.0477	2.33	1.83
19	81	positive regulation of vascular endothelial growth factor production	22	77	0.2716	0.0022	123.87	40.41
19	81	muscle cell differentiation	22	70	0.2716	0.002	136.26	41.48
19	81	cerebellar granule cell precursor proliferation	22	124	0.2716	0.0035	76.92	35.3
19	81	recycling endosome	9	268	0.1111	0.0076	14.56	7.91
19	81	dendritic spine membrane	9	254	0.1111	0.0072	15.36	8.11
19	81	negative regulation of canonical NF-kappaB signal transduction	22	248	0.2716	0.0071	38.46	28.33
19	81	xenobiotic metabolic process	29	499	0.358	0.0142	25.2	32.31
19	81	nuclear estrogen receptor activity	9	363	0.1111	0.0103	10.75	6.78
19	81	dendrite	8	1498	0.0988	0.0427	2.32	1.66
19	81	nervous system development	9	218	0.1111	0.0062	17.9	8.69
19	81	basal plasma membrane	17	44	0.2099	0.0013	167.51	33.8
19	81	xenobiotic transmembrane transport	2	187	0.0247	0.0053	4.64	1.16
19	81	response to estrogen	4	109	0.0494	0.0031	15.91	3.92
19	81	prostaglandin transmembrane transporter activity	12	438	0.1481	0.0125	11.88	9.4
19	81	transcription coactivator binding	22	297	0.2716	0.0085	32.11	26.57
19	81	xenobiotic export from cell	2	160	0.0247	0.0046	5.42	1.28
19	81	cell junction	3	87	0.037	0.0025	14.95	2.96
19	81	transmembrane transport	5	127	0.0617	0.0036	17.07	4.93
19	81	liver development	3	31	0.037	0.0009	41.96	4.29
19	81	cholesterol 24-hydroxylase activity	8	1202	0.0988	0.0342	2.89	2.19
19	81	cholesterol homeostasis	22	1948	0.2716	0.0555	4.9	9.49
19	81	protein-containing complex binding	2	246	0.0247	0.007	3.52	0.96
19	81	oxysterol binding	22	423	0.2716	0.012	22.55	23.17
19	81	prostaglandin transport	4	26	0.0494	0.0007	66.7	6.42
19	81	response to xenobiotic stimulus	3	98	0.037	0.0028	13.27	2.81
19	81	cytoskeleton	9	184	0.1111	0.0052	21.21	9.34
19	81	nucleolus	22	165	0.2716	0.0047	57.81	32.38
19	81	apical plasma membrane	9	5067	0.1111	0.1443	0.77	0.07
19	81	cholesterol binding	4	1642	0.0494	0.0468	1.06	0.28
19	81	postsynapse	8	1209	0.0988	0.0344	2.87	2.17
19	81	negative regulation of fat cell differentiation	22	145	0.2716	0.0041	65.78	33.69
19	81	transmembrane transporter activity	27	79	0.3333	0.0022	148.17	52.35
19	81	response to toxic substance	2	39	0.0247	0.0011	22.23	2.43
19	81	cellular response to hypoxia	22	74	0.2716	0.0021	128.89	40.85
19	81	positive regulation of canonical NF-kappaB signal transduction	3	68	0.037	0.0019	19.13	3.27
19	81	response to glucocorticoid	2	40	0.0247	0.0011	21.68	2.41
19	81	circadian regulation of gene expression	22	72	0.2716	0.0021	132.47	41.16
19	81	beta-catenin binding	22	229	0.2716	0.0065	41.65	29.11
19	81	modulation of chemical synaptic transmission	2	75	0.0247	0.0021	11.56	1.88
19	81	protein-containing complex	2	462	0.0247	0.0132	1.88	0.54
19	81	protein domain specific binding	2	91	0.0247	0.0026	9.53	1.72
19	81	negative regulation of oocyte maturation	9	175	0.1111	0.005	22.3	9.53
19	81	negative regulation of meiotic cell cycle	9	175	0.1111	0.005	22.3	9.53
19	81	early endosome	9	257	0.1111	0.0073	15.18	8.06
19	81	RNA polymerase II cis-regulatory region sequence-specific DNA binding	22	466	0.2716	0.0133	20.47	22.25
19	81	positive regulation of MAPK cascade	3	82	0.037	0.0023	15.86	3.04
19	81	T-helper 17 cell differentiation	22	72	0.2716	0.0021	132.47	41.16
19	81	response to lipopolysaccharide	2	17	0.0247	0.0005	51.01	3.16
19	81	response to peptide hormone	2	16	0.0247	0.0005	54.19	3.21
19	81	regulation of steroid metabolic process	22	72	0.2716	0.0021	132.47	41.16
19	81	sodium-independent organic anion transport	28	35	0.3457	0.001	346.83	69.31
19	81	response to lipid	1	28	0.0123	0.0008	15.48	1.2
19	81	postsynaptic density	11	337	0.1358	0.0096	14.15	9.44
19	81	heme catabolic process	3	101	0.037	0.0029	12.88	2.78
19	81	positive regulation of DNA-templated transcription	22	326	0.2716	0.0093	29.26	25.67
19	81	axon	9	485	0.1111	0.0138	8.05	5.74
19	81	cell differentiation	13	459	0.1605	0.0131	12.28	10.34
19	81	potassium ion import across plasma membrane	1	150	0.0123	0.0043	2.89	0.53
19	81	basolateral plasma membrane	37	3332	0.4568	0.0949	4.81	16.55
19	81	regulation of transcription by RNA polymerase II	3	97	0.037	0.0028	13.41	2.83
19	81	SNARE binding	2	34	0.0247	0.001	25.5	2.55
19	81	monoatomic ion transport	23	380	0.284	0.0108	26.24	25.77
19	81	negative regulation of inflammatory response	22	386	0.2716	0.011	24.71	24.04
19	81	gene expression	3	124	0.037	0.0035	10.49	2.52
19	81	cholesterol metabolic process	1	6083	0.0123	0.1732	0.07	0.0
19	81	triglyceride homeostasis	22	755	0.2716	0.0215	12.63	17.76
19	81	cytoplasmic vesicle membrane	9	260	0.1111	0.0074	15.01	8.02
19	81	response to testosterone	2	24	0.0247	0.0007	36.13	2.85
19	81	endocytosis	3	19	0.037	0.0005	68.45	4.95
19	81	regulation of smoothened signaling pathway	22	72	0.2716	0.0021	132.47	41.16
19	81	heme binding	8	5655	0.0988	0.161	0.61	0.02
19	81	regulation of glucose metabolic process	22	103	0.2716	0.0029	92.6	37.25
19	81	xenobiotic transport	5	48	0.0617	0.0014	45.16	7.04
19	81	cholesterol catabolic process	8	1254	0.0988	0.0357	2.77	2.08
19	81	cellular response to sterol	22	75	0.2716	0.0021	127.17	40.7
19	81	spermatogenesis	4	26	0.0494	0.0007	66.7	6.42
19	81	apical part of cell	2	104	0.0247	0.003	8.34	1.62
19	81	bile acid metabolic process	1	229	0.0123	0.0065	1.89	0.39
19	81	transcription corepressor binding	22	155	0.2716	0.0044	61.54	33.01
19	81	mitochondrial membrane	9	1052	0.1111	0.03	3.71	3.15
19	81	angiogenesis	22	83	0.2716	0.0024	114.92	39.58
19	81	synapse	3	95	0.037	0.0027	13.69	2.85
19	81	brush border membrane	1	31	0.0123	0.0009	13.99	1.16
20	388	efflux transmembrane transporter activity	18	941	0.0464	0.0268	1.73	1.74
20	388	intracellular cholesterol transport	21	57	0.0541	0.0016	33.34	26.16
20	388	phospholipid homeostasis	21	762	0.0541	0.0217	2.49	3.86
20	388	ADP binding	21	24	0.0541	0.0007	79.19	38.03
20	388	sphingolipid translocation	18	79	0.0464	0.0022	20.62	18.22
20	388	amyloid precursor protein catabolic process	21	23	0.0541	0.0007	82.64	38.93
20	388	cholesterol efflux	24	528	0.0619	0.015	4.11	8.15
20	388	positive regulation of insulin secretion involved in cellular response to glucose stimulus	1	96	0.0026	0.0027	0.94	0.18
20	388	cellular response to peptide hormone stimulus	14	269	0.0361	0.0077	4.71	5.67
20	388	leukotriene transport	17	271	0.0438	0.0077	5.68	7.94
20	388	glycoprotein transport	21	21	0.0541	0.0006	90.51	41.33
20	388	steroid binding	1	1674	0.0026	0.0477	0.05	0.0
20	388	lipid droplet	5	1587	0.0129	0.0452	0.29	0.0
20	388	recycling endosome	9	268	0.0232	0.0076	3.04	2.5
20	388	positive regulation of inflammatory response	17	38	0.0438	0.0011	40.49	23.05
20	388	ketosteroid monooxygenase activity	3	28	0.0077	0.0008	9.7	2.45
20	388	lateral plasma membrane	18	164	0.0464	0.0047	9.93	12.39
20	388	alcohol metabolic process	2	119	0.0052	0.0034	1.52	0.42
20	388	positive regulation of protein secretion	21	23	0.0541	0.0007	82.64	38.93
20	388	cytoplasmic vesicle	3	26	0.0077	0.0007	10.44	2.54
20	388	external side of plasma membrane	21	25	0.0541	0.0007	76.03	37.24
20	388	ABC-type glutathione S-conjugate transporter activity	316	2783	0.8144	0.0792	10.28	278.12
20	388	cortisol metabolic process	14	192	0.0361	0.0055	6.6	7.45
20	388	regulation of DNA-templated transcription	3	26	0.0077	0.0007	10.44	2.54
20	388	xenobiotic transmembrane transport	3	187	0.0077	0.0053	1.45	0.47
20	388	5-alpha-androstane-3-beta,17-beta-diol dehydrogenase (NADP+) activity	6	1008	0.0155	0.0287	0.54	0.01
20	388	cell junction	18	87	0.0464	0.0025	18.73	17.41
20	388	ergosterol biosynthetic process	6	396	0.0155	0.0113	1.37	0.56
20	388	C21-steroid hormone metabolic process	7	89	0.018	0.0025	7.12	4.22
20	388	transmembrane transport	8	127	0.0206	0.0036	5.7	4.05
20	388	phospholipid binding	1	82	0.0026	0.0023	1.1	0.22
20	388	ABC-type xenobiotic transporter activity	316	3551	0.8144	0.1011	8.05	243.62
20	388	androgen metabolic process	7	1056	0.018	0.0301	0.6	0.02
20	388	cholesterol homeostasis	24	1948	0.0619	0.0555	1.12	0.49
20	388	cholesterol transport	1	68	0.0026	0.0019	1.33	0.28
20	388	carboxylic acid transmembrane transporter activity	21	87	0.0541	0.0025	21.85	21.74
20	388	lipid catabolic process	1	1122	0.0026	0.032	0.08	0.0
20	388	cholesterol transfer activity	21	937	0.0541	0.0267	2.03	2.72
20	388	3-alpha-hydroxysteroid 3-dehydrogenase [NAD(P)+] activity	6	137	0.0155	0.0039	3.96	2.37
20	388	sterol biosynthetic process	3	80	0.0077	0.0023	3.39	1.23
20	388	low-density lipoprotein particle remodeling	9	643	0.0232	0.0183	1.27	0.55
20	388	apical plasma membrane	27	5067	0.0696	0.1443	0.48	0.0
20	388	cyclic nucleotide transport	19	84	0.049	0.0024	20.47	19.13
20	388	cholesterol binding	1	1642	0.0026	0.0468	0.06	0.0
20	388	transmembrane transporter activity	8	79	0.0206	0.0022	9.17	5.57
20	388	phospholipid translocation	18	85	0.0464	0.0024	19.17	17.6
20	388	pattern specification process	1	453	0.0026	0.0129	0.2	0.0
20	388	negative regulation of macrophage derived foam cell differentiation	2	39	0.0052	0.0011	4.64	1.16
20	388	ATPase-coupled lipid transmembrane transporter activity	18	79	0.0464	0.0022	20.62	18.22
20	388	glutathione transmembrane transport	4	20	0.0103	0.0006	18.1	4.21
20	388	hormone metabolic process	2	125	0.0052	0.0036	1.45	0.4
20	388	sterol transport	2	52	0.0052	0.0015	3.48	0.95
20	388	phospholipid efflux	21	158	0.0541	0.0045	12.03	16.06
20	388	Delta4-3-oxosteroid 5beta-reductase activity	10	23	0.0258	0.0007	39.35	13.61
20	388	response to lipid	21	28	0.0541	0.0008	67.88	35.28
20	388	lipid transport	298	4600	0.768	0.131	5.86	181.98
20	388	positive regulation of cholesterol biosynthetic process	12	22	0.0309	0.0006	49.37	17.79
20	388	glutathione transmembrane transporter activity	313	789	0.8067	0.0225	35.9	300.0
20	388	C21-steroid hormone biosynthetic process	14	194	0.0361	0.0055	6.53	7.4
20	388	transepithelial transport	18	102	0.0464	0.0029	15.97	16.1
20	388	positive regulation of amyloid-beta formation	21	21	0.0541	0.0006	90.51	41.33
20	388	cellular response to amyloid-beta	17	40	0.0438	0.0011	38.47	22.57
20	388	xenobiotic detoxification by transmembrane export across the plasma membrane	9	35	0.0232	0.001	23.27	9.91
20	388	xenobiotic transport across blood-brain barrier	18	102	0.0464	0.0029	15.97	16.1
20	388	glucocorticoid biosynthetic process	14	215	0.0361	0.0061	5.89	6.84
20	388	L-amino acid transmembrane transporter activity	3	17	0.0077	0.0005	15.97	3.09
20	388	basolateral plasma membrane	316	3332	0.8144	0.0949	8.58	252.57
20	388	aldose reductase (NADPH) activity	3	27	0.0077	0.0008	10.06	2.49
20	388	bile acid catabolic process	4	21	0.0103	0.0006	17.24	4.12
20	388	toxin transmembrane transporter activity	21	92	0.0541	0.0026	20.66	21.18
20	388	high-density lipoprotein particle remodeling	9	768	0.0232	0.0219	1.06	0.32
20	388	xenobiotic transmembrane transporter activity	8	36	0.0206	0.001	20.11	8.32
20	388	cholesterol metabolic process	36	6083	0.0928	0.1732	0.54	0.0
20	388	phosphatidylcholine floppase activity	21	24	0.0541	0.0007	79.19	38.03
20	388	endosome membrane	3	33	0.0077	0.0009	8.23	2.24
20	388	protein heterodimerization activity	24	308	0.0619	0.0088	7.05	12.98
20	388	endosome	4	134	0.0103	0.0038	2.7	1.21
20	388	ABC-type vitamin B12 transporter activity	17	35	0.0438	0.001	43.96	23.84
20	388	methylation	9	978	0.0232	0.0278	0.83	0.12
20	388	cholesterol monooxygenase (side-chain-cleaving) activity	14	176	0.0361	0.005	7.2	7.93
20	388	reverse cholesterol transport	9	776	0.0232	0.0221	1.05	0.31
20	388	ABC-type sterol transporter activity	24	24	0.0619	0.0007	90.51	47.27
20	388	bile acid biosynthetic process	10	520	0.0258	0.0148	1.74	1.19
20	388	estradiol 17-beta-dehydrogenase [NAD(P)+] activity	6	2847	0.0155	0.0811	0.19	0.0
20	388	heme binding	14	5655	0.0361	0.161	0.22	0.0
20	388	digestion	7	317	0.018	0.009	2.0	1.2
20	388	xenobiotic transport	7	48	0.018	0.0014	13.2	6.02
20	388	positive regulation of cholesterol efflux	12	245	0.0309	0.007	4.43	4.68
20	388	cholesterol catabolic process	7	1254	0.018	0.0357	0.51	0.01
20	388	amide transmembrane transporter activity	2	33	0.0052	0.0009	5.49	1.29
20	388	protein homodimerization activity	24	390	0.0619	0.0111	5.57	10.79
20	388	export across plasma membrane	18	162	0.0464	0.0046	10.06	12.48
20	388	L-arginine transmembrane transporter activity	3	34	0.0077	0.001	7.99	2.21
21	298	estrogen 16-alpha-hydroxylase activity	1	240	0.0034	0.0068	0.49	0.06
21	298	steroid metabolic process	8	321	0.0268	0.0091	2.94	2.19
21	298	sterol 14-demethylase activity	251	2241	0.8423	0.0638	13.2	251.88
21	298	lipid hydroxylation	1	164	0.0034	0.0047	0.72	0.12
21	298	retinoic acid 4-hydroxylase activity	2	100	0.0067	0.0028	2.36	0.68
21	298	magnesium ion binding	18	681	0.0604	0.0194	3.11	4.6
21	298	developmental process	18	177	0.0604	0.005	11.98	13.76
21	298	response to ethanol	1	23	0.0034	0.0007	5.12	0.75
21	298	monooxygenase activity	5	196	0.0168	0.0056	3.01	1.58
21	298	enzyme binding	2	350	0.0067	0.01	0.67	0.1
21	298	steroid binding	2	1674	0.0067	0.0477	0.14	0.0
21	298	prostaglandin metabolic process	7	25	0.0235	0.0007	33.0	8.9
21	298	glutathione metabolic process	13	19	0.0436	0.0005	80.63	22.63
21	298	monoterpenoid metabolic process	1	71	0.0034	0.002	1.66	0.34
21	298	alcohol metabolic process	4	119	0.0134	0.0034	3.96	1.72
21	298	xenobiotic catabolic process	10	191	0.0336	0.0054	6.17	5.22
21	298	fatty acid binding	4	18	0.0134	0.0005	26.19	4.85
21	298	steroid Delta-isomerase activity	6	39	0.0201	0.0011	18.13	6.04
21	298	xenobiotic metabolic process	17	499	0.057	0.0142	4.01	5.8
21	298	steroid hydroxylase activity	1	153	0.0034	0.0044	0.77	0.14
21	298	dendrite	18	1498	0.0604	0.0427	1.42	1.05
21	298	5-alpha-androstane-3-beta,17-beta-diol dehydrogenase (NADP+) activity	4	1008	0.0134	0.0287	0.47	0.01
21	298	estrogen 2-hydroxylase activity	2	161	0.0067	0.0046	1.46	0.4
21	298	24S-hydroxycholesterol 7-alpha-hydroxylase activity	249	310	0.8356	0.0088	94.65	300.0
21	298	cholesterol homeostasis	251	1948	0.8423	0.0555	15.18	267.97
21	298	response to xenobiotic stimulus	1	98	0.0034	0.0028	1.2	0.25
21	298	3-alpha-hydroxysteroid 3-dehydrogenase [NAD(P)+] activity	4	137	0.0134	0.0039	3.44	1.53
21	298	protein kinase binding	2	330	0.0067	0.0094	0.71	0.11
21	298	oxysterol 7-alpha-hydroxylase activity	251	393	0.8423	0.0112	75.26	300.0
21	298	catecholamine catabolic process	15	175	0.0503	0.005	10.1	10.49
21	298	caffeine oxidase activity	2	71	0.0067	0.002	3.32	0.91
21	298	protein-containing complex	2	462	0.0067	0.0132	0.51	0.04
21	298	hormone metabolic process	4	125	0.0134	0.0036	3.77	1.65
21	298	monocarboxylic acid metabolic process	5	166	0.0168	0.0047	3.55	1.86
21	298	heme catabolic process	1	101	0.0034	0.0029	1.17	0.24
21	298	axon	18	485	0.0604	0.0138	4.37	6.65
21	298	oxidative demethylation	2	163	0.0067	0.0046	1.45	0.39
21	298	dopamine metabolic process	15	173	0.0503	0.0049	10.22	10.56
21	298	retinoic acid metabolic process	2	107	0.0067	0.003	2.2	0.64
21	298	epithelial cell differentiation	3	96	0.0101	0.0027	3.68	1.31
21	298	retinol metabolic process	1	473	0.0034	0.0135	0.25	0.01
21	298	dopamine catabolic process	5	28	0.0168	0.0008	21.04	5.45
21	298	catechol O-methyltransferase activity	18	192	0.0604	0.0055	11.05	13.15
21	298	cholesterol metabolic process	254	6083	0.8523	0.1732	4.92	145.82
21	298	response to nutrient levels	1	20	0.0034	0.0006	5.89	0.8
21	298	response to bacterium	2	73	0.0067	0.0021	3.23	0.89
21	298	oxidoreductase activity, acting on paired donors, with incorporation or reduction of molecular oxygen, reduced flavin or flavoprotein as one donor, and incorporation of one atom of oxygen	8	92	0.0268	0.0026	10.25	5.91
21	298	methylation	18	978	0.0604	0.0278	2.17	2.72
21	298	bile acid biosynthetic process	251	520	0.8423	0.0148	56.88	300.0
21	298	isomerase activity	2	206	0.0067	0.0059	1.14	0.28
21	298	estradiol 17-beta-dehydrogenase [NAD(P)+] activity	4	2847	0.0134	0.0811	0.17	0.0
21	298	lipid metabolic process	3	1633	0.0101	0.0465	0.22	0.0
21	298	heme binding	259	5655	0.8691	0.161	5.4	161.38
21	298	digestion	249	317	0.8356	0.009	92.56	300.0
21	298	intracellular membrane-bounded organelle	2	19	0.0067	0.0005	12.4	1.95
21	298	protein homodimerization activity	4	390	0.0134	0.0111	1.21	0.37
21	298	estrogen metabolic process	2	1660	0.0067	0.0473	0.14	0.0
21	298	response to axon injury	1	19	0.0034	0.0005	6.2	0.83
22	657	glucocorticoid metabolic process	11	45	0.0167	0.0013	13.07	9.29
22	657	3-hydroxy-2-methylbutyryl-CoA dehydrogenase activity	4	436	0.0061	0.0124	0.49	0.02
22	657	steroid biosynthetic process	9	557	0.0137	0.0159	0.86	0.14
22	657	steroid metabolic process	22	321	0.0335	0.0091	3.66	6.66
22	657	3-beta-hydroxysteroid 3-dehydrogenase (NADP+) activity	2	895	0.003	0.0255	0.12	0.0
22	657	mitochondrial tRNA methylation	1	64	0.0015	0.0018	0.84	0.15
22	657	sterol 14-demethylase activity	32	2241	0.0487	0.0638	0.76	0.02
22	657	L-isoleucine catabolic process	1	64	0.0015	0.0018	0.84	0.15
22	657	bile acid and bile salt transport	1	143	0.0015	0.0041	0.37	0.03
22	657	androgen biosynthetic process	5	155	0.0076	0.0044	1.72	0.78
22	657	mitochondrial tRNA 3'-end processing	1	64	0.0015	0.0018	0.84	0.15
22	657	cellular response to estradiol stimulus	1	368	0.0015	0.0105	0.15	0.0
22	657	protein homotetramerization	1	67	0.0015	0.0019	0.8	0.14
22	657	developmental process	4	177	0.0061	0.005	1.21	0.37
22	657	11-beta-hydroxysteroid dehydrogenase (NADP+) activity	493	947	0.7504	0.027	27.83	300.0
22	657	oxidoreductase activity, acting on the CH-OH group of donors, NAD or NADP as acceptor	7	274	0.0107	0.0078	1.37	0.59
22	657	response to steroid hormone	1	23	0.0015	0.0007	2.32	0.45
22	657	(3S)-3-hydroxyacyl-CoA dehydrogenase (NAD+) activity	4	975	0.0061	0.0278	0.22	0.0
22	657	mitochondrial tRNA 5'-end processing	1	71	0.0015	0.002	0.75	0.13
22	657	acyl-CoA metabolic process	1	585	0.0015	0.0167	0.09	0.0
22	657	oxidoreductase activity, acting on NAD(P)H, quinone or similar compound as acceptor	8	77	0.0122	0.0022	5.55	4.01
22	657	steroid binding	489	1674	0.7443	0.0477	15.61	300.0
22	657	fatty acid beta-oxidation	1	279	0.0015	0.0079	0.19	0.0
22	657	progesterone metabolic process	4	906	0.0061	0.0258	0.24	0.0
22	657	mitochondrion organization	1	69	0.0015	0.002	0.77	0.14
22	657	glycosylceramide catabolic process	1	147	0.0015	0.0042	0.36	0.03
22	657	cholesterol biosynthetic process	2	2414	0.003	0.0687	0.04	-0.0
22	657	lipid droplet	9	1587	0.0137	0.0452	0.3	0.0
22	657	acetoacetyl-CoA hydrolase activity	1	569	0.0015	0.0162	0.09	0.0
22	657	cardiolipin dehydrogenase (NAD+) activity	1	64	0.0015	0.0018	0.84	0.15
22	657	nuclear membrane	2	43	0.003	0.0012	2.49	0.72
22	657	quinone binding	3	538	0.0046	0.0153	0.3	0.0
22	657	vitamin K metabolic process	4	32	0.0061	0.0009	6.68	2.54
22	657	7-dehydrocholesterol reductase activity	1	170	0.0015	0.0048	0.31	0.02
22	657	female pregnancy	3	16	0.0046	0.0005	10.02	2.52
22	657	lung development	2	21	0.003	0.0006	5.09	1.24
22	657	prostaglandin E2 9-reductase activity	32	303	0.0487	0.0086	5.64	14.43
22	657	early endosome membrane	2	384	0.003	0.0109	0.28	0.0
22	657	xenobiotic metabolic process	4	499	0.0061	0.0142	0.43	0.01
22	657	dendrite	4	1498	0.0061	0.0427	0.14	0.0
22	657	cholesterol biosynthetic process via lathosterol	3	269	0.0046	0.0077	0.6	0.05
22	657	cortisol metabolic process	4	192	0.0061	0.0055	1.11	0.31
22	657	basal plasma membrane	2	44	0.003	0.0013	2.43	0.7
22	657	testosterone dehydrogenase (NADP+) activity	4	128	0.0061	0.0036	1.67	0.66
22	657	glucocorticoid catabolic process	51	70	0.0776	0.002	38.94	72.31
22	657	zymosterol biosynthetic process	3	201	0.0046	0.0057	0.8	0.14
22	657	5-alpha-androstane-3-beta,17-beta-diol dehydrogenase (NADP+) activity	5	1008	0.0076	0.0287	0.27	0.0
22	657	Delta14-sterol reductase activity	1	303	0.0015	0.0086	0.18	0.0
22	657	ergosterol biosynthetic process	3	396	0.0046	0.0113	0.4	0.01
22	657	3-beta-hydroxysteroid dehydrogenase [NAD(P)+]/C4-decarboxylase activity	3	524	0.0046	0.0149	0.31	0.0
22	657	acetyl-CoA hydrolase activity	1	569	0.0015	0.0162	0.09	0.0
22	657	C21-steroid hormone metabolic process	1	89	0.0015	0.0025	0.6	0.09
22	657	androgen metabolic process	13	1056	0.0198	0.0301	0.66	0.02
22	657	perinuclear endoplasmic reticulum	3	94	0.0046	0.0027	1.71	0.59
22	657	brain development	1	209	0.0015	0.006	0.26	0.01
22	657	lipid transporter activity	1	87	0.0015	0.0025	0.61	0.09
22	657	positive regulation of reactive oxygen species metabolic process	4	47	0.0061	0.0013	4.55	1.94
22	657	very-long-chain 3-oxoacyl-CoA reductase activity	7	237	0.0107	0.0067	1.58	0.8
22	657	mitochondrial ribonuclease P complex	1	71	0.0015	0.002	0.75	0.13
22	657	protein-containing complex binding	2	246	0.003	0.007	0.43	0.02
22	657	response to xenobiotic stimulus	3	98	0.0046	0.0028	1.64	0.56
22	657	embryonic organ development	1	66	0.0015	0.0019	0.81	0.15
22	657	brexanolone metabolic process	1	64	0.0015	0.0018	0.84	0.15
22	657	steroid catabolic process	445	962	0.6773	0.0274	24.73	300.0
22	657	beta-galactosidase activity	1	149	0.0015	0.0042	0.36	0.03
22	657	cholesterol binding	1	1642	0.0015	0.0468	0.03	0.0
22	657	ursodeoxycholate 7-beta-dehydrogenase (NAD+) activity	1	70	0.0015	0.002	0.76	0.13
22	657	catecholamine catabolic process	4	175	0.0061	0.005	1.22	0.38
22	657	methyltransferase activity	12	767	0.0183	0.0218	0.84	0.11
22	657	response to glucocorticoid	3	40	0.0046	0.0011	4.01	1.41
22	657	carbohydrate catabolic process	1	813	0.0015	0.0232	0.07	0.0
22	657	protein-containing complex	2	462	0.003	0.0132	0.23	0.0
22	657	low-density lipoprotein particle	1	74	0.0015	0.0021	0.72	0.12
22	657	response to insulin	3	16	0.0046	0.0005	10.02	2.52
22	657	15-hydroxyprostaglandin dehydrogenase (NADP+) activity	32	302	0.0487	0.0086	5.66	14.47
22	657	beta-glucosidase activity	1	2348	0.0015	0.0669	0.02	-0.0
22	657	mitochondrial nucleoid	1	169	0.0015	0.0048	0.32	0.02
22	657	15-hydroxyprostaglandin-D dehydrogenase (NADP+) activity	32	313	0.0487	0.0089	5.46	14.03
22	657	brassinosteroid biosynthetic process	1	772	0.0015	0.022	0.07	0.0
22	657	estrogen biosynthetic process	10	1149	0.0152	0.0327	0.47	0.0
22	657	fatty acid biosynthetic process	3	807	0.0046	0.023	0.2	0.0
22	657	fatty acid metabolic process	3	1010	0.0046	0.0288	0.16	0.0
22	657	high-density lipoprotein particle	1	603	0.0015	0.0172	0.09	0.0
22	657	all-trans-retinol dehydrogenase (NAD+) activity	17	29	0.0259	0.0008	31.33	21.84
22	657	galactosylceramidase activity	1	3865	0.0015	0.1101	0.01	-0.0
22	657	cortical endoplasmic reticulum	3	100	0.0046	0.0028	1.6	0.54
22	657	androsterone dehydrogenase [NAD(P)+] activity	14	38	0.0213	0.0011	19.69	14.44
22	657	coenzyme A diphosphatase activity	1	1023	0.0015	0.0291	0.05	0.0
22	657	tRNA binding	1	64	0.0015	0.0018	0.84	0.15
22	657	lipid transport	1	4600	0.0015	0.131	0.01	-0.0
22	657	axon	4	485	0.0061	0.0138	0.44	0.01
22	657	NADPH binding	1	114	0.0015	0.0032	0.47	0.05
22	657	fatty acid catabolic process	1	561	0.0015	0.016	0.1	0.0
22	657	tRNA 3'-terminal CCA addition	1	64	0.0015	0.0018	0.84	0.15
22	657	chenodeoxycholate 7-alpha-dehydrogenase (NAD+) activity	1	65	0.0015	0.0019	0.82	0.15
22	657	fatty acyl-CoA hydrolase activity	1	501	0.0015	0.0143	0.11	0.0
22	657	glucocorticoid biosynthetic process	2	215	0.003	0.0061	0.5	0.04
22	657	NADPH dehydrogenase (quinone) activity	1	15	0.0015	0.0004	3.56	0.61
22	657	dopamine metabolic process	4	173	0.0061	0.0049	1.24	0.39
22	657	retinoic acid metabolic process	3	107	0.0046	0.003	1.5	0.49
22	657	cholate 7-alpha-dehydrogenase (NAD+) activity	4	438	0.0061	0.0125	0.49	0.02
22	657	coenzyme A catabolic process	1	635	0.0015	0.0181	0.08	0.0
22	657	isoursodeoxycholate 7-beta-dehydrogenase (NAD+) activity	1	70	0.0015	0.002	0.76	0.13
22	657	epithelial cell differentiation	5	96	0.0076	0.0027	2.78	1.46
22	657	NADP binding	54	88	0.0822	0.0025	32.8	70.08
22	657	carbonyl reductase (NADPH) activity	34	327	0.0518	0.0093	5.56	15.09
22	657	retinol metabolic process	11	473	0.0167	0.0135	1.24	0.56
22	657	7-beta-hydroxysteroid dehydrogenase (NADP+) activity	495	947	0.7534	0.027	27.94	300.0
22	657	catechol O-methyltransferase activity	4	192	0.0061	0.0055	1.11	0.31
22	657	succinyl-CoA hydrolase activity	1	569	0.0015	0.0162	0.09	0.0
22	657	testosterone dehydrogenase (NAD+) activity	18	1038	0.0274	0.0296	0.93	0.18
22	657	cholesterol metabolic process	2	6083	0.003	0.1732	0.02	-0.0
22	657	endoplasmic reticulum lumen	4	52	0.0061	0.0015	4.11	1.79
22	657	signaling receptor binding	1	1444	0.0015	0.0411	0.04	0.0
22	657	response to nutrient levels	1	20	0.0015	0.0006	2.67	0.5
22	657	cognition	1	21	0.0015	0.0006	2.55	0.48
22	657	organelle membrane	2	154	0.003	0.0044	0.69	0.1
22	657	methylation	16	978	0.0244	0.0278	0.87	0.13
22	657	choloyl-CoA hydrolase activity	1	573	0.0015	0.0163	0.09	0.0
22	657	hydroxymethylglutaryl-CoA hydrolase activity	1	569	0.0015	0.0162	0.09	0.0
22	657	bile acid biosynthetic process	3	520	0.0046	0.0148	0.31	0.0
22	657	glucosylceramidase activity	1	3857	0.0015	0.1098	0.01	-0.0
22	657	estradiol 17-beta-dehydrogenase [NAD(P)+] activity	29	2847	0.0441	0.0811	0.54	0.0
22	657	lipid metabolic process	25	1633	0.0381	0.0465	0.82	0.06
22	657	heme binding	32	5655	0.0487	0.161	0.3	-0.0
22	657	intracellular membrane-bounded organelle	2	19	0.003	0.0005	5.63	1.31
22	657	response to hypoxia	3	20	0.0046	0.0006	8.02	2.23
22	657	protein homodimerization activity	57	390	0.0868	0.0111	7.81	32.81
22	657	apical part of cell	2	104	0.003	0.003	1.03	0.24
22	657	androstan-3-alpha,17-beta-diol dehydrogenase (NAD+) activity	18	943	0.0274	0.0269	1.02	0.3
22	657	bile acid metabolic process	2	229	0.003	0.0065	0.47	0.03
22	657	carboxylic ester hydrolase activity	1	572	0.0015	0.0163	0.09	0.0
22	657	peroxisome organization	1	485	0.0015	0.0138	0.11	0.0
22	657	estrogen metabolic process	4	1660	0.0061	0.0473	0.13	0.0
22	657	all-trans-retinol dehydrogenase (NADP+) activity	2	25	0.003	0.0007	4.28	1.1
22	657	cholesterol biosynthetic process via desmosterol	3	288	0.0046	0.0082	0.56	0.04
22	657	very long-chain fatty acid metabolic process	2	15	0.003	0.0004	7.13	1.51
22	657	peroxisomal matrix	2	1220	0.003	0.0347	0.09	0.0
22	657	long-chain fatty acid metabolic process	2	73	0.003	0.0021	1.46	0.4
23	814	phosphatase activity	1	84	0.0012	0.0024	0.51	0.07
23	814	diacylglycerol lipase activity	3	101	0.0037	0.0029	1.28	0.38
23	814	lipid droplet	652	1587	0.801	0.0452	17.72	300.0
23	814	triglyceride catabolic process	649	1003	0.7973	0.0286	27.91	300.0
23	814	triacylglycerol lipase activity	632	2063	0.7764	0.0587	13.22	300.0
23	814	monoacylglycerol lipase activity	652	1012	0.801	0.0288	27.79	300.0
23	814	sterol ester esterase activity	632	2104	0.7764	0.0599	12.96	300.0
23	814	lipid catabolic process	3	1122	0.0037	0.032	0.12	0.0
23	814	retinyl-palmitate esterase activity	2	123	0.0025	0.0035	0.7	0.11
23	814	caveola	652	1185	0.801	0.0337	23.74	300.0
23	814	lipid transport	1	4600	0.0012	0.131	0.01	-0.0
23	814	cholesterol metabolic process	652	6083	0.801	0.1732	4.62	300.0
23	814	protein homodimerization activity	1	390	0.0012	0.0111	0.11	0.0
24	360	estrogen 16-alpha-hydroxylase activity	15	240	0.0417	0.0068	6.1	7.48
24	360	steroid metabolic process	2	321	0.0056	0.0091	0.61	0.07
24	360	nuclear receptor activity	6	205	0.0167	0.0058	2.86	1.71
24	360	sterol 14-demethylase activity	10	2241	0.0278	0.0638	0.44	0.0
24	360	lipid hydroxylation	15	164	0.0417	0.0047	8.92	9.74
24	360	bile acid and bile salt transport	1	143	0.0028	0.0041	0.68	0.11
24	360	protein-folding chaperone binding	2	153	0.0056	0.0044	1.28	0.33
24	360	positive regulation of insulin secretion involved in cellular response to glucose stimulus	34	96	0.0944	0.0027	34.55	42.54
24	360	retinoic acid 4-hydroxylase activity	15	100	0.0417	0.0028	14.63	12.9
24	360	positive regulation of insulin receptor signaling pathway	34	114	0.0944	0.0032	29.09	39.56
24	360	neutrophil differentiation	81	83	0.225	0.0024	95.2	161.8
24	360	regulation of low-density lipoprotein particle clearance	35	96	0.0972	0.0027	35.56	44.32
24	360	DNA-templated transcription	35	681	0.0972	0.0194	5.01	14.15
24	360	negative regulation of apoptotic process	35	225	0.0972	0.0064	15.17	30.01
24	360	negative regulation of tumor necrosis factor-mediated signaling pathway	34	167	0.0944	0.0048	19.86	33.32
24	360	response to ethanol	1	23	0.0028	0.0007	4.24	0.68
24	360	negative regulation of tumor necrosis factor production	35	97	0.0972	0.0028	35.2	44.13
24	360	progesterone metabolic process	11	906	0.0306	0.0258	1.18	0.49
24	360	intracellular glucose homeostasis	34	92	0.0944	0.0026	36.05	43.3
24	360	inflammatory response	34	105	0.0944	0.003	31.59	40.97
24	360	cholesterol biosynthetic process	164	2414	0.4556	0.0687	6.63	92.26
24	360	nuclear membrane	3	43	0.0083	0.0012	6.81	2.01
24	360	nuclear lamina	79	81	0.2194	0.0023	95.14	157.63
24	360	xenobiotic catabolic process	15	191	0.0417	0.0054	7.66	8.82
24	360	intracellular receptor signaling pathway	6	24	0.0167	0.0007	24.39	6.89
24	360	negative regulation of transcription by RNA polymerase II	35	416	0.0972	0.0118	8.21	20.84
24	360	negative regulation of canonical NF-kappaB signal transduction	35	248	0.0972	0.0071	13.77	28.5
24	360	steroid hydroxylase activity	2	153	0.0056	0.0044	1.28	0.33
24	360	regulation of DNA-templated transcription	1	26	0.0028	0.0007	3.75	0.63
24	360	alkaloid catabolic process	15	102	0.0417	0.0029	14.35	12.77
24	360	nuclear speck	35	268	0.0972	0.0076	12.74	27.31
24	360	response to estrogen	1	109	0.0028	0.0031	0.89	0.17
24	360	zymosterol biosynthetic process	79	201	0.2194	0.0057	38.34	104.3
24	360	bile acid nuclear receptor activity	35	95	0.0972	0.0027	35.94	44.51
24	360	Delta14-sterol reductase activity	233	303	0.6472	0.0086	75.01	300.0
24	360	positive regulation of gene expression	1	432	0.0028	0.0123	0.23	0.0
24	360	cellular response to fatty acid	35	94	0.0972	0.0027	36.32	44.71
24	360	cholesterol homeostasis	34	1948	0.0944	0.0555	1.7	2.73
24	360	bile acid binding	6	34	0.0167	0.001	17.21	5.93
24	360	nuclear receptor-mediated bile acid signaling pathway	35	95	0.0972	0.0027	35.94	44.51
24	360	response to glucose	1	58	0.0028	0.0017	1.68	0.35
24	360	protein-containing complex binding	1	246	0.0028	0.007	0.4	0.04
24	360	cellular response to lipopolysaccharide	34	101	0.0944	0.0029	32.84	41.65
24	360	response to xenobiotic stimulus	1	98	0.0028	0.0028	1.0	0.2
24	360	negative regulation of type II interferon production	35	94	0.0972	0.0027	36.32	44.71
24	360	methyltransferase activity	9	767	0.025	0.0218	1.14	0.41
24	360	RNA polymerase II transcription regulator complex	35	100	0.0972	0.0028	34.14	43.57
24	360	fatty acid homeostasis	34	93	0.0944	0.0026	35.66	43.11
24	360	positive regulation of transcription by RNA polymerase II	6	282	0.0167	0.008	2.08	1.15
24	360	steroid 17-alpha-monooxygenase activity	11	846	0.0306	0.0241	1.27	0.6
24	360	negative regulation of interleukin-1 production	34	91	0.0944	0.0026	36.45	43.5
24	360	nuclear envelope	3	191	0.0083	0.0054	1.53	0.51
24	360	sequence-specific DNA binding	1	90	0.0028	0.0026	1.08	0.22
24	360	chenodeoxycholic acid binding	35	94	0.0972	0.0027	36.32	44.71
24	360	RNA polymerase II cis-regulatory region sequence-specific DNA binding	35	466	0.0972	0.0133	7.33	19.25
24	360	ecdysone receptor signaling pathway	1	17	0.0028	0.0005	5.74	0.79
24	360	innate immune response	34	99	0.0944	0.0028	33.5	42.0
24	360	response to lipopolysaccharide	1	17	0.0028	0.0005	5.74	0.79
24	360	negative regulation of monocyte chemotactic protein-1 production	34	110	0.0944	0.0031	30.15	40.17
24	360	random inactivation of X chromosome	69	70	0.1917	0.002	96.15	138.41
24	360	positive regulation of DNA-templated transcription	1	326	0.0028	0.0093	0.3	0.02
24	360	transcription coregulator binding	35	95	0.0972	0.0027	35.94	44.51
24	360	nuclear retinoid X receptor binding	34	91	0.0944	0.0026	36.45	43.5
24	360	testosterone 6-beta-hydroxylase activity	12	82	0.0333	0.0023	14.28	10.31
24	360	cell differentiation	35	459	0.0972	0.0131	7.44	19.46
24	360	NADPH binding	89	114	0.2472	0.0032	76.16	157.25
24	360	cell-cell junction assembly	34	91	0.0944	0.0026	36.45	43.5
24	360	negative regulation of interleukin-2 production	34	91	0.0944	0.0026	36.45	43.5
24	360	digestive tract development	1	50	0.0028	0.0014	1.95	0.39
24	360	oxidative demethylation	15	163	0.0417	0.0046	8.98	9.78
24	360	defense response to bacterium	34	91	0.0944	0.0026	36.45	43.5
24	360	positive regulation of adipose tissue development	34	91	0.0944	0.0026	36.45	43.5
24	360	retinoic acid metabolic process	15	107	0.0417	0.003	13.67	12.46
24	360	hydroperoxy icosatetraenoate dehydratase activity	13	512	0.0361	0.0146	2.48	2.58
24	360	positive regulation of interleukin-17 production	35	94	0.0972	0.0027	36.32	44.71
24	360	regulation of transcription by RNA polymerase II	1	97	0.0028	0.0028	1.01	0.2
24	360	retinol metabolic process	10	473	0.0278	0.0135	2.06	1.6
24	360	DNA-binding transcription factor activity	1	45	0.0028	0.0013	2.17	0.43
24	360	receptor complex	35	191	0.0972	0.0054	17.88	32.59
24	360	negative regulation of inflammatory response	35	386	0.0972	0.011	8.84	21.92
24	360	toll-like receptor 9 signaling pathway	34	91	0.0944	0.0026	36.45	43.5
24	360	DNA-binding transcription activator activity, RNA polymerase II-specific	35	483	0.0972	0.0138	7.07	18.75
24	360	negative regulation of very-low-density lipoprotein particle remodeling	1	136	0.0028	0.0039	0.72	0.12
24	360	hormone biosynthetic process	11	713	0.0306	0.0203	1.5	0.93
24	360	response to nutrient levels	1	20	0.0028	0.0006	4.88	0.73
24	360	negative regulation of interleukin-6 production	34	158	0.0944	0.0045	20.99	34.19
24	360	triglyceride homeostasis	1	755	0.0028	0.0215	0.13	0.0
24	360	oxidoreductase activity, acting on paired donors, with incorporation or reduction of molecular oxygen, reduced flavin or flavoprotein as one donor, and incorporation of one atom of oxygen	2	92	0.0056	0.0026	2.12	0.61
24	360	protein heterodimerization activity	1	308	0.0028	0.0088	0.32	0.02
24	360	oxygen binding	15	95	0.0417	0.0027	15.4	13.24
24	360	intracellular triglyceride homeostasis	35	96	0.0972	0.0027	35.56	44.32
24	360	methylation	9	978	0.025	0.0278	0.9	0.17
24	360	positive regulation of ammonia assimilation cycle	34	91	0.0944	0.0026	36.45	43.5
24	360	heme binding	38	5655	0.1056	0.161	0.66	0.0
24	360	nuclear inner membrane	233	247	0.6472	0.007	92.02	300.0
24	360	aflatoxin metabolic process	15	92	0.0417	0.0026	15.9	13.46
24	360	chromatin-protein adaptor activity	79	81	0.2194	0.0023	95.14	157.63
24	360	ecdysone binding	1	19	0.0028	0.0005	5.13	0.75
24	360	positive regulation of phosphatidic acid biosynthetic process	35	94	0.0972	0.0027	36.32	44.71
24	360	cellular response to bile acid	35	95	0.0972	0.0027	35.94	44.51
24	360	bile acid metabolic process	3	229	0.0083	0.0065	1.28	0.38
24	360	euchromatin	35	172	0.0972	0.0049	19.85	34.28
24	360	transcription cis-regulatory region binding	1	16	0.0028	0.0005	6.1	0.82
24	360	estrogen metabolic process	15	1660	0.0417	0.0473	0.88	0.14
24	360	cholesterol biosynthetic process via desmosterol	79	288	0.2194	0.0082	26.76	89.65
24	360	chromo shadow domain binding	87	89	0.2417	0.0025	95.36	174.35
25	366	developmental process involved in reproduction	1	60	0.0027	0.0017	1.6	0.33
25	366	cell-cell signaling	8	1430	0.0219	0.0407	0.54	0.01
25	366	smoothened signaling pathway	8	1536	0.0219	0.0437	0.5	0.0
25	366	positive regulation of smoothened signaling pathway	5	196	0.0137	0.0056	2.45	1.26
25	366	patched binding	8	1613	0.0219	0.0459	0.48	0.0
25	366	system development	8	410	0.0219	0.0117	1.87	1.17
25	366	intein-mediated protein splicing	8	1354	0.0219	0.0386	0.57	0.01
25	366	glucosylceramide catabolic process	347	3041	0.9481	0.0866	10.95	300.0
25	366	cell fate specification	8	1408	0.0219	0.0401	0.55	0.01
25	366	protein autoprocessing	8	1424	0.0219	0.0406	0.54	0.01
25	366	calcium ion binding	8	1460	0.0219	0.0416	0.53	0.01
25	366	steryl-beta-glucosidase activity	15	640	0.041	0.0182	2.25	2.49
25	366	galactosylceramidase activity	348	3865	0.9508	0.1101	8.64	300.0
25	366	peptidase activity	8	1425	0.0219	0.0406	0.54	0.01
25	366	regulation of gene expression	8	1316	0.0219	0.0375	0.58	0.01
25	366	lysosomal membrane	348	2454	0.9508	0.0699	13.61	300.0
25	366	cholesterol metabolic process	345	6083	0.9426	0.1732	5.44	234.03
25	366	glucosylceramidase activity	348	3857	0.9508	0.1098	8.66	300.0
26	593	phosphatidylcholine binding	574	737	0.968	0.021	46.12	300.0
26	593	positive regulation of phospholipid transport	51	54	0.086	0.0015	55.93	86.97
26	593	phospholipid homeostasis	574	762	0.968	0.0217	44.61	300.0
26	593	triglyceride metabolic process	574	590	0.968	0.0168	57.61	300.0
26	593	triglyceride binding	574	575	0.968	0.0164	59.12	300.0
26	593	cholesterol homeostasis	574	1948	0.968	0.0555	17.45	300.0
26	593	cholesterol transport	5	68	0.0084	0.0019	4.35	2.23
26	593	phosphatidylcholine metabolic process	574	589	0.968	0.0168	57.71	300.0
26	593	cholesterol transfer activity	574	937	0.968	0.0267	36.28	300.0
26	593	low-density lipoprotein particle remodeling	574	643	0.968	0.0183	52.86	300.0
26	593	cholesterol binding	574	1642	0.968	0.0468	20.7	300.0
26	593	very-low-density lipoprotein particle remodeling	574	593	0.968	0.0169	57.32	300.0
26	593	negative regulation of macrophage derived foam cell differentiation	1	39	0.0017	0.0011	1.52	0.31
26	593	high-density lipoprotein particle	574	603	0.968	0.0172	56.37	300.0
26	593	lipid transport	1	4600	0.0017	0.131	0.01	-0.0
26	593	regulation of cholesterol efflux	51	90	0.086	0.0026	33.56	65.93
26	593	positive regulation of cholesterol transport	51	53	0.086	0.0015	56.98	88.22
26	593	lipid binding	1	1476	0.0017	0.042	0.04	0.0
26	593	high-density lipoprotein particle remodeling	574	768	0.968	0.0219	44.26	300.0
26	593	cholesterol metabolic process	574	6083	0.968	0.1732	5.59	300.0
26	593	triglyceride homeostasis	574	755	0.968	0.0215	45.02	300.0
26	593	triglyceride transport	574	643	0.968	0.0183	52.86	300.0
26	593	reverse cholesterol transport	574	776	0.968	0.0221	43.8	300.0
26	593	phospholipid transporter activity	574	596	0.968	0.017	57.03	300.0
27	569	sterol 14-demethylase activity	66	2241	0.116	0.0638	1.82	5.67
27	569	magnesium ion binding	434	681	0.7627	0.0194	39.33	300.0
27	569	malonyl-CoA catabolic process	68	134	0.1195	0.0038	31.32	84.77
27	569	butyryl-CoA catabolic process	68	134	0.1195	0.0038	31.32	84.77
27	569	manganese ion binding	433	476	0.761	0.0136	56.14	300.0
27	569	medium-chain fatty-acyl-CoA catabolic process	68	134	0.1195	0.0038	31.32	84.77
27	569	mycotoxin biosynthetic process	44	104	0.0773	0.003	26.11	50.22
27	569	ergosterol biosynthetic process	6	396	0.0105	0.0113	0.94	0.21
27	569	propionyl-CoA metabolic process	2	68	0.0035	0.0019	1.82	0.52
27	569	nucleoside diphosphate metabolic process	433	475	0.761	0.0135	56.26	300.0
27	569	succinyl-CoA catabolic process	68	134	0.1195	0.0038	31.32	84.77
27	569	sterol biosynthetic process	1	80	0.0018	0.0023	0.77	0.14
27	569	methyltransferase activity	23	767	0.0404	0.0218	1.85	2.41
27	569	snoRNA binding	68	68	0.1195	0.0019	61.72	123.53
27	569	coenzyme A diphosphatase activity	458	1023	0.8049	0.0291	27.63	300.0
27	569	coenzyme A catabolic process	453	635	0.7961	0.0181	44.03	300.0
27	569	peroxisome	14	1627	0.0246	0.0463	0.53	0.0
27	569	methylation	23	978	0.0404	0.0278	1.45	1.3
27	569	heme binding	66	5655	0.116	0.161	0.72	0.0
27	569	propionyl-CoA catabolic process	68	68	0.1195	0.0019	61.72	123.53
27	569	peroxisomal matrix	458	1220	0.8049	0.0347	23.17	300.0
28	529	estrogen 16-alpha-hydroxylase activity	130	240	0.2457	0.0068	35.96	174.24
28	529	vitamin D metabolic process	62	67	0.1172	0.0019	61.43	107.6
28	529	steroid biosynthetic process	19	557	0.0359	0.0159	2.26	3.04
28	529	steroid metabolic process	13	321	0.0246	0.0091	2.69	2.89
28	529	Hsp90 protein binding	10	97	0.0189	0.0028	6.84	5.67
28	529	lipid hydroxylation	62	164	0.1172	0.0047	25.1	69.11
28	529	long-chain fatty acid omega-hydroxylase activity	62	302	0.1172	0.0086	13.63	50.6
28	529	regulation of multicellular organismal process	1	56	0.0019	0.0016	1.19	0.24
28	529	protein serine/threonine kinase activity	1	50	0.0019	0.0014	1.33	0.27
28	529	monooxygenase activity	5	196	0.0095	0.0056	1.69	0.76
28	529	enzyme binding	59	350	0.1115	0.01	11.19	42.92
28	529	progesterone metabolic process	399	906	0.7543	0.0258	29.24	300.0
28	529	demethylase activity	59	60	0.1115	0.0017	65.28	107.17
28	529	monoterpenoid metabolic process	56	71	0.1059	0.002	52.36	88.45
28	529	alkaloid metabolic process	56	57	0.1059	0.0016	65.22	101.58
28	529	toxin biosynthetic process	56	56	0.1059	0.0016	66.38	103.33
28	529	xenobiotic catabolic process	68	191	0.1285	0.0054	23.63	73.74
28	529	lung development	2	21	0.0038	0.0006	6.32	1.4
28	529	xenobiotic metabolic process	59	499	0.1115	0.0142	7.85	33.99
28	529	steroid hydroxylase activity	32	153	0.0605	0.0044	13.88	26.47
28	529	estrogen 2-hydroxylase activity	133	161	0.2514	0.0046	54.84	219.04
28	529	liver development	1	31	0.0019	0.0009	2.14	0.43
28	529	response to xenobiotic stimulus	2	98	0.0038	0.0028	1.35	0.36
28	529	steroid catabolic process	68	962	0.1285	0.0274	4.69	25.54
28	529	response to toxic substance	2	39	0.0038	0.0011	3.4	0.93
28	529	caffeine oxidase activity	56	71	0.1059	0.002	52.36	88.45
28	529	arachidonate metabolic process	11	36	0.0208	0.001	20.28	11.46
28	529	steroid 17-alpha-monooxygenase activity	403	846	0.7618	0.0241	31.62	300.0
28	529	lyase activity	5	326	0.0095	0.0093	1.02	0.26
28	529	fatty acid metabolic process	6	1010	0.0113	0.0288	0.39	0.0
28	529	monocarboxylic acid metabolic process	55	166	0.104	0.0047	21.99	57.5
28	529	response to lipopolysaccharide	4	17	0.0076	0.0005	15.62	3.98
28	529	autophagy	1	1314	0.0019	0.0374	0.05	0.0
28	529	digestive tract development	3	50	0.0057	0.0014	3.98	1.4
28	529	oxidative demethylation	56	163	0.1059	0.0046	22.81	59.59
28	529	regulation of gene expression	2	1316	0.0038	0.0375	0.1	0.0
28	529	hydroperoxy icosatetraenoate dehydratase activity	447	512	0.845	0.0146	57.96	300.0
28	529	retinol metabolic process	387	473	0.7316	0.0135	54.31	300.0
28	529	vitamin D 24-hydroxylase activity	62	75	0.1172	0.0021	54.88	100.53
28	529	Hsp70 protein binding	10	16	0.0189	0.0005	41.49	14.39
28	529	response to estradiol	1	57	0.0019	0.0016	1.16	0.24
28	529	cholesterol metabolic process	12	6083	0.0227	0.1732	0.13	-0.0
28	529	hormone biosynthetic process	399	713	0.7543	0.0203	37.15	300.0
28	529	response to bacterium	3	73	0.0057	0.0021	2.73	1.01
28	529	oxidoreductase activity, acting on paired donors, with incorporation or reduction of molecular oxygen, reduced flavin or flavoprotein as one donor, and incorporation of one atom of oxygen	51	92	0.0964	0.0026	36.8	67.85
28	529	arachidonate monooxygenase activity	62	62	0.1172	0.0018	66.38	114.56
28	529	methylation	1	978	0.0019	0.0278	0.07	0.0
28	529	lipid metabolic process	4	1633	0.0076	0.0465	0.16	0.0
28	529	heme binding	454	5655	0.8582	0.161	5.33	279.72
28	529	intracellular membrane-bounded organelle	1	19	0.0019	0.0005	3.49	0.6
28	529	aflatoxin metabolic process	1	92	0.0019	0.0026	0.72	0.12
28	529	response to hypoxia	3	20	0.0057	0.0006	9.96	2.49
28	529	long-chain fatty acid omega-1 hydroxylase activity	62	62	0.1172	0.0018	66.38	114.56
28	529	flavonoid metabolic process	3	16	0.0057	0.0005	12.45	2.78
28	529	estrogen metabolic process	132	1660	0.2495	0.0473	5.28	57.18
28	529	long-chain fatty acid metabolic process	62	73	0.1172	0.0021	56.38	102.07
28	529	toxin metabolic process	21	30	0.0397	0.0009	46.47	31.33
29	296	glucocorticoid metabolic process	2	45	0.0068	0.0013	5.27	1.26
29	296	steroid biosynthetic process	119	557	0.402	0.0159	25.35	135.65
29	296	heat shock protein binding	58	134	0.1959	0.0038	51.35	84.45
29	296	G protein-coupled receptor activity	22	338	0.0743	0.0096	7.72	12.73
29	296	phospholipid homeostasis	58	762	0.1959	0.0217	9.03	37.14
29	296	positive regulation of cell population proliferation	22	218	0.0743	0.0062	11.97	16.7
29	296	positive regulation of cell migration	22	223	0.0743	0.0064	11.7	16.49
29	296	androgen biosynthetic process	69	155	0.2331	0.0044	52.81	102.01
29	296	positive regulation of inositol trisphosphate biosynthetic process	22	79	0.0743	0.0022	33.04	26.87
29	296	cholesterol efflux	58	528	0.1959	0.015	13.03	46.13
29	296	cellular response to estradiol stimulus	23	368	0.0777	0.0105	7.41	12.91
29	296	cellular response to peptide hormone stimulus	22	269	0.0743	0.0077	9.7	14.76
29	296	developmental process	1	177	0.0034	0.005	0.67	0.11
29	296	fatty acid elongase complex	74	76	0.25	0.0022	115.52	154.35
29	296	positive regulation of ERK1 and ERK2 cascade	22	89	0.0743	0.0025	29.33	25.59
29	296	positive regulation of phagocytosis	58	132	0.1959	0.0038	52.13	84.94
29	296	response to steroid hormone	1	23	0.0034	0.0007	5.16	0.75
29	296	positive regulation of protein localization to plasma membrane	22	86	0.0743	0.0024	30.35	25.96
29	296	chemorepellent activity	58	75	0.1959	0.0021	91.75	106.46
29	296	phosphatidylcholine biosynthetic process	58	150	0.1959	0.0043	45.87	80.86
29	296	positive regulation of substrate adhesion-dependent cell spreading	58	75	0.1959	0.0021	91.75	106.46
29	296	negative regulation of tumor necrosis factor-mediated signaling pathway	58	167	0.1959	0.0048	41.2	77.56
29	296	protein stabilization	58	136	0.1959	0.0039	50.6	83.97
29	296	endocytic vesicle	58	82	0.1959	0.0023	83.92	102.44
29	296	negative regulation of gene expression	22	363	0.0743	0.0103	7.19	12.1
29	296	response to ethanol	1	23	0.0034	0.0007	5.16	0.75
29	296	enzyme binding	58	350	0.1959	0.01	19.66	56.73
29	296	apoptotic process	23	313	0.0777	0.0089	8.72	14.4
29	296	steroid binding	1	1674	0.0034	0.0477	0.07	0.0
29	296	fibronectin binding	65	67	0.2196	0.0019	115.1	134.76
29	296	negative regulation of vascular associated smooth muscle cell proliferation	22	80	0.0743	0.0023	32.63	26.73
29	296	positive regulation of release of sequestered calcium ion into cytosol	22	79	0.0743	0.0022	33.04	26.87
29	296	nuclear receptor-mediated steroid hormone signaling pathway	3	50	0.0101	0.0014	7.12	2.06
29	296	cholesterol biosynthetic process	2	2414	0.0068	0.0687	0.1	0.0
29	296	steroid hormone binding	22	392	0.0743	0.0112	6.66	11.44
29	296	negative regulation of neuron apoptotic process	1	53	0.0034	0.0015	2.24	0.44
29	296	high-density lipoprotein particle receptor binding	58	133	0.1959	0.0038	51.74	84.7
29	296	recycling endosome	23	268	0.0777	0.0076	10.18	15.87
29	296	positive regulation of epidermal growth factor receptor signaling pathway	22	82	0.0743	0.0023	31.83	26.47
29	296	cellular response to lipoprotein particle stimulus	58	132	0.1959	0.0038	52.13	84.94
29	296	negative regulation of heterotypic cell-cell adhesion	58	75	0.1959	0.0021	91.75	106.46
29	296	dendritic spine membrane	23	254	0.0777	0.0072	10.74	16.38
29	296	cytoplasmic vesicle	2	26	0.0068	0.0007	9.13	1.7
29	296	high-density lipoprotein particle assembly	58	134	0.1959	0.0038	51.35	84.45
29	296	positive regulation of phospholipid efflux	58	82	0.1959	0.0023	83.92	102.44
29	296	nuclear estrogen receptor activity	22	363	0.0743	0.0103	7.19	12.1
29	296	nervous system development	22	218	0.0743	0.0062	11.97	16.7
29	296	positive regulation of uterine smooth muscle contraction	22	79	0.0743	0.0022	33.04	26.87
29	296	testosterone dehydrogenase (NADP+) activity	69	128	0.2331	0.0036	63.95	109.79
29	296	chylomicron	56	131	0.1892	0.0037	50.72	81.09
29	296	apolipoprotein receptor binding	2	59	0.0068	0.0017	4.02	1.05
29	296	response to estrogen	2	109	0.0068	0.0031	2.18	0.63
29	296	positive regulation of Rho protein signal transduction	58	75	0.1959	0.0021	91.75	106.46
29	296	negative regulation of leukocyte activation	22	79	0.0743	0.0022	33.04	26.87
29	296	negative regulation of interleukin-1 beta production	58	77	0.1959	0.0022	89.36	105.23
29	296	vitamin transport	58	78	0.1959	0.0022	88.22	104.65
29	296	receptor ligand activity	2	61	0.0068	0.0017	3.89	1.03
29	296	phospholipid binding	58	82	0.1959	0.0023	83.92	102.44
29	296	negative regulation of cell adhesion molecule production	58	75	0.1959	0.0021	91.75	106.46
29	296	positive regulation of gene expression	22	432	0.0743	0.0123	6.04	10.62
29	296	positive regulation of embryonic development	1	46	0.0034	0.0013	2.58	0.49
29	296	very-low-density lipoprotein particle	58	133	0.1959	0.0038	51.74	84.7
29	296	amyloid-beta formation	58	75	0.1959	0.0021	91.75	106.46
29	296	androgen metabolic process	1	1056	0.0034	0.0301	0.11	0.0
29	296	cholesterol homeostasis	58	1948	0.1959	0.0555	3.53	16.47
29	296	positive regulation of G protein-coupled receptor signaling pathway	22	79	0.0743	0.0022	33.04	26.87
29	296	brain development	1	209	0.0034	0.006	0.57	0.08
29	296	lipid transporter activity	2	87	0.0068	0.0025	2.73	0.78
29	296	cholesterol transport	2	68	0.0068	0.0019	3.49	0.95
29	296	very-long-chain 3-oxoacyl-CoA reductase activity	188	237	0.6351	0.0067	94.11	300.0
29	296	peripheral nervous system axon regeneration	1	18	0.0034	0.0005	6.59	0.85
29	296	response to xenobiotic stimulus	1	98	0.0034	0.0028	1.21	0.25
29	296	cytoskeleton	1	184	0.0034	0.0052	0.64	0.1
29	296	cholesterol import	58	80	0.1959	0.0023	86.01	103.52
29	296	nucleolus	22	165	0.0743	0.0047	15.82	19.35
29	296	cholesterol transfer activity	58	937	0.1959	0.0267	7.34	32.26
29	296	positive regulation of cardiac vascular smooth muscle cell differentiation	22	79	0.0743	0.0022	33.04	26.87
29	296	phospholipid transport	2	35	0.0068	0.001	6.78	1.45
29	296	G protein-coupled receptor signaling pathway	58	98	0.1959	0.0028	70.21	95.31
29	296	cholesterol binding	58	1642	0.1959	0.0468	4.19	19.91
29	296	negative regulation of fat cell differentiation	20	145	0.0676	0.0041	16.36	17.93
29	296	positive regulation of transcription by RNA polymerase II	23	282	0.0777	0.008	9.68	15.39
29	296	integrin-mediated signaling pathway	58	75	0.1959	0.0021	91.75	106.46
29	296	trans-Golgi network	22	149	0.0743	0.0042	17.52	20.34
29	296	cellular response to tumor necrosis factor	22	149	0.0743	0.0042	17.52	20.34
29	296	extracellular matrix	65	179	0.2196	0.0051	43.08	88.7
29	296	modulation of chemical synaptic transmission	20	75	0.0676	0.0021	31.64	24.04
29	296	nuclear envelope	22	191	0.0743	0.0054	13.67	17.94
29	296	low-density lipoprotein particle	56	74	0.1892	0.0021	89.78	101.74
29	296	chromatin binding	22	237	0.0743	0.0067	11.01	15.92
29	296	hormone metabolic process	1	125	0.0034	0.0036	0.95	0.18
29	296	spherical high-density lipoprotein particle	58	133	0.1959	0.0038	51.74	84.7
29	296	negative regulation of oocyte maturation	1	175	0.0034	0.005	0.68	0.11
29	296	negative regulation of cell cycle process	22	79	0.0743	0.0022	33.04	26.87
29	296	positive regulation of cytosolic calcium ion concentration	20	80	0.0676	0.0023	29.66	23.41
29	296	phospholipid efflux	58	158	0.1959	0.0045	43.55	79.25
29	296	negative regulation of meiotic cell cycle	1	175	0.0034	0.005	0.68	0.11
29	296	early endosome	23	257	0.0777	0.0073	10.62	16.27
29	296	cellular response to glucose stimulus	20	88	0.0676	0.0025	26.96	22.5
29	296	regulation of Cdc42 protein signal transduction	58	78	0.1959	0.0022	88.22	104.65
29	296	estrogen biosynthetic process	72	1149	0.2432	0.0327	7.43	40.84
29	296	fatty acid biosynthetic process	7	807	0.0236	0.023	1.03	0.28
29	296	amyloid-beta binding	58	79	0.1959	0.0022	87.1	104.07
29	296	high-density lipoprotein particle	5	603	0.0169	0.0172	0.98	0.24
29	296	adenylate cyclase-activating G protein-coupled receptor signaling pathway	22	84	0.0743	0.0024	31.07	26.21
29	296	postsynaptic density	23	337	0.0777	0.0096	8.1	13.72
29	296	negative regulation of cytokine production involved in immune response	58	132	0.1959	0.0038	52.13	84.94
29	296	collagen binding	65	76	0.2196	0.0022	101.47	125.37
29	296	axon	23	485	0.0777	0.0138	5.63	10.46
29	296	cell differentiation	23	459	0.0777	0.0131	5.94	10.94
29	296	fatty acid elongation, saturated fatty acid	74	76	0.25	0.0022	115.52	154.35
29	296	cellular response to amyloid-beta	1	40	0.0034	0.0011	2.97	0.54
29	296	lipase inhibitor activity	2	60	0.0068	0.0017	3.95	1.04
29	296	lipid binding	2	1476	0.0068	0.042	0.16	0.0
29	296	G protein-coupled estrogen receptor activity	1	48	0.0034	0.0014	2.47	0.48
29	296	negative regulation of lipid biosynthetic process	20	73	0.0676	0.0021	32.5	24.31
29	296	lipoprotein metabolic process	56	215	0.1892	0.0061	30.9	66.67
29	296	negative regulation of inflammatory response	80	386	0.2703	0.011	24.59	87.59
29	296	high-density lipoprotein particle remodeling	58	768	0.1959	0.0219	8.96	36.95
29	296	testosterone dehydrogenase (NAD+) activity	2	1038	0.0068	0.0296	0.23	0.0
29	296	cholesterol metabolic process	58	6083	0.1959	0.1732	1.13	0.77
29	296	negative regulation of very-low-density lipoprotein particle remodeling	58	136	0.1959	0.0039	50.6	83.97
29	296	hippocampus development	1	15	0.0034	0.0004	7.91	0.92
29	296	signaling receptor binding	2	1444	0.0068	0.0411	0.16	0.0
29	296	positive regulation of neurogenesis	20	75	0.0676	0.0021	31.64	24.04
29	296	response to nutrient levels	1	20	0.0034	0.0006	5.93	0.81
29	296	hippocampal mossy fiber to CA3 synapse	3	57	0.0101	0.0016	6.24	1.91
29	296	triglyceride homeostasis	58	755	0.1959	0.0215	9.11	37.36
29	296	negative regulation of phosphatidylinositol 3-kinase/protein kinase B signal transduction	22	79	0.0743	0.0022	33.04	26.87
29	296	cytoplasmic vesicle membrane	23	260	0.0777	0.0074	10.49	16.16
29	296	high-density lipoprotein particle binding	57	133	0.1926	0.0038	50.85	82.65
29	296	positive regulation of stress fiber assembly	58	75	0.1959	0.0021	91.75	106.46
29	296	reverse cholesterol transport	58	776	0.1959	0.0221	8.87	36.7
29	296	positive regulation of cholesterol metabolic process	58	80	0.1959	0.0023	86.01	103.52
29	296	testosterone biosynthetic process	4	46	0.0135	0.0013	10.32	3.21
29	296	estradiol 17-beta-dehydrogenase [NAD(P)+] activity	190	2847	0.6419	0.0811	7.92	130.98
29	296	keratin filament	22	79	0.0743	0.0022	33.04	26.87
29	296	response to nutrient	1	26	0.0034	0.0007	4.56	0.7
29	296	heparin binding	65	146	0.2196	0.0042	52.82	95.94
29	296	positive regulation of cholesterol efflux	58	245	0.1959	0.007	28.09	66.42
29	296	intracellular membrane-bounded organelle	1	19	0.0034	0.0005	6.24	0.83
29	296	positive regulation of insulin secretion	20	74	0.0676	0.0021	32.06	24.17
29	296	phosphatidylcholine-sterol O-acyltransferase activator activity	58	132	0.1959	0.0038	52.13	84.94
29	296	protein homodimerization activity	18	390	0.0608	0.0111	5.48	8.12
29	296	apolipoprotein A-I receptor binding	58	75	0.1959	0.0021	91.75	106.46
29	296	positive regulation of phosphatidylinositol 3-kinase/protein kinase B signal transduction	22	94	0.0743	0.0027	27.77	25.01
29	296	positive regulation of neural precursor cell proliferation	1	61	0.0034	0.0017	1.94	0.39
29	296	negative regulation of ERK1 and ERK2 cascade	22	82	0.0743	0.0023	31.83	26.47
29	296	estrogen metabolic process	1	1660	0.0034	0.0473	0.07	0.0
29	296	mitochondrial membrane	23	1052	0.0777	0.03	2.59	4.46
30	285	diacylglycerol lipase activity	50	101	0.1754	0.0029	61.0	77.35
30	285	lipid droplet	219	1587	0.7684	0.0452	17.0	236.51
30	285	triglyceride catabolic process	217	1003	0.7614	0.0286	26.66	279.69
30	285	cell-cell signaling	23	1430	0.0807	0.0407	1.98	2.81
30	285	triacylglycerol lipase activity	214	2063	0.7509	0.0587	12.78	201.58
30	285	smoothened signaling pathway	23	1536	0.0807	0.0437	1.85	2.43
30	285	gliogenesis	23	585	0.0807	0.0167	4.84	9.2
30	285	patched binding	23	1613	0.0807	0.0459	1.76	2.18
30	285	monoacylglycerol lipase activity	219	1012	0.7684	0.0288	26.66	283.04
30	285	intein-mediated protein splicing	23	1354	0.0807	0.0386	2.09	3.12
30	285	central nervous system development	23	1381	0.0807	0.0393	2.05	3.01
30	285	sterol ester esterase activity	214	2104	0.7509	0.0599	12.53	199.69
30	285	lipid catabolic process	6	1122	0.0211	0.032	0.66	0.05
30	285	protein kinase binding	1	330	0.0035	0.0094	0.37	0.03
30	285	cell fate specification	23	1408	0.0807	0.0401	2.01	2.9
30	285	retinyl-palmitate esterase activity	50	123	0.1754	0.0035	50.09	71.76
30	285	protein autoprocessing	23	1424	0.0807	0.0406	1.99	2.84
30	285	calcium ion binding	23	1460	0.0807	0.0416	1.94	2.7
30	285	osteoblast differentiation	1	27	0.0035	0.0008	4.56	0.7
30	285	caveola	219	1185	0.7684	0.0337	22.77	266.44
30	285	peptidase activity	23	1425	0.0807	0.0406	1.99	2.83
30	285	regulation of gene expression	23	1316	0.0807	0.0375	2.15	3.29
30	285	diacylglycerol catabolic process	4	63	0.014	0.0018	7.82	2.76
30	285	cholesterol metabolic process	219	6083	0.7684	0.1732	4.44	107.7
30	285	striated muscle cell development	23	637	0.0807	0.0181	4.45	8.49
31	308	medium-chain fatty-acyl-CoA metabolic process	57	57	0.1851	0.0016	114.02	119.63
31	308	oxidoreductase activity, acting on the CH-OH group of donors, NAD or NADP as acceptor	200	274	0.6494	0.0078	83.22	300.0
31	308	response to steroid hormone	1	23	0.0032	0.0007	4.96	0.74
31	308	(3S)-3-hydroxyacyl-CoA dehydrogenase (NAD+) activity	57	975	0.1851	0.0278	6.67	29.44
31	308	acyl-CoA metabolic process	3	585	0.0097	0.0167	0.58	0.05
31	308	(3R)-3-hydroxyacyl-CoA dehydrogenase (NAD+) activity	59	130	0.1916	0.0037	51.75	86.4
31	308	fatty acid beta-oxidation	196	279	0.6364	0.0079	80.1	300.0
31	308	acetoacetyl-CoA hydrolase activity	3	569	0.0097	0.0162	0.6	0.06
31	308	nuclear speck	3	268	0.0097	0.0076	1.28	0.38
31	308	acetyl-CoA hydrolase activity	3	569	0.0097	0.0162	0.6	0.06
31	308	androgen metabolic process	58	1056	0.1883	0.0301	6.26	28.55
31	308	response to xenobiotic stimulus	1	98	0.0032	0.0028	1.16	0.24
31	308	fatty acid beta-oxidation using acyl-CoA oxidase	57	65	0.1851	0.0019	99.98	109.95
31	308	lyase activity	1	326	0.0032	0.0093	0.35	0.02
31	308	(2E)-enoyl-CoA hydratase activity	261	261	0.8474	0.0074	114.02	300.0
31	308	fatty acid biosynthetic process	57	807	0.1851	0.023	8.05	33.75
31	308	fatty acid metabolic process	17	1010	0.0552	0.0288	1.92	2.08
31	308	fatty acid catabolic process	3	561	0.0097	0.016	0.61	0.06
31	308	fatty acyl-CoA hydrolase activity	3	501	0.0097	0.0143	0.68	0.09
31	308	peroxisome	213	1627	0.6916	0.0463	14.93	210.56
31	308	succinyl-CoA hydrolase activity	3	569	0.0097	0.0162	0.6	0.06
31	308	very long-chain fatty-acyl-CoA metabolic process	57	57	0.1851	0.0016	114.02	119.63
31	308	choloyl-CoA hydrolase activity	3	573	0.0097	0.0163	0.6	0.06
31	308	hydroxymethylglutaryl-CoA hydrolase activity	3	569	0.0097	0.0162	0.6	0.06
31	308	isomerase activity	203	206	0.6591	0.0059	112.36	300.0
31	308	estradiol 17-beta-dehydrogenase [NAD(P)+] activity	58	2847	0.1883	0.0811	2.32	8.88
31	308	3alpha,7alpha,12alpha-trihydroxy-5beta-cholest-24-enoyl-CoA hydratase activity	261	261	0.8474	0.0074	114.02	300.0
31	308	cholesterol catabolic process	1	1254	0.0032	0.0357	0.09	0.0
31	308	protein homodimerization activity	57	390	0.1851	0.0111	16.66	51.44
31	308	carboxylic ester hydrolase activity	3	572	0.0097	0.0163	0.6	0.06
31	308	peroxisome organization	3	485	0.0097	0.0138	0.71	0.1
31	308	estrogen metabolic process	58	1660	0.1883	0.0473	3.98	18.82
31	308	very long-chain fatty acid metabolic process	2	15	0.0065	0.0004	15.2	2.13
31	308	peroxisomal matrix	60	1220	0.1948	0.0347	5.61	27.02
32	348	glucocorticoid metabolic process	24	45	0.069	0.0013	53.82	35.95
32	348	steroid metabolic process	4	321	0.0115	0.0091	1.26	0.4
32	348	organic anion transport	10	62	0.0287	0.0018	16.28	9.26
32	348	presynapse	16	1207	0.046	0.0344	1.34	0.83
32	348	oxidoreductase activity, acting on the CH-OH group of donors, NAD or NADP as acceptor	3	274	0.0086	0.0078	1.1	0.29
32	348	secondary active transmembrane transporter activity	3	20	0.0086	0.0006	15.14	3.01
32	348	oxidoreductase activity, acting on NAD(P)H, quinone or similar compound as acceptor	45	77	0.1293	0.0022	58.97	69.91
32	348	enzyme binding	4	350	0.0115	0.01	1.15	0.34
32	348	fatty acid beta-oxidation	6	279	0.0172	0.0079	2.17	1.22
32	348	progesterone metabolic process	4	906	0.0115	0.0258	0.45	0.01
32	348	vitamin K metabolic process	27	32	0.0776	0.0009	85.14	49.27
32	348	fatty acid binding	4	18	0.0115	0.0005	22.42	4.59
32	348	external side of plasma membrane	1	25	0.0029	0.0007	4.04	0.66
32	348	prostaglandin E2 9-reductase activity	220	303	0.6322	0.0086	73.27	300.0
32	348	xenobiotic metabolic process	31	499	0.0891	0.0142	6.27	15.2
32	348	steroid hydroxylase activity	4	153	0.0115	0.0044	2.64	1.18
32	348	dendrite	16	1498	0.046	0.0427	1.08	0.38
32	348	basal plasma membrane	2	44	0.0057	0.0013	4.59	1.15
32	348	testosterone dehydrogenase (NADP+) activity	2	128	0.0057	0.0036	1.58	0.44
32	348	prostaglandin transmembrane transporter activity	5	438	0.0144	0.0125	1.15	0.36
32	348	cholesterol 24-hydroxylase activity	16	1202	0.046	0.0342	1.34	0.84
32	348	positive regulation of reactive oxygen species metabolic process	23	47	0.0661	0.0013	49.38	33.3
32	348	protein-containing complex binding	1	246	0.0029	0.007	0.41	0.04
32	348	prostaglandin transport	8	26	0.023	0.0007	31.05	9.94
32	348	steroid catabolic process	1	962	0.0029	0.0274	0.1	0.0
32	348	apical plasma membrane	8	5067	0.023	0.1443	0.16	0.0
32	348	fatty acid beta-oxidation using acyl-CoA oxidase	5	65	0.0144	0.0019	7.76	3.33
32	348	postsynapse	16	1209	0.046	0.0344	1.34	0.83
32	348	transmembrane transporter activity	14	79	0.0402	0.0022	17.88	13.33
32	348	response to toxic substance	7	39	0.0201	0.0011	18.11	6.99
32	348	microvillus	1	42	0.0029	0.0012	2.4	0.47
32	348	protein-containing complex	1	462	0.0029	0.0132	0.22	0.0
32	348	FAD binding	4	94	0.0115	0.0027	4.29	1.84
32	348	15-hydroxyprostaglandin dehydrogenase (NADP+) activity	220	302	0.6322	0.0086	73.51	300.0
32	348	15-hydroxyprostaglandin-D dehydrogenase (NADP+) activity	220	313	0.6322	0.0089	70.93	300.0
32	348	fatty acid metabolic process	1	1010	0.0029	0.0288	0.1	0.0
32	348	urate metabolic process	1	21	0.0029	0.0006	4.81	0.72
32	348	response to lipopolysaccharide	1	17	0.0029	0.0005	5.94	0.81
32	348	sodium-independent organic anion transport	3	35	0.0086	0.001	8.65	2.3
32	348	lipid transport	1	4600	0.0029	0.131	0.02	-0.0
32	348	NADPH binding	1	114	0.0029	0.0032	0.89	0.17
32	348	NADPH dehydrogenase (quinone) activity	1	15	0.0029	0.0004	6.73	0.86
32	348	basolateral plasma membrane	10	3332	0.0287	0.0949	0.3	0.0
32	348	epithelial cell differentiation	23	96	0.0661	0.0027	24.18	24.76
32	348	peroxisome	6	1627	0.0172	0.0463	0.37	0.0
32	348	carbonyl reductase (NADPH) activity	222	327	0.6379	0.0093	68.51	300.0
32	348	toxin transmembrane transporter activity	1	92	0.0029	0.0026	1.1	0.22
32	348	monoatomic ion transport	13	380	0.0374	0.0108	3.45	3.91
32	348	xenobiotic transmembrane transporter activity	7	36	0.0201	0.001	19.62	7.24
32	348	response to estradiol	1	57	0.0029	0.0016	1.77	0.36
32	348	endoplasmic reticulum lumen	4	52	0.0115	0.0015	7.76	2.75
32	348	regulation of long-term synaptic potentiation	4	61	0.0115	0.0017	6.62	2.5
32	348	cognition	1	21	0.0029	0.0006	4.81	0.72
32	348	response to testosterone	1	24	0.0029	0.0007	4.2	0.67
32	348	bile acid biosynthetic process	9	520	0.0259	0.0148	1.75	1.12
32	348	lipid metabolic process	179	1633	0.5144	0.0465	11.06	142.51
32	348	heme binding	16	5655	0.046	0.161	0.29	0.0
32	348	cholesterol catabolic process	16	1254	0.046	0.0357	1.29	0.74
32	348	protein homodimerization activity	3	390	0.0086	0.0111	0.78	0.13
32	348	bile acid metabolic process	4	229	0.0115	0.0065	1.76	0.71
32	348	very long-chain fatty acid metabolic process	7	15	0.0201	0.0004	47.09	10.27
32	348	peroxisomal matrix	1	1220	0.0029	0.0347	0.08	0.0
32	348	long-chain fatty acid metabolic process	4	73	0.0115	0.0021	5.53	2.22
33	480	glucocorticoid metabolic process	1	45	0.0021	0.0013	1.63	0.34
33	480	3-hydroxy-2-methylbutyryl-CoA dehydrogenase activity	1	436	0.0021	0.0124	0.17	0.0
33	480	efflux transmembrane transporter activity	61	941	0.1271	0.0268	4.74	23.18
33	480	sphingolipid translocation	60	79	0.125	0.0022	55.56	95.66
33	480	positive regulation of cell migration	2	223	0.0042	0.0064	0.66	0.09
33	480	leukotriene transport	21	271	0.0437	0.0077	5.67	9.67
33	480	(3S)-3-hydroxyacyl-CoA dehydrogenase (NAD+) activity	1	975	0.0021	0.0278	0.08	0.0
33	480	carboxylic acid transport	21	37	0.0437	0.0011	41.52	29.32
33	480	ATPase-coupled transmembrane transporter activity	1	67	0.0021	0.0019	1.09	0.22
33	480	inflammatory response	1	105	0.0021	0.003	0.7	0.12
33	480	glutathione metabolic process	1	19	0.0021	0.0005	3.85	0.64
33	480	vacuolar membrane	24	40	0.05	0.0011	43.9	34.28
33	480	positive regulation of inflammatory response	21	38	0.0437	0.0011	40.43	28.97
33	480	lateral plasma membrane	60	164	0.125	0.0047	26.77	68.46
33	480	multicellular organism growth	1	17	0.0021	0.0005	4.3	0.68
33	480	ABC-type glutathione S-conjugate transporter activity	368	2783	0.7667	0.0792	9.67	300.0
33	480	xenobiotic metabolic process	40	499	0.0833	0.0142	5.86	18.44
33	480	basal plasma membrane	3	44	0.0063	0.0013	4.99	1.65
33	480	cell junction	62	87	0.1292	0.0025	52.14	95.84
33	480	transmembrane transport	2	127	0.0042	0.0036	1.15	0.28
33	480	ABC-type xenobiotic transporter activity	369	3551	0.7688	0.1011	7.6	268.24
33	480	carboxylic acid transmembrane transporter activity	65	87	0.1354	0.0025	54.66	102.88
33	480	astrocyte differentiation	2	86	0.0042	0.0024	1.7	0.48
33	480	lytic vacuole	24	37	0.05	0.0011	47.46	35.51
33	480	response to xenobiotic stimulus	14	98	0.0292	0.0028	10.45	10.12
33	480	apical plasma membrane	60	5067	0.125	0.1443	0.87	0.05
33	480	cyclic nucleotide transport	64	84	0.1333	0.0024	55.74	102.27
33	480	response to toxic substance	1	39	0.0021	0.0011	1.88	0.38
33	480	phospholipid translocation	60	85	0.125	0.0024	51.64	92.3
33	480	response to glucocorticoid	1	40	0.0021	0.0011	1.83	0.37
33	480	ATPase-coupled lipid transmembrane transporter activity	60	79	0.125	0.0022	55.56	95.66
33	480	glutathione transmembrane transport	16	20	0.0333	0.0006	58.53	26.27
33	480	chromatin binding	1	237	0.0021	0.0067	0.31	0.02
33	480	regulation of membrane potential	1	1212	0.0021	0.0345	0.06	0.0
33	480	phospholipid efflux	2	158	0.0042	0.0045	0.93	0.2
33	480	heme catabolic process	1	101	0.0021	0.0029	0.72	0.12
33	480	lipid transport	303	4600	0.6312	0.131	4.82	145.64
33	480	glutathione transmembrane transporter activity	320	789	0.6667	0.0225	29.67	300.0
33	480	transepithelial transport	60	102	0.125	0.0029	43.04	84.81
33	480	cellular response to amyloid-beta	18	40	0.0375	0.0011	32.92	22.76
33	480	xenobiotic detoxification by transmembrane export across the plasma membrane	2	35	0.0042	0.001	4.18	1.08
33	480	xenobiotic transport across blood-brain barrier	60	102	0.125	0.0029	43.04	84.81
33	480	basolateral plasma membrane	320	3332	0.6667	0.0949	7.03	208.55
33	480	cholate 7-alpha-dehydrogenase (NAD+) activity	1	438	0.0021	0.0125	0.17	0.0
33	480	gene expression	1	124	0.0021	0.0035	0.59	0.09
33	480	leukotriene metabolic process	2	15	0.0042	0.0004	9.75	1.76
33	480	xenobiotic transmembrane transporter activity	5	36	0.0104	0.001	10.16	3.91
33	480	testosterone dehydrogenase (NAD+) activity	1	1038	0.0021	0.0296	0.07	0.0
33	480	hippocampus development	1	15	0.0021	0.0004	4.88	0.73
33	480	protein heterodimerization activity	1	308	0.0021	0.0088	0.24	0.01
33	480	ABC-type vitamin B12 transporter activity	18	35	0.0375	0.001	37.63	24.13
33	480	estradiol 17-beta-dehydrogenase [NAD(P)+] activity	1	2847	0.0021	0.0811	0.03	-0.0
33	480	lipid metabolic process	1	1633	0.0021	0.0465	0.04	0.0
33	480	xenobiotic transport	16	48	0.0333	0.0014	24.39	17.76
33	480	ABC-type transporter activity	5	245	0.0104	0.007	1.49	0.61
33	480	amide transmembrane transporter activity	1	33	0.0021	0.0009	2.22	0.44
33	480	androstan-3-alpha,17-beta-diol dehydrogenase (NAD+) activity	1	943	0.0021	0.0269	0.08	0.0
33	480	export across plasma membrane	60	162	0.125	0.0046	27.1	68.85
33	480	endomembrane system	1	50	0.0021	0.0014	1.46	0.3
34	1177	steroid biosynthetic process	3	557	0.0025	0.0159	0.16	0.0
34	1177	phosphatidylcholine transfer activity	6	80	0.0051	0.0023	2.24	1.28
34	1177	intracellular cholesterol transport	5	57	0.0042	0.0016	2.62	1.38
34	1177	regulation of lipid metabolic process	69	70	0.0586	0.002	29.41	100.78
34	1177	cellular response to cholesterol	1	173	0.0008	0.0049	0.17	0.0
34	1177	lipid hydroperoxide transport	77	77	0.0654	0.0022	29.84	114.62
34	1177	acetyl-CoA C-myristoyltransferase activity	1054	1462	0.8955	0.0416	21.51	300.0
34	1177	cholesterol efflux	2	528	0.0017	0.015	0.11	0.0
34	1177	DNA-templated transcription	2	681	0.0017	0.0194	0.09	0.0
34	1177	signal transduction	1	91	0.0008	0.0026	0.33	0.02
34	1177	(3S)-3-hydroxyacyl-CoA dehydrogenase (NAD+) activity	3	975	0.0025	0.0278	0.09	0.0
34	1177	monooxygenase activity	1	196	0.0008	0.0056	0.15	0.0
34	1177	steroid binding	1	1674	0.0008	0.0477	0.02	-0.0
34	1177	fatty acid beta-oxidation	6	279	0.0051	0.0079	0.64	0.04
34	1177	phosphatidylethanolamine transfer activity	2	71	0.0017	0.002	0.84	0.16
34	1177	fatty acid binding	2	18	0.0017	0.0005	3.32	0.92
34	1177	multicellular organism growth	2	17	0.0017	0.0005	3.51	0.96
34	1177	triglyceride metabolic process	2	590	0.0017	0.0168	0.1	0.0
34	1177	oxidoreductase activity, acting on paired donors, with incorporation or reduction of molecular oxygen	1	156	0.0008	0.0044	0.19	0.0
34	1177	regulation of DNA-templated transcription	2	26	0.0017	0.0007	2.3	0.67
34	1177	system development	2	410	0.0017	0.0117	0.15	0.0
34	1177	acetyl-CoA C-acyltransferase activity	1053	1462	0.8946	0.0416	21.49	300.0
34	1177	androgen metabolic process	1	1056	0.0008	0.0301	0.03	0.0
34	1177	propanoyl-CoA C-acyltransferase activity	6	17	0.0051	0.0005	10.53	4.9
34	1177	protein-containing complex binding	2	246	0.0017	0.007	0.24	0.0
34	1177	cholesterol transfer activity	6	937	0.0051	0.0267	0.19	0.0
34	1177	negative regulation of cell population proliferation	2	97	0.0017	0.0028	0.62	0.08
34	1177	phospholipid transport	3	35	0.0025	0.001	2.56	0.95
34	1177	cholesterol binding	76	1642	0.0646	0.0468	1.38	2.53
34	1177	fatty acid beta-oxidation using acyl-CoA oxidase	2	65	0.0017	0.0019	0.92	0.19
34	1177	arachidonate metabolic process	2	36	0.0017	0.001	1.66	0.47
34	1177	protein-containing complex	76	462	0.0646	0.0132	4.91	30.02
34	1177	sterol transport	2	52	0.0017	0.0015	1.15	0.28
34	1177	brassinosteroid biosynthetic process	1	772	0.0008	0.022	0.04	0.0
34	1177	fatty acid biosynthetic process	75	807	0.0637	0.023	2.77	14.64
34	1177	chromatin organization	2	166	0.0017	0.0047	0.36	0.01
34	1177	fatty acid metabolic process	64	1010	0.0544	0.0288	1.89	5.98
34	1177	collagen binding	2	76	0.0017	0.0022	0.79	0.14
34	1177	lipid transport	977	4600	0.8301	0.131	6.34	300.0
34	1177	positive regulation of cholesterol biosynthetic process	2	22	0.0017	0.0006	2.71	0.78
34	1177	acyltransferase activity	2	16	0.0017	0.0005	3.73	1.01
34	1177	oleic acid binding	76	78	0.0646	0.0022	29.07	109.67
34	1177	lipid binding	978	1476	0.8309	0.042	19.77	300.0
34	1177	regulation of lipid biosynthetic process	21	28	0.0178	0.0008	22.38	25.07
34	1177	protein localization to plasma membrane	3	151	0.0025	0.0043	0.59	0.05
34	1177	peroxisome	983	1627	0.8352	0.0463	18.03	300.0
34	1177	lipoprotein metabolic process	2	215	0.0017	0.0061	0.28	0.0
34	1177	gene expression	2	124	0.0017	0.0035	0.48	0.03
34	1177	response to estradiol	1	57	0.0008	0.0016	0.52	0.07
34	1177	cholesterol metabolic process	2	6083	0.0017	0.1732	0.01	-0.0
34	1177	signaling receptor binding	79	1444	0.0671	0.0411	1.63	4.82
34	1177	fatty-acyl-CoA binding	3	210	0.0025	0.006	0.43	0.01
34	1177	long-chain fatty acyl-CoA binding	76	78	0.0646	0.0022	29.07	109.67
34	1177	bile acid biosynthetic process	4	520	0.0034	0.0148	0.23	0.0
34	1177	estradiol 17-beta-dehydrogenase [NAD(P)+] activity	3	2847	0.0025	0.0811	0.03	-0.0
34	1177	lipid metabolic process	919	1633	0.7808	0.0465	16.79	300.0
34	1177	heme binding	1	5655	0.0008	0.161	0.01	-0.0
34	1177	positive regulation of intracellular cholesterol transport	77	77	0.0654	0.0022	29.84	114.62
34	1177	androstan-3-alpha,17-beta-diol dehydrogenase (NAD+) activity	3	943	0.0025	0.0269	0.09	0.0
34	1177	animal organ development	2	351	0.0017	0.01	0.17	0.0
34	1177	positive regulation of apoptotic process	2	15	0.0017	0.0004	3.98	1.05
34	1177	bile acid metabolic process	9	229	0.0076	0.0065	1.17	0.44
34	1177	estrogen metabolic process	1	1660	0.0008	0.0473	0.02	-0.0
34	1177	peroxisomal matrix	7	1220	0.0059	0.0347	0.17	0.0
34	1177	long-chain fatty acid metabolic process	2	73	0.0017	0.0021	0.82	0.15
35	626	3-hydroxy-2-methylbutyryl-CoA dehydrogenase activity	1	436	0.0016	0.0124	0.13	0.0
35	626	steroid biosynthetic process	5	557	0.008	0.0159	0.5	0.01
35	626	steroid metabolic process	8	321	0.0128	0.0091	1.4	0.66
35	626	3-beta-hydroxysteroid 3-dehydrogenase (NADP+) activity	7	895	0.0112	0.0255	0.44	0.0
35	626	oxidoreductase complex	64	65	0.1022	0.0019	55.23	111.55
35	626	oxidoreductase activity, acting on the CH-OH group of donors, NAD or NADP as acceptor	16	274	0.0256	0.0078	3.28	4.41
35	626	DNA-templated transcription	1	681	0.0016	0.0194	0.08	0.0
35	626	(3S)-3-hydroxyacyl-CoA dehydrogenase (NAD+) activity	1	975	0.0016	0.0278	0.06	0.0
35	626	negative regulation of apoptotic process	7	225	0.0112	0.0064	1.75	0.96
35	626	protein dimerization activity	1	31	0.0016	0.0009	1.81	0.37
35	626	(3R)-3-hydroxyacyl-CoA dehydrogenase (NAD+) activity	70	130	0.1118	0.0037	30.21	86.74
35	626	oxidoreductase activity, acting on NAD(P)H, quinone or similar compound as acceptor	4	77	0.0064	0.0022	2.91	1.31
35	626	quinone binding	509	538	0.8131	0.0153	53.07	300.0
35	626	alcohol metabolic process	3	119	0.0048	0.0034	1.41	0.45
35	626	androgen metabolic process	3	1056	0.0048	0.0301	0.16	0.0
35	626	retinal metabolic process	7	27	0.0112	0.0008	14.54	6.44
35	626	positive regulation of reactive oxygen species metabolic process	3	47	0.0048	0.0013	3.58	1.29
35	626	steroid catabolic process	2	962	0.0032	0.0274	0.12	0.0
35	626	response to toxic substance	7	39	0.0112	0.0011	10.07	5.29
35	626	positive regulation of transcription by RNA polymerase II	1	282	0.0016	0.008	0.2	0.0
35	626	mitochondrial envelope	59	60	0.0942	0.0017	55.16	102.62
35	626	nuclear envelope	7	191	0.0112	0.0054	2.06	1.25
35	626	estrogen biosynthetic process	162	1149	0.2588	0.0327	7.91	97.38
35	626	fatty acid biosynthetic process	525	807	0.8387	0.023	36.49	300.0
35	626	fatty acid metabolic process	1	1010	0.0016	0.0288	0.06	0.0
35	626	androsterone dehydrogenase [NAD(P)+] activity	1	38	0.0016	0.0011	1.48	0.31
35	626	protein heterotetramerization	66	67	0.1054	0.0019	55.26	115.13
35	626	retinal dehydrogenase (NAD+) activity	2	15	0.0032	0.0004	7.48	1.54
35	626	cholate 7-alpha-dehydrogenase (NAD+) activity	1	438	0.0016	0.0125	0.13	0.0
35	626	peroxisome	9	1627	0.0144	0.0463	0.31	0.0
35	626	carbonyl reductase (NADPH) activity	17	327	0.0272	0.0093	2.92	4.03
35	626	testosterone dehydrogenase (NAD+) activity	526	1038	0.8403	0.0296	28.43	300.0
35	626	NADH binding	66	67	0.1054	0.0019	55.26	115.13
35	626	estradiol 17-beta-dehydrogenase [NAD(P)+] activity	529	2847	0.845	0.0811	10.42	300.0
35	626	heme binding	1	5655	0.0016	0.161	0.01	-0.0
35	626	androstan-3-alpha,17-beta-diol dehydrogenase (NAD+) activity	2	943	0.0032	0.0269	0.12	0.0
35	626	estrogen metabolic process	366	1660	0.5847	0.0473	12.37	300.0
35	626	all-trans-retinol dehydrogenase (NADP+) activity	16	25	0.0256	0.0007	35.9	21.82
35	626	peroxisomal matrix	1	1220	0.0016	0.0347	0.05	0.0
36	166	phosphatidylcholine binding	1	737	0.006	0.021	0.29	0.01
36	166	estrogen 16-alpha-hydroxylase activity	7	240	0.0422	0.0068	6.17	3.81
36	166	GTP binding	1	50	0.006	0.0014	4.23	0.68
36	166	steroid biosynthetic process	1	557	0.006	0.0159	0.38	0.03
36	166	steroid metabolic process	16	321	0.0964	0.0091	10.54	11.45
36	166	heat shock protein binding	16	134	0.0964	0.0038	25.26	17.43
36	166	intracellular cholesterol transport	7	57	0.0422	0.0016	25.98	8.0
36	166	phospholipid homeostasis	16	762	0.0964	0.0217	4.44	6.12
36	166	cholesterol efflux	22	528	0.1325	0.015	8.81	14.0
36	166	oxidoreductase activity, acting on paired donors, with incorporation or reduction of molecular oxygen, NAD(P)H as one donor, and incorporation of one atom of oxygen	1	472	0.006	0.0134	0.45	0.05
36	166	magnesium ion binding	11	681	0.0663	0.0194	3.42	3.38
36	166	developmental process	12	177	0.0723	0.005	14.34	10.24
36	166	positive regulation of phagocytosis	16	132	0.0964	0.0038	25.64	17.54
36	166	response to steroid hormone	1	23	0.006	0.0007	9.2	0.99
36	166	chemorepellent activity	16	75	0.0964	0.0021	45.13	21.7
36	166	phosphatidylcholine biosynthetic process	16	150	0.0964	0.0043	22.57	16.63
36	166	positive regulation of substrate adhesion-dependent cell spreading	16	75	0.0964	0.0021	45.13	21.7
36	166	negative regulation of tumor necrosis factor-mediated signaling pathway	16	167	0.0964	0.0048	20.27	15.87
36	166	protein stabilization	16	136	0.0964	0.0039	24.89	17.32
36	166	endocytic vesicle	16	82	0.0964	0.0023	41.28	21.02
36	166	steroid sulfotransferase activity	18	18	0.1084	0.0005	211.55	42.27
36	166	monooxygenase activity	3	196	0.0181	0.0056	3.24	1.18
36	166	enzyme binding	18	350	0.1084	0.01	10.88	13.06
36	166	steroid binding	5	1674	0.0301	0.0477	0.63	0.05
36	166	positive regulation of vascular endothelial growth factor production	7	77	0.0422	0.0022	19.23	7.07
36	166	progesterone metabolic process	3	906	0.0181	0.0258	0.7	0.09
36	166	inflammatory response	1	105	0.006	0.003	2.01	0.41
36	166	positive regulation of epidermal cell differentiation	3	16	0.0181	0.0005	39.67	4.26
36	166	steroid hormone binding	3	392	0.0181	0.0112	1.62	0.55
36	166	high-density lipoprotein particle receptor binding	16	133	0.0964	0.0038	25.45	17.48
36	166	sterol metabolic process	2	603	0.012	0.0172	0.7	0.11
36	166	nuclear membrane	1	43	0.006	0.0012	4.92	0.73
36	166	cellular response to lipoprotein particle stimulus	16	132	0.0964	0.0038	25.64	17.54
36	166	negative regulation of heterotypic cell-cell adhesion	16	75	0.0964	0.0021	45.13	21.7
36	166	cell-cell signaling	72	1430	0.4337	0.0407	10.65	54.31
36	166	cytoplasmic vesicle	1	26	0.006	0.0007	8.14	0.94
36	166	high-density lipoprotein particle assembly	16	134	0.0964	0.0038	25.26	17.43
36	166	phosphatidylserine binding	1	77	0.006	0.0022	2.75	0.51
36	166	xenobiotic catabolic process	4	191	0.0241	0.0054	4.43	1.88
36	166	female pregnancy	2	16	0.012	0.0005	26.44	2.59
36	166	triacylglycerol lipase activity	7	2063	0.0422	0.0587	0.72	0.06
36	166	sulfotransferase activity	24	28	0.1446	0.0008	181.33	52.26
36	166	smoothened signaling pathway	72	1536	0.4337	0.0437	9.92	52.15
36	166	positive regulation of smoothened signaling pathway	6	196	0.0361	0.0056	6.48	3.45
36	166	positive regulation of phospholipid efflux	16	82	0.0964	0.0023	41.28	21.02
36	166	xenobiotic metabolic process	17	499	0.1024	0.0142	7.21	9.55
36	166	steroid hydroxylase activity	4	153	0.0241	0.0044	5.53	2.21
36	166	dendrite	12	1498	0.0723	0.0427	1.69	1.28
36	166	patched binding	72	1613	0.4337	0.0459	9.44	50.68
36	166	chylomicron	16	131	0.0964	0.0037	25.84	17.59
36	166	system development	50	410	0.3012	0.0117	25.8	55.54
36	166	acetylesterase activity	7	1090	0.0422	0.031	1.36	0.59
36	166	positive regulation of Rho protein signal transduction	16	75	0.0964	0.0021	45.13	21.7
36	166	negative regulation of interleukin-1 beta production	16	77	0.0964	0.0022	43.96	21.5
36	166	vitamin transport	16	78	0.0964	0.0022	43.39	21.4
36	166	estrogen 2-hydroxylase activity	3	161	0.0181	0.0046	3.94	1.39
36	166	phospholipid binding	16	82	0.0964	0.0023	41.28	21.02
36	166	negative regulation of cell adhesion molecule production	16	75	0.0964	0.0021	45.13	21.7
36	166	intracellular sterol transport	5	18	0.0301	0.0005	58.76	7.74
36	166	very-low-density lipoprotein particle	16	133	0.0964	0.0038	25.45	17.48
36	166	amyloid-beta formation	16	75	0.0964	0.0021	45.13	21.7
36	166	cholesterol homeostasis	18	1948	0.1084	0.0555	1.95	2.29
36	166	motor behavior	1	86	0.006	0.0024	2.46	0.47
36	166	male gonad development	1	40	0.006	0.0011	5.29	0.76
36	166	retinal metabolic process	7	27	0.0422	0.0008	54.85	10.42
36	166	lipid transporter activity	2	87	0.012	0.0025	4.86	1.19
36	166	cholesterol transport	5	68	0.0301	0.0019	15.56	4.74
36	166	positive regulation of reactive oxygen species metabolic process	2	47	0.012	0.0013	9.0	1.68
36	166	sulfation	26	26	0.1566	0.0007	211.55	61.35
36	166	intein-mediated protein splicing	50	1354	0.3012	0.0386	7.81	30.01
36	166	central nervous system development	1	1381	0.006	0.0393	0.15	0.0
36	166	sterol ester esterase activity	7	2104	0.0422	0.0599	0.7	0.06
36	166	3'-phosphoadenosine 5'-phosphosulfate metabolic process	17	17	0.1024	0.0005	211.55	39.9
36	166	cholesterol import	16	80	0.0964	0.0023	42.31	21.21
36	166	lipid catabolic process	9	1122	0.0542	0.032	1.7	1.07
36	166	cholesterol transfer activity	18	937	0.1084	0.0267	4.06	6.27
36	166	steroid catabolic process	4	962	0.0241	0.0274	0.88	0.17
36	166	negative regulation of cell population proliferation	10	97	0.0602	0.0028	21.81	10.43
36	166	apical plasma membrane	2	5067	0.012	0.1443	0.08	0.0
36	166	phospholipid transport	1	35	0.006	0.001	6.04	0.82
36	166	G protein-coupled receptor signaling pathway	16	98	0.0964	0.0028	34.54	19.7
36	166	cholesterol binding	25	1642	0.1506	0.0468	3.22	6.61
36	166	response to toxic substance	2	39	0.012	0.0011	10.85	1.83
36	166	catecholamine catabolic process	8	175	0.0482	0.005	9.67	5.7
36	166	cell fate specification	72	1408	0.4337	0.0401	10.82	54.78
36	166	retinyl-palmitate esterase activity	1	123	0.006	0.0035	1.72	0.35
36	166	pancreatic juice secretion	1	89	0.006	0.0025	2.38	0.46
36	166	arachidonate metabolic process	7	36	0.0422	0.001	41.13	9.46
36	166	response to glucocorticoid	2	40	0.012	0.0011	10.58	1.81
36	166	integrin-mediated signaling pathway	16	75	0.0964	0.0021	45.13	21.7
36	166	steroid 17-alpha-monooxygenase activity	4	846	0.0241	0.0241	1.0	0.24
36	166	cellular response to tumor necrosis factor	1	149	0.006	0.0042	1.42	0.29
36	166	protein autoprocessing	72	1424	0.4337	0.0406	10.7	54.44
36	166	lyase activity	3	326	0.0181	0.0093	1.95	0.7
36	166	low-density lipoprotein particle	16	74	0.0964	0.0021	45.74	21.8
36	166	blood circulation	1	51	0.006	0.0015	4.15	0.67
36	166	calcium ion binding	72	1460	0.4337	0.0416	10.43	53.68
36	166	spherical high-density lipoprotein particle	16	133	0.0964	0.0038	25.45	17.48
36	166	sterol transport	8	52	0.0482	0.0015	32.55	9.88
36	166	ceramide catabolic process	1	21	0.006	0.0006	10.07	1.02
36	166	phospholipid efflux	16	158	0.0964	0.0045	21.42	16.26
36	166	regulation of Cdc42 protein signal transduction	16	78	0.0964	0.0022	43.39	21.4
36	166	amyloid-beta binding	16	79	0.0964	0.0022	42.85	21.31
36	166	high-density lipoprotein particle	1	603	0.006	0.0172	0.35	0.03
36	166	negative regulation of cytokine production involved in immune response	16	132	0.0964	0.0038	25.64	17.54
36	166	peptidase activity	72	1425	0.4337	0.0406	10.69	54.42
36	166	lipid transport	2	4600	0.012	0.131	0.09	0.0
36	166	testosterone 6-beta-hydroxylase activity	3	82	0.0181	0.0023	7.74	2.16
36	166	axon	12	485	0.0723	0.0138	5.23	5.43
36	166	doxorubicin metabolic process	1	21	0.006	0.0006	10.07	1.02
36	166	lysosomal lumen	3	63	0.0181	0.0018	10.07	2.48
36	166	basolateral plasma membrane	2	3332	0.012	0.0949	0.13	0.0
36	166	dopamine metabolic process	8	173	0.0482	0.0049	9.78	5.74
36	166	regulation of gene expression	72	1316	0.4337	0.0375	11.57	56.84
36	166	hydroperoxy icosatetraenoate dehydratase activity	4	512	0.0241	0.0146	1.65	0.65
36	166	bile acid catabolic process	3	21	0.0181	0.0006	30.22	3.89
36	166	retinol metabolic process	7	473	0.0422	0.0135	3.13	2.13
36	166	lipoprotein metabolic process	16	215	0.0964	0.0061	15.74	14.13
36	166	negative regulation of inflammatory response	16	386	0.0964	0.011	8.77	10.25
36	166	dopamine catabolic process	10	28	0.0602	0.0008	75.55	16.29
36	166	high-density lipoprotein particle remodeling	16	768	0.0964	0.0219	4.41	6.07
36	166	gene expression	1	124	0.006	0.0035	1.71	0.35
36	166	catechol O-methyltransferase activity	12	192	0.0723	0.0055	13.22	9.83
36	166	lysosome to ER cholesterol transport	2	92	0.012	0.0026	4.6	1.15
36	166	response to estradiol	1	57	0.006	0.0016	3.71	0.63
36	166	cholesterol metabolic process	32	6083	0.1928	0.1732	1.11	0.55
36	166	cell adhesion	7	19	0.0422	0.0005	77.94	11.65
36	166	negative regulation of very-low-density lipoprotein particle remodeling	16	136	0.0964	0.0039	24.89	17.32
36	166	hormone biosynthetic process	3	713	0.0181	0.0203	0.89	0.18
36	166	sterol binding	8	52	0.0482	0.0015	32.55	9.88
36	166	response to nutrient levels	1	20	0.006	0.0006	10.58	1.04
36	166	triglyceride homeostasis	16	755	0.0964	0.0215	4.48	6.17
36	166	oxidoreductase activity, acting on paired donors, with incorporation or reduction of molecular oxygen, reduced flavin or flavoprotein as one donor, and incorporation of one atom of oxygen	4	92	0.0241	0.0026	9.2	3.01
36	166	methylation	12	978	0.0723	0.0278	2.6	2.61
36	166	high-density lipoprotein particle binding	16	133	0.0964	0.0038	25.45	17.48
36	166	positive regulation of stress fiber assembly	16	75	0.0964	0.0021	45.13	21.7
36	166	reverse cholesterol transport	16	776	0.0964	0.0221	4.36	6.02
36	166	positive regulation of cholesterol metabolic process	16	80	0.0964	0.0023	42.31	21.21
36	166	lipid metabolic process	1	1633	0.006	0.0465	0.13	0.0
36	166	heme binding	7	5655	0.0422	0.161	0.26	0.0
36	166	response to nutrient	1	26	0.006	0.0007	8.14	0.94
36	166	positive regulation of cholesterol efflux	16	245	0.0964	0.007	13.82	13.24
36	166	phosphatidylcholine-sterol O-acyltransferase activator activity	16	132	0.0964	0.0038	25.64	17.54
36	166	protein homodimerization activity	1	390	0.006	0.0111	0.54	0.07
36	166	flavonoid metabolic process	4	16	0.0241	0.0005	52.89	6.08
36	166	apolipoprotein A-I receptor binding	16	75	0.0964	0.0021	45.13	21.7
36	166	late endosome	2	102	0.012	0.0029	4.15	1.07
36	166	positive regulation of apoptotic process	7	15	0.0422	0.0004	98.72	12.54
36	166	cholesterol storage	1	84	0.006	0.0024	2.52	0.48
36	166	bile acid metabolic process	5	229	0.0301	0.0065	4.62	2.32
36	166	estrogen metabolic process	16	1660	0.0964	0.0473	2.04	2.26
36	166	aryl sulfotransferase activity	17	17	0.1024	0.0005	211.55	39.9
36	166	angiogenesis	2	83	0.012	0.0024	5.1	1.23
36	166	toxin metabolic process	4	30	0.0241	0.0009	28.21	4.92
37	491	bile acid transmembrane transporter activity	424	1093	0.8635	0.0311	27.74	300.0
37	491	canalicular bile acid transmembrane transporter activity	5	108	0.0102	0.0031	3.31	1.74
37	491	ABC-type bile acid transporter activity	3	167	0.0061	0.0048	1.28	0.38
37	491	recycling endosome membrane	429	1550	0.8737	0.0441	19.8	300.0
37	491	transmembrane transport	3	127	0.0061	0.0036	1.69	0.58
37	491	apical plasma membrane	429	5067	0.8737	0.1443	6.06	291.91
37	491	ABC-type oligopeptide transporter activity	425	1132	0.8656	0.0322	26.85	300.0
37	491	canalicular bile acid transport	427	1083	0.8697	0.0308	28.2	300.0
37	491	oligopeptide export from mitochondrion	425	1132	0.8656	0.0322	26.85	300.0
37	491	xenobiotic transmembrane transporter activity	1	36	0.002	0.001	1.99	0.4
37	491	ABC-type transporter activity	1	245	0.002	0.007	0.29	0.01
38	752	efflux transmembrane transporter activity	72	941	0.0957	0.0268	3.57	19.95
38	752	bile acid and bile salt transport	3	143	0.004	0.0041	0.98	0.23
38	752	platelet dense granule membrane	72	74	0.0957	0.0021	45.44	118.27
38	752	leukotriene transport	115	271	0.1529	0.0077	19.82	118.2
38	752	ATPase-coupled transmembrane transporter activity	3	67	0.004	0.0019	2.09	0.76
38	752	cAMP transport	72	76	0.0957	0.0022	44.24	115.61
38	752	ABC-type bile acid transporter activity	72	167	0.0957	0.0048	20.13	74.11
38	752	recycling endosome membrane	44	1550	0.0585	0.0441	1.33	1.44
38	752	ABC-type glutathione S-conjugate transporter activity	660	2783	0.8777	0.0792	11.07	300.0
38	752	early endosome membrane	44	384	0.0585	0.0109	5.35	18.77
38	752	xenobiotic metabolic process	1	499	0.0013	0.0142	0.09	0.0
38	752	chloride channel complex	44	380	0.0585	0.0108	5.41	18.95
38	752	xenobiotic transmembrane transport	2	187	0.0027	0.0053	0.5	0.04
38	752	prostaglandin transmembrane transporter activity	72	438	0.0957	0.0125	7.68	41.05
38	752	transmembrane transport	15	127	0.0199	0.0036	5.52	7.0
38	752	ABC-type xenobiotic transporter activity	660	3551	0.8777	0.1011	8.68	300.0
38	752	guanine nucleotide transmembrane transporter activity	72	74	0.0957	0.0021	45.44	118.27
38	752	prostaglandin transport	3	26	0.004	0.0007	5.39	1.75
38	752	response to xenobiotic stimulus	2	98	0.0027	0.0028	0.95	0.21
38	752	nucleolus	1	165	0.0013	0.0047	0.28	0.01
38	752	apical plasma membrane	659	5067	0.8763	0.1443	6.07	300.0
38	752	transmembrane transporter activity	2	79	0.0027	0.0022	1.18	0.3
38	752	urate transmembrane transporter activity	72	97	0.0957	0.0028	34.66	98.89
38	752	lipid transport	572	4600	0.7606	0.131	5.81	300.0
38	752	glutathione transmembrane transporter activity	72	789	0.0957	0.0225	4.26	24.4
38	752	basolateral plasma membrane	660	3332	0.8777	0.0949	9.25	300.0
38	752	xenobiotic transmembrane transporter activity	3	36	0.004	0.001	3.89	1.38
38	752	xenobiotic transport	1	48	0.0013	0.0014	0.97	0.19
38	752	ABC-type transporter activity	15	245	0.0199	0.007	2.86	3.54
38	752	export across plasma membrane	72	162	0.0957	0.0046	20.75	75.31
38	752	intracellularly ATP-gated chloride channel activity	44	380	0.0585	0.0108	5.41	18.95
39	97	estrogen 16-alpha-hydroxylase activity	11	240	0.1134	0.0068	16.59	10.14
39	97	negative regulation of endothelial cell proliferation	64	71	0.6598	0.002	326.34	166.72
39	97	regulation of ventricular cardiac muscle cell action potential	57	64	0.5876	0.0018	322.43	146.21
39	97	peptidase activator activity	57	64	0.5876	0.0018	322.43	146.21
39	97	regulation of blood coagulation	58	65	0.5979	0.0019	323.04	149.11
39	97	positive regulation of calcium ion transport into cytosol	57	64	0.5876	0.0018	322.43	146.21
39	97	inward rectifier potassium channel inhibitor activity	58	65	0.5979	0.0019	323.04	149.11
39	97	positive regulation of cell migration	58	223	0.5979	0.0064	94.16	103.73
39	97	sarcolemma	64	81	0.6598	0.0023	286.05	158.74
39	97	lipid hydroxylation	11	164	0.1134	0.0047	24.28	11.94
39	97	cholesterol efflux	1	528	0.0103	0.015	0.69	0.11
39	97	canonical Wnt signaling pathway	58	67	0.5979	0.0019	313.4	147.32
39	97	retinoic acid 4-hydroxylase activity	11	100	0.1134	0.0028	39.82	14.34
39	97	neuron differentiation	1	425	0.0103	0.0121	0.85	0.16
39	97	cellular response to peptide hormone stimulus	10	269	0.1031	0.0077	13.46	8.38
39	97	receptor internalization	14	80	0.1443	0.0023	63.36	21.13
39	97	T cell costimulation	66	73	0.6804	0.0021	327.32	172.7
39	97	regulation of developmental process	1	327	0.0103	0.0093	1.11	0.22
39	97	protein transport	1	20	0.0103	0.0006	18.1	1.27
39	97	caveolin-mediated endocytosis	58	65	0.5979	0.0019	323.04	149.11
39	97	regulation of entry of bacterium into host cell	58	65	0.5979	0.0019	323.04	149.11
39	97	calcium ion transport	1	29	0.0103	0.0008	12.48	1.11
39	97	negative regulation of MAPK cascade	1	68	0.0103	0.0019	5.32	0.77
39	97	focal adhesion	65	78	0.6701	0.0022	301.69	164.53
39	97	enzyme binding	1	350	0.0103	0.01	1.03	0.21
39	97	cellular response to starvation	1	71	0.0103	0.002	5.1	0.75
39	97	positive regulation of cold-induced thermogenesis	57	65	0.5876	0.0019	317.47	145.3
39	97	negative regulation of vascular associated smooth muscle cell proliferation	1	80	0.0103	0.0023	4.53	0.7
39	97	positive regulation of protein ubiquitination	58	65	0.5979	0.0019	323.04	149.11
39	97	negative regulation of canonical Wnt signaling pathway	57	67	0.5876	0.0019	308.0	143.61
39	97	lipid droplet	1	1587	0.0103	0.0452	0.23	0.0
39	97	angiotensin-activated signaling pathway	57	66	0.5876	0.0019	312.66	144.44
39	97	caveolar macromolecular signaling complex	57	64	0.5876	0.0018	322.43	146.21
39	97	positive regulation of ERAD pathway	58	65	0.5979	0.0019	323.04	149.11
39	97	cell-cell signaling	1	1430	0.0103	0.0407	0.25	0.01
39	97	cytoplasmic vesicle	5	26	0.0515	0.0007	69.62	8.04
39	97	xenobiotic catabolic process	11	191	0.1134	0.0054	20.85	11.21
39	97	apoptotic signaling pathway	58	164	0.5979	0.0047	128.04	112.91
39	97	cellular response to transforming growth factor beta stimulus	1	92	0.0103	0.0026	3.94	0.65
39	97	negative regulation of transcription by RNA polymerase II	57	416	0.5876	0.0118	49.61	84.25
39	97	smoothened signaling pathway	1	1536	0.0103	0.0437	0.24	0.01
39	97	gliogenesis	1	585	0.0103	0.0167	0.62	0.09
39	97	cortisol metabolic process	9	192	0.0928	0.0055	16.97	8.47
39	97	triglyceride metabolic process	1	590	0.0103	0.0168	0.61	0.09
39	97	basal plasma membrane	1	44	0.0103	0.0013	8.23	0.94
39	97	ATPase binding	58	285	0.5979	0.0081	73.68	96.75
39	97	patched binding	1	1613	0.0103	0.0459	0.22	0.0
39	97	tube development	1	381	0.0103	0.0108	0.95	0.18
39	97	regulation of cell communication by electrical coupling involved in cardiac conduction	57	64	0.5876	0.0018	322.43	146.21
39	97	alkaloid catabolic process	11	102	0.1134	0.0029	39.04	14.24
39	97	receptor-mediated endocytosis of virus by host cell	58	65	0.5979	0.0019	323.04	149.11
39	97	regulation of cardiac muscle cell action potential involved in regulation of contraction	58	65	0.5979	0.0019	323.04	149.11
39	97	response to estrogen	1	109	0.0103	0.0031	3.32	0.58
39	97	acrosomal membrane	57	64	0.5876	0.0018	322.43	146.21
39	97	positive regulation of gene expression	57	432	0.5876	0.0123	47.77	83.25
39	97	cholesterol homeostasis	1	1948	0.0103	0.0555	0.19	0.0
39	97	cilium	57	219	0.5876	0.0062	94.23	101.76
39	97	positive regulation of intrinsic apoptotic signaling pathway	58	65	0.5979	0.0019	323.04	149.11
39	97	caveola assembly	66	73	0.6804	0.0021	327.32	172.7
39	97	intein-mediated protein splicing	1	1354	0.0103	0.0386	0.27	0.01
39	97	protein-containing complex binding	58	246	0.5979	0.007	85.36	100.91
39	97	central nervous system development	1	1381	0.0103	0.0393	0.26	0.01
39	97	oxysterol binding	66	423	0.6804	0.012	56.49	103.77
39	97	response to xenobiotic stimulus	1	98	0.0103	0.0028	3.69	0.62
39	97	nitric-oxide synthase binding	58	65	0.5979	0.0019	323.04	149.11
39	97	molecular adaptor activity	13	17	0.134	0.0005	276.85	30.26
39	97	negative regulation of cell population proliferation	1	97	0.0103	0.0028	3.73	0.63
39	97	protein kinase binding	66	330	0.6804	0.0094	72.41	111.55
39	97	apical plasma membrane	1	5067	0.0103	0.1443	0.07	0.0
39	97	regulation of ruffle assembly	58	65	0.5979	0.0019	323.04	149.11
39	97	cell fate specification	1	1408	0.0103	0.0401	0.26	0.01
39	97	cellular response to hypoxia	1	74	0.0103	0.0021	4.89	0.73
39	97	negative regulation of anoikis	58	65	0.5979	0.0019	323.04	149.11
39	97	positive regulation of canonical NF-kappaB signal transduction	58	68	0.5979	0.0019	308.79	146.49
39	97	response to glucocorticoid	1	40	0.0103	0.0011	9.05	0.98
39	97	negative regulation of pinocytosis	58	68	0.5979	0.0019	308.79	146.49
39	97	pattern specification process	1	453	0.0103	0.0129	0.8	0.14
39	97	protein autoprocessing	1	1424	0.0103	0.0406	0.25	0.01
39	97	cellular response to hyperoxia	58	65	0.5979	0.0019	323.04	149.11
39	97	protein-containing complex	2	462	0.0206	0.0132	1.57	0.44
39	97	small GTPase binding	58	70	0.5979	0.002	299.97	144.92
39	97	positive regulation of extrinsic apoptotic signaling pathway	58	67	0.5979	0.0019	313.4	147.32
39	97	calcium ion binding	1	1460	0.0103	0.0416	0.25	0.01
39	97	transmembrane transporter binding	66	211	0.6804	0.006	113.24	126.26
39	97	response to calcium ion	57	69	0.5876	0.002	299.07	142.06
39	97	protein-macromolecule adaptor activity	57	64	0.5876	0.0018	322.43	146.21
39	97	cellular response to misfolded protein	58	65	0.5979	0.0019	323.04	149.11
39	97	regulation of cytosolic calcium ion concentration	66	75	0.6804	0.0021	318.59	170.81
39	97	caveola	17	1185	0.1753	0.0337	5.19	7.6
39	97	peptidase activity	1	1425	0.0103	0.0406	0.25	0.01
39	97	testosterone 6-beta-hydroxylase activity	9	82	0.0928	0.0023	39.74	11.8
39	97	cell differentiation	64	459	0.6598	0.0131	50.48	96.75
39	97	C21-steroid hormone biosynthetic process	9	194	0.0928	0.0055	16.8	8.43
39	97	positive regulation of gap junction assembly	57	64	0.5876	0.0018	322.43	146.21
39	97	glucocorticoid biosynthetic process	9	215	0.0928	0.0061	15.15	8.04
39	97	oxidative demethylation	11	163	0.1134	0.0046	24.43	11.97
39	97	post-transcriptional regulation of gene expression	57	64	0.5876	0.0018	322.43	146.21
39	97	basolateral plasma membrane	1	3332	0.0103	0.0949	0.11	0.0
39	97	regulation of gene expression	1	1316	0.0103	0.0375	0.28	0.01
39	97	retinoic acid metabolic process	11	107	0.1134	0.003	37.22	14.0
39	97	SNARE binding	1	34	0.0103	0.001	10.65	1.05
39	97	negative regulation of necroptotic process	57	64	0.5876	0.0018	322.43	146.21
39	97	cholesterol metabolic process	9	6083	0.0928	0.1732	0.54	0.0
39	97	negative regulation of protein ubiquitination	58	66	0.5979	0.0019	318.15	148.19
39	97	signaling receptor binding	58	1444	0.5979	0.0411	14.54	54.24
39	97	response to bacterium	58	73	0.5979	0.0021	287.64	142.79
39	97	protein heterodimerization activity	57	308	0.5876	0.0088	67.0	92.29
39	97	endosome	66	134	0.6804	0.0038	178.31	142.77
39	97	oxygen binding	11	95	0.1134	0.0027	41.92	14.59
39	97	regulation of heart rate by cardiac conduction	57	64	0.5876	0.0018	322.43	146.21
39	97	cholesterol monooxygenase (side-chain-cleaving) activity	9	176	0.0928	0.005	18.51	8.8
39	97	negative regulation of smooth muscle cell proliferation	1	25	0.0103	0.0007	14.48	1.17
39	97	striated muscle cell development	1	637	0.0103	0.0181	0.57	0.08
39	97	heme binding	20	5655	0.2062	0.161	1.28	0.85
39	97	response to nutrient	1	26	0.0103	0.0007	13.92	1.16
39	97	positive regulation of cholesterol efflux	58	245	0.5979	0.007	85.71	101.03
39	97	regulation of membrane repolarization during action potential	58	65	0.5979	0.0019	323.04	149.11
39	97	tissue development	1	476	0.0103	0.0136	0.76	0.13
39	97	membrane raft	14	245	0.1443	0.007	20.69	14.13
39	97	aflatoxin metabolic process	11	92	0.1134	0.0026	43.29	14.75
39	97	response to hypoxia	1	20	0.0103	0.0006	18.1	1.27
39	97	protein tyrosine kinase inhibitor activity	58	65	0.5979	0.0019	323.04	149.11
39	97	cell cortex	57	64	0.5876	0.0018	322.43	146.21
39	97	animal organ development	1	351	0.0103	0.01	1.03	0.21
39	97	negative regulation of ERK1 and ERK2 cascade	1	82	0.0103	0.0023	4.42	0.69
39	97	estrogen metabolic process	11	1660	0.1134	0.0473	2.4	2.21
39	97	regulation of cell population proliferation	1	413	0.0103	0.0118	0.88	0.17
39	97	insulin receptor internalization	57	64	0.5876	0.0018	322.43	146.21
39	97	angiogenesis	1	83	0.0103	0.0024	4.36	0.69
39	97	negative regulation of potassium ion transmembrane transport	58	65	0.5979	0.0019	323.04	149.11
40	129	phosphatidylcholine binding	100	737	0.7752	0.021	36.94	142.25
40	129	steroid biosynthetic process	5	557	0.0388	0.0159	2.44	1.26
40	129	sterol 14-demethylase activity	13	2241	0.1008	0.0638	1.58	1.16
40	129	cholesterol efflux	2	528	0.0155	0.015	1.03	0.24
40	129	negative regulation of apoptotic process	55	225	0.4264	0.0064	66.54	86.83
40	129	phospholipid scramblase activity	43	52	0.3333	0.0015	225.11	98.58
40	129	apoptotic process	56	313	0.4341	0.0089	48.7	80.09
40	129	fatty acid beta-oxidation	2	279	0.0155	0.0079	1.95	0.56
40	129	inflammatory response	2	105	0.0155	0.003	5.19	1.24
40	129	glutathione metabolic process	2	19	0.0155	0.0005	28.66	2.66
40	129	quinone binding	1	538	0.0078	0.0153	0.51	0.06
40	129	porin activity	101	101	0.7829	0.0029	272.22	270.82
40	129	fatty acid binding	5	18	0.0388	0.0005	75.62	8.29
40	129	multicellular organism growth	2	17	0.0155	0.0005	32.03	2.76
40	129	triglyceride metabolic process	2	590	0.0155	0.0168	0.92	0.19
40	129	protein secretion	1	72	0.0078	0.0021	3.78	0.63
40	129	liver development	2	31	0.0155	0.0009	17.56	2.24
40	129	phospholipid binding	2	82	0.0155	0.0023	6.64	1.43
40	129	24S-hydroxycholesterol 7-alpha-hydroxylase activity	8	310	0.062	0.0088	7.03	4.69
40	129	cholesterol homeostasis	15	1948	0.1163	0.0555	2.1	2.27
40	129	bile acid binding	2	34	0.0155	0.001	16.01	2.16
40	129	binding of sperm to zona pellucida	43	43	0.3333	0.0012	272.22	108.13
40	129	negative regulation of calcium import into the mitochondrion	55	55	0.4264	0.0016	272.22	139.81
40	129	protein-containing complex binding	2	246	0.0155	0.007	2.21	0.64
40	129	oxysterol binding	51	423	0.3953	0.012	32.82	63.13
40	129	response to xenobiotic stimulus	2	98	0.0155	0.0028	5.56	1.3
40	129	negative regulation of reactive oxygen species metabolic process	43	45	0.3333	0.0013	260.13	105.14
40	129	protein kinase binding	55	330	0.4264	0.0094	45.37	76.71
40	129	cholesterol binding	105	1642	0.814	0.0468	17.41	115.67
40	129	oxysterol 7-alpha-hydroxylase activity	13	393	0.1008	0.0112	9.0	8.59
40	129	phospholipid translocation	3	85	0.0233	0.0024	9.61	2.42
40	129	ceramide binding	100	100	0.7752	0.0028	272.22	267.74
40	129	cellular response to hypoxia	2	74	0.0155	0.0021	7.36	1.52
40	129	positive regulation of type 2 mitophagy	55	56	0.4264	0.0016	267.36	138.06
40	129	arachidonate metabolic process	2	36	0.0155	0.001	15.12	2.11
40	129	pore complex	45	45	0.3488	0.0013	272.22	113.36
40	129	calcium channel activity	1	17	0.0078	0.0005	16.01	1.22
40	129	protein-containing complex	4	462	0.031	0.0132	2.36	1.04
40	129	chromatin binding	2	237	0.0155	0.0067	2.3	0.66
40	129	mitochondrial nucleoid	98	169	0.7597	0.0048	157.86	212.92
40	129	glucose metabolic process	2	24	0.0155	0.0007	22.69	2.46
40	129	estrogen biosynthetic process	1	1149	0.0078	0.0327	0.24	0.01
40	129	fatty acid biosynthetic process	10	807	0.0775	0.023	3.37	3.09
40	129	transmembrane transporter binding	55	211	0.4264	0.006	70.96	88.58
40	129	fatty acid metabolic process	2	1010	0.0155	0.0288	0.54	0.05
40	129	response to lipid	2	28	0.0155	0.0008	19.44	2.32
40	129	lipid transport	7	4600	0.0543	0.131	0.41	0.0
40	129	acrosomal vesicle	43	49	0.3333	0.0014	238.89	100.99
40	129	oleic acid binding	2	78	0.0155	0.0022	6.98	1.47
40	129	mitochondrial permeability transition pore complex	56	56	0.4341	0.0016	272.22	142.48
40	129	lipid binding	2	1476	0.0155	0.042	0.37	0.01
40	129	digestive tract development	2	50	0.0155	0.0014	10.89	1.84
40	129	epithelial cell differentiation	55	96	0.4264	0.0027	155.96	112.48
40	129	retinol metabolic process	2	473	0.0155	0.0135	1.15	0.28
40	129	lipoprotein metabolic process	2	215	0.0155	0.0061	2.53	0.73
40	129	gene expression	2	124	0.0155	0.0035	4.39	1.12
40	129	testosterone dehydrogenase (NAD+) activity	8	1038	0.062	0.0296	2.1	1.42
40	129	cholesterol metabolic process	15	6083	0.1163	0.1732	0.67	0.01
40	129	sterol binding	2	52	0.0155	0.0015	10.47	1.8
40	129	cellular detoxification	2	23	0.0155	0.0007	23.67	2.49
40	129	smooth muscle tissue development	2	214	0.0155	0.0061	2.54	0.73
40	129	triglyceride homeostasis	2	755	0.0155	0.0215	0.72	0.11
40	129	long-chain fatty acyl-CoA binding	2	78	0.0155	0.0022	6.98	1.47
40	129	bile acid biosynthetic process	13	520	0.1008	0.0148	6.81	7.15
40	129	mitochondrial transmembrane transport	98	98	0.7597	0.0028	272.22	261.62
40	129	estradiol 17-beta-dehydrogenase [NAD(P)+] activity	8	2847	0.062	0.0811	0.76	0.08
40	129	mitochondrial outer membrane permeabilization	45	45	0.3488	0.0013	272.22	113.36
40	129	lipid metabolic process	2	1633	0.0155	0.0465	0.33	0.01
40	129	heme binding	13	5655	0.1008	0.161	0.63	0.01
40	129	response to nutrient	2	26	0.0155	0.0007	20.94	2.39
40	129	voltage-gated monoatomic anion channel activity	101	101	0.7829	0.0029	272.22	270.82
40	129	digestion	8	317	0.062	0.009	6.87	4.62
40	129	xenobiotic transport	2	48	0.0155	0.0014	11.34	1.87
40	129	membrane raft	59	245	0.4574	0.007	65.56	93.19
40	129	positive regulation of apoptotic process	1	15	0.0078	0.0004	18.15	1.27
40	129	bile acid metabolic process	2	229	0.0155	0.0065	2.38	0.69
40	129	estrogen metabolic process	7	1660	0.0543	0.0473	1.15	0.39
40	129	mitochondrial membrane	5	1052	0.0388	0.03	1.29	0.46
40	129	peroxisomal matrix	2	1220	0.0155	0.0347	0.45	0.03
40	129	long-chain fatty acid metabolic process	2	73	0.0155	0.0021	7.46	1.53
41	324	phosphatidylcholine binding	2	737	0.0062	0.021	0.29	0.0
41	324	positive regulation of CD4-positive, alpha-beta T cell proliferation	70	70	0.216	0.002	108.39	145.92
41	324	regulation of protein catabolic process	179	1256	0.5525	0.0358	15.45	171.08
41	324	protein-folding chaperone binding	2	153	0.0062	0.0044	1.42	0.38
41	324	cholesterol efflux	2	528	0.0062	0.015	0.41	0.02
41	324	positive regulation of protein exit from endoplasmic reticulum	70	73	0.216	0.0021	103.93	141.13
41	324	myoblast fusion involved in skeletal muscle regeneration	66	66	0.2037	0.0019	108.39	137.37
41	324	receptor internalization	66	80	0.2037	0.0023	89.42	122.24
41	324	lysosome organization	181	1281	0.5586	0.0365	15.31	172.64
41	324	humoral immune response mediated by circulating immunoglobulin	70	70	0.216	0.002	108.39	145.92
41	324	virus receptor activity	69	71	0.213	0.002	105.33	140.39
41	324	enzyme binding	2	350	0.0062	0.01	0.62	0.08
41	324	mitochondrion organization	2	69	0.0062	0.002	3.14	0.87
41	324	osteoclast fusion	66	66	0.2037	0.0019	108.39	137.37
41	324	inflammatory response	2	105	0.0062	0.003	2.06	0.6
41	324	cholesterol biosynthetic process	2	2414	0.0062	0.0687	0.09	0.0
41	324	sterol metabolic process	3	603	0.0093	0.0172	0.54	0.04
41	324	regulation of macrophage migration	66	66	0.2037	0.0019	108.39	137.37
41	324	quinone binding	13	538	0.0401	0.0153	2.62	2.79
41	324	immunological synapse formation	70	70	0.216	0.002	108.39	145.92
41	324	phosphatidylserine binding	2	77	0.0062	0.0022	2.82	0.8
41	324	triacylglycerol lipase activity	1	2063	0.0031	0.0587	0.05	0.0
41	324	lung development	2	21	0.0062	0.0006	10.32	1.8
41	324	regulation of TOR signaling	179	1275	0.5525	0.0363	15.22	169.86
41	324	triglyceride metabolic process	2	590	0.0062	0.0168	0.37	0.01
41	324	basal plasma membrane	2	44	0.0062	0.0013	4.93	1.21
41	324	positive regulation of adaptive immune memory response	69	69	0.213	0.002	108.39	143.78
41	324	regulation of protein stability	69	78	0.213	0.0022	95.88	132.54
41	324	macrophage fusion	70	70	0.216	0.002	108.39	145.92
41	324	positive regulation of receptor clustering	70	70	0.216	0.002	108.39	145.92
41	324	liver development	2	31	0.0062	0.0009	6.99	1.48
41	324	cholesterol transport	2	68	0.0062	0.0019	3.19	0.89
41	324	regulation of macroautophagy	179	1271	0.5525	0.0362	15.26	170.11
41	324	sterol ester esterase activity	6	2104	0.0185	0.0599	0.31	0.0
41	324	response to xenobiotic stimulus	2	98	0.0062	0.0028	2.21	0.64
41	324	glucosylceramide catabolic process	180	3041	0.5556	0.0866	6.42	103.41
41	324	lipid catabolic process	6	1122	0.0185	0.032	0.58	0.02
41	324	apical plasma membrane	2	5067	0.0062	0.1443	0.04	-0.0
41	324	cholesterol binding	72	1642	0.2222	0.0468	4.75	28.12
41	324	positive regulation of protein catabolic process in the vacuole	69	69	0.213	0.002	108.39	143.78
41	324	tetraspanin-enriched microdomain	70	70	0.216	0.002	108.39	145.92
41	324	positive regulation of B cell receptor signaling pathway	70	70	0.216	0.002	108.39	145.92
41	324	positive regulation of transcription by RNA polymerase II	69	282	0.213	0.008	26.52	77.56
41	324	protein localization to lysosome	69	70	0.213	0.002	106.84	141.94
41	324	immunological synapse	70	70	0.216	0.002	108.39	145.92
41	324	MHC class II protein binding	69	69	0.213	0.002	108.39	143.78
41	324	regulation of membrane potential	181	1212	0.5586	0.0345	16.19	177.21
41	324	steryl-beta-glucosidase activity	7	640	0.0216	0.0182	1.19	0.42
41	324	beta-glucosidase activity	172	2348	0.5309	0.0669	7.94	112.99
41	324	glucose metabolic process	2	24	0.0062	0.0007	9.03	1.69
41	324	fatty acid biosynthetic process	28	807	0.0864	0.023	3.76	8.58
41	324	fatty acid metabolic process	2	1010	0.0062	0.0288	0.21	0.0
41	324	positive regulation of MAPK cascade	70	82	0.216	0.0023	92.52	132.03
41	324	galactosylceramidase activity	180	3865	0.5556	0.1101	5.05	85.78
41	324	response to lipid	2	28	0.0062	0.0008	7.74	1.56
41	324	transferrin receptor binding	69	69	0.213	0.002	108.39	143.78
41	324	positive regulation of T-helper 2 cell cytokine production	70	70	0.216	0.002	108.39	145.92
41	324	negative regulation of macromolecule metabolic process	179	1208	0.5525	0.0344	16.06	174.26
41	324	autophagy	181	1314	0.5586	0.0374	14.93	170.55
41	324	protein catabolic process	179	1210	0.5525	0.0345	16.03	174.13
41	324	lysosomal lumen	3	63	0.0093	0.0018	5.16	1.69
41	324	protein localization to plasma membrane	70	151	0.216	0.0043	50.25	102.07
41	324	basolateral plasma membrane	70	3332	0.216	0.0949	2.28	10.34
41	324	integrin binding	70	72	0.216	0.0021	105.38	142.51
41	324	positive regulation of T cell activation via T cell receptor contact with antigen bound to MHC molecule on antigen presenting cell	70	70	0.216	0.002	108.39	145.92
41	324	positive regulation of T cell receptor signaling pathway	72	72	0.2222	0.0021	108.39	150.2
41	324	glucosyltransferase activity	179	1332	0.5525	0.0379	14.57	166.31
41	324	lysosomal membrane	182	2454	0.5617	0.0699	8.04	122.14
41	324	gene expression	2	124	0.0062	0.0035	1.75	0.5
41	324	testosterone dehydrogenase (NAD+) activity	28	1038	0.0864	0.0296	2.92	6.3
41	324	cholesterol metabolic process	182	6083	0.5617	0.1732	3.24	55.81
41	324	signaling receptor binding	179	1444	0.5525	0.0411	13.44	159.8
41	324	endocytosis	2	19	0.0062	0.0005	11.41	1.88
41	324	glucosylceramidase activity	180	3857	0.5556	0.1098	5.06	85.93
41	324	estradiol 17-beta-dehydrogenase [NAD(P)+] activity	28	2847	0.0864	0.0811	1.07	0.41
41	324	lipid metabolic process	4	1633	0.0123	0.0465	0.27	0.0
41	324	cellular response to low-density lipoprotein particle stimulus	66	70	0.2037	0.002	102.19	131.42
41	324	CD4-positive, alpha-beta T cell costimulation	70	70	0.216	0.002	108.39	145.92
41	324	protein homodimerization activity	2	390	0.0062	0.0111	0.56	0.06
41	324	positive regulation of inflammatory response to antigenic stimulus	66	66	0.2037	0.0019	108.39	137.37
41	324	cholesterol storage	2	84	0.0062	0.0024	2.58	0.74
41	324	estrogen metabolic process	28	1660	0.0864	0.0473	1.83	2.78
41	324	regulation of cell population proliferation	2	413	0.0062	0.0118	0.52	0.05
41	324	positive regulation of B cell proliferation	69	73	0.213	0.0021	102.45	137.75
42	120	steroid biosynthetic process	6	557	0.05	0.0159	3.15	1.91
42	120	nuclear receptor activity	17	205	0.1417	0.0058	24.27	18.22
42	120	Hsp90 protein binding	1	97	0.0083	0.0028	3.02	0.55
42	120	cellular response to cholesterol	6	173	0.05	0.0049	10.15	4.52
42	120	cellular response to estradiol stimulus	81	368	0.675	0.0105	64.41	132.84
42	120	negative regulation of miRNA transcription	77	78	0.6417	0.0022	288.89	202.03
42	120	positive regulation of ERK1 and ERK2 cascade	1	89	0.0083	0.0025	3.29	0.58
42	120	DNA-templated transcription	12	681	0.1	0.0194	5.16	5.4
42	120	stem cell differentiation	73	74	0.6083	0.0021	288.69	190.51
42	120	negative regulation of gene expression	77	363	0.6417	0.0103	62.08	123.9
42	120	response to ethanol	3	23	0.025	0.0007	38.17	4.18
42	120	enzyme binding	1	350	0.0083	0.01	0.84	0.15
42	120	steroid binding	87	1674	0.725	0.0477	15.21	87.03
42	120	nuclear receptor-mediated steroid hormone signaling pathway	5	50	0.0417	0.0014	29.26	6.1
42	120	negative regulation of neuron apoptotic process	1	53	0.0083	0.0015	5.52	0.78
42	120	TBP-class protein binding	77	167	0.6417	0.0048	134.93	155.13
42	120	sterol metabolic process	3	603	0.025	0.0172	1.46	0.47
42	120	positive regulation of epidermal growth factor receptor signaling pathway	1	82	0.0083	0.0023	3.57	0.61
42	120	sequence-specific double-stranded DNA binding	1	17	0.0083	0.0005	17.21	1.25
42	120	TFIIB-class transcription factor binding	77	78	0.6417	0.0022	288.89	202.03
42	120	cell-cell signaling	14	1430	0.1167	0.0407	2.87	3.41
42	120	RNA polymerase II preinitiation complex assembly	77	78	0.6417	0.0022	288.89	202.03
42	120	negative regulation of transcription by RNA polymerase II	79	416	0.6583	0.0118	55.57	123.41
42	120	smoothened signaling pathway	14	1536	0.1167	0.0437	2.67	3.11
42	120	positive regulation of smoothened signaling pathway	4	196	0.0333	0.0056	5.97	2.33
42	120	negative regulation of canonical NF-kappaB signal transduction	80	248	0.6667	0.0071	94.4	146.31
42	120	nuclear estrogen receptor activity	87	363	0.725	0.0103	70.14	148.13
42	120	steroid hydroxylase activity	3	153	0.025	0.0044	5.74	1.8
42	120	ATPase binding	77	285	0.6417	0.0081	79.06	133.09
42	120	patched binding	14	1613	0.1167	0.0459	2.54	2.91
42	120	regulation of DNA-templated transcription	1	26	0.0083	0.0007	11.26	1.07
42	120	promoter-specific chromatin binding	1	163	0.0083	0.0046	1.8	0.37
42	120	system development	3	410	0.025	0.0117	2.14	0.78
42	120	response to estrogen	70	109	0.5833	0.0031	187.94	154.07
42	120	nuclear estrogen receptor binding	77	81	0.6417	0.0023	278.19	197.71
42	120	transcription coactivator binding	77	297	0.6417	0.0085	75.87	131.5
42	120	positive regulation of gene expression	6	432	0.05	0.0123	4.06	2.42
42	120	24S-hydroxycholesterol 7-alpha-hydroxylase activity	10	310	0.0833	0.0088	9.44	6.91
42	120	androgen metabolic process	1	1056	0.0083	0.0301	0.28	0.01
42	120	cholesterol homeostasis	12	1948	0.1	0.0555	1.8	1.46
42	120	male gonad development	2	40	0.0167	0.0011	14.63	2.08
42	120	intein-mediated protein splicing	3	1354	0.025	0.0386	0.65	0.07
42	120	protein-containing complex binding	1	246	0.0083	0.007	1.19	0.24
42	120	response to xenobiotic stimulus	1	98	0.0083	0.0028	2.99	0.54
42	120	protein kinase binding	77	330	0.6417	0.0094	68.28	127.48
42	120	oxysterol 7-alpha-hydroxylase activity	2	393	0.0167	0.0112	1.49	0.41
42	120	cell fate specification	14	1408	0.1167	0.0401	2.91	3.48
42	120	RNA polymerase II transcription regulator complex	2	100	0.0167	0.0028	5.85	1.34
42	120	positive regulation of transcription by RNA polymerase II	3	282	0.025	0.008	3.11	1.14
42	120	cellular response to estrogen stimulus	15	94	0.125	0.0027	46.7	20.52
42	120	beta-catenin binding	77	229	0.6417	0.0065	98.4	141.76
42	120	protein autoprocessing	14	1424	0.1167	0.0406	2.88	3.43
42	120	sequence-specific DNA binding	6	90	0.05	0.0026	19.51	6.16
42	120	protein-containing complex	77	462	0.6417	0.0132	48.77	115.03
42	120	chromatin binding	78	237	0.65	0.0067	96.31	142.97
42	120	calcium ion binding	14	1460	0.1167	0.0416	2.81	3.32
42	120	positive regulation of cytosolic calcium ion concentration	5	80	0.0417	0.0023	18.29	5.08
42	120	RNA polymerase II cis-regulatory region sequence-specific DNA binding	3	466	0.025	0.0133	1.88	0.67
42	120	cellular response to glucose stimulus	9	88	0.075	0.0025	29.93	10.67
42	120	ecdysone receptor signaling pathway	2	17	0.0167	0.0005	34.43	2.82
42	120	protein localization to chromatin	77	78	0.6417	0.0022	288.89	202.03
42	120	nuclear steroid receptor activity	1	177	0.0083	0.005	1.65	0.34
42	120	peptidase activity	14	1425	0.1167	0.0406	2.88	3.43
42	120	positive regulation of DNA-templated transcription	5	326	0.0417	0.0093	4.49	2.27
42	120	transcription coregulator binding	1	95	0.0083	0.0027	3.08	0.56
42	120	cell differentiation	2	459	0.0167	0.0131	1.28	0.33
42	120	positive regulation of cholesterol biosynthetic process	3	22	0.025	0.0006	39.91	4.24
42	120	regulation of gene expression	14	1316	0.1167	0.0375	3.11	3.78
42	120	epithelial cell development	15	16	0.125	0.0005	274.35	36.19
42	120	regulation of transcription by RNA polymerase II	15	97	0.125	0.0028	45.25	20.3
42	120	estrogen response element binding	85	153	0.7083	0.0044	162.58	183.08
42	120	response to estradiol	1	57	0.0083	0.0016	5.13	0.75
42	120	cholesterol metabolic process	3	6083	0.025	0.1732	0.14	0.0
42	120	chromatin	15	207	0.125	0.0059	21.21	15.23
42	120	DNA-binding transcription activator activity, RNA polymerase II-specific	77	483	0.6417	0.0138	46.65	113.42
42	120	T-tubule	1	150	0.0083	0.0043	1.95	0.4
42	120	hormone binding	1	30	0.0083	0.0009	9.75	1.01
42	120	response to nutrient levels	1	20	0.0083	0.0006	14.63	1.18
42	120	oxygen binding	1	95	0.0083	0.0027	3.08	0.56
42	120	negative regulation of smooth muscle cell proliferation	1	25	0.0083	0.0007	11.71	1.09
42	120	bile acid biosynthetic process	16	520	0.1333	0.0148	9.0	10.49
42	120	circadian rhythm	2	73	0.0167	0.0021	8.02	1.59
42	120	estrogen receptor signaling pathway	85	186	0.7083	0.0053	133.73	173.1
42	120	heme binding	16	5655	0.1333	0.161	0.83	0.08
42	120	digestion	1	317	0.0083	0.009	0.92	0.18
42	120	intracellular membrane-bounded organelle	7	19	0.0583	0.0005	107.82	12.65
42	120	cholesterol catabolic process	9	1254	0.075	0.0357	2.1	1.55
42	120	14-3-3 protein binding	77	78	0.6417	0.0022	288.89	202.03
42	120	ecdysone binding	2	19	0.0167	0.0005	30.8	2.72
42	120	bile acid metabolic process	2	229	0.0167	0.0065	2.56	0.73
42	120	transcription corepressor binding	77	155	0.6417	0.0044	145.38	158.5
42	120	euchromatin	77	172	0.6417	0.0049	131.01	153.82
42	120	regulation of cell population proliferation	14	413	0.1167	0.0118	9.92	9.77
43	566	22alpha-hydroxysteroid 23-monooxygenase activity	470	470	0.8304	0.0134	62.04	300.0
43	566	steroid biosynthetic process	3	557	0.0053	0.0159	0.33	0.0
43	566	sterol 14-demethylase activity	1	2241	0.0018	0.0638	0.03	-0.0
43	566	oxidoreductase activity, acting on paired donors, with incorporation or reduction of molecular oxygen, NAD(P)H as one donor, and incorporation of one atom of oxygen	471	472	0.8322	0.0134	61.91	300.0
43	566	stamen development	471	473	0.8322	0.0135	61.78	300.0
43	566	monooxygenase activity	20	196	0.0353	0.0056	6.33	10.12
43	566	sterol metabolic process	432	603	0.7633	0.0172	44.45	300.0
43	566	response to light stimulus	5	141	0.0088	0.004	2.2	1.1
43	566	skotomorphogenesis	1	43	0.0018	0.0012	1.44	0.3
43	566	oxidoreductase activity, acting on paired donors, with incorporation or reduction of molecular oxygen	11	156	0.0194	0.0044	4.37	4.31
43	566	sterol biosynthetic process	2	80	0.0035	0.0023	1.55	0.43
43	566	methyltransferase activity	1	767	0.0018	0.0218	0.08	0.0
43	566	brassinosteroid biosynthetic process	499	772	0.8816	0.022	40.1	300.0
43	566	leaf development	477	478	0.8428	0.0136	61.91	300.0
43	566	petal development	471	471	0.8322	0.0134	62.04	300.0
43	566	brassinosteroid homeostasis	490	626	0.8657	0.0178	48.56	300.0
43	566	cholesterol metabolic process	4	6083	0.0071	0.1732	0.04	-0.0
43	566	methylation	1	978	0.0018	0.0278	0.06	0.0
43	566	heme binding	502	5655	0.8869	0.161	5.51	300.0
43	566	steroid 22S-hydroxylase activity	17	17	0.03	0.0005	62.04	30.58
44	386	steroid metabolic process	15	321	0.0389	0.0091	4.25	5.49
44	386	sterol 14-demethylase activity	289	2241	0.7487	0.0638	11.73	262.54
44	386	monooxygenase activity	9	196	0.0233	0.0056	4.18	3.46
44	386	cellular response to starvation	1	71	0.0026	0.002	1.28	0.26
44	386	steroid hydroxylase activity	3	153	0.0078	0.0044	1.78	0.62
44	386	oxidoreductase activity, acting on paired donors, with incorporation or reduction of molecular oxygen	1	156	0.0026	0.0044	0.58	0.08
44	386	mycotoxin biosynthetic process	60	104	0.1554	0.003	52.49	90.12
44	386	ergosterol biosynthetic process	18	396	0.0466	0.0113	4.14	6.29
44	386	perinuclear endoplasmic reticulum	6	94	0.0155	0.0027	5.81	3.21
44	386	sterol biosynthetic process	14	80	0.0363	0.0023	15.92	12.63
44	386	glycosyltransferase activity	1	704	0.0026	0.02	0.13	0.0
44	386	cholesterol binding	1	1642	0.0026	0.0468	0.06	0.0
44	386	methyltransferase activity	97	767	0.2513	0.0218	11.51	73.02
44	386	calcium ion binding	1	1460	0.0026	0.0416	0.06	0.0
44	386	cortical endoplasmic reticulum	6	100	0.0155	0.0028	5.46	3.07
44	386	methylation	97	978	0.2513	0.0278	9.02	62.93
44	386	lipid metabolic process	1	1633	0.0026	0.0465	0.06	0.0
44	386	heme binding	298	5655	0.772	0.161	4.79	156.94
45	337	glucocorticoid metabolic process	2	45	0.0059	0.0013	4.63	1.16
45	337	sensory perception of sound	1	52	0.003	0.0015	2.0	0.4
45	337	steroid metabolic process	26	321	0.0772	0.0091	8.44	15.88
45	337	heat shock protein binding	2	134	0.0059	0.0038	1.56	0.43
45	337	G protein-coupled receptor activity	122	338	0.362	0.0096	37.61	162.94
45	337	nuclear receptor activity	34	205	0.1009	0.0058	17.28	31.11
45	337	Hsp90 protein binding	85	97	0.2522	0.0028	91.31	161.7
45	337	cellular response to cholesterol	72	173	0.2136	0.0049	43.37	99.33
45	337	positive regulation of cell population proliferation	2	218	0.0059	0.0062	0.96	0.21
45	337	positive regulation of cell migration	72	223	0.2136	0.0064	33.64	89.63
45	337	cellular response to dexamethasone stimulus	85	95	0.2522	0.0027	93.24	163.54
45	337	neuron differentiation	1	425	0.003	0.0121	0.25	0.01
45	337	DNA-templated transcription	166	681	0.4926	0.0194	25.4	194.66
45	337	negative regulation of apoptotic process	7	225	0.0208	0.0064	3.24	2.2
45	337	protein stabilization	1	136	0.003	0.0039	0.77	0.14
45	337	negative regulation of gene expression	72	363	0.2136	0.0103	20.67	72.52
45	337	spinal cord dorsal/ventral patterning	72	79	0.2136	0.0022	94.97	139.37
45	337	centrosome	163	166	0.4837	0.0047	102.32	300.0
45	337	apoptotic process	2	313	0.0059	0.0089	0.67	0.09
45	337	steroid binding	39	1674	0.1157	0.0477	2.43	6.47
45	337	response to cortisol	47	50	0.1395	0.0014	97.95	92.01
45	337	nuclear receptor-mediated steroid hormone signaling pathway	18	50	0.0534	0.0014	37.51	23.38
45	337	cholesterol biosynthetic process	6	2414	0.0178	0.0687	0.26	0.0
45	337	steroid hormone binding	142	392	0.4214	0.0112	37.75	192.16
45	337	negative regulation of neuron apoptotic process	1	53	0.003	0.0015	1.97	0.4
45	337	TBP-class protein binding	85	167	0.2522	0.0048	53.04	127.72
45	337	commissural neuron axon guidance	121	129	0.3591	0.0037	97.74	242.64
45	337	sequence-specific double-stranded DNA binding	7	17	0.0208	0.0005	42.91	9.9
45	337	intracellular receptor signaling pathway	1	24	0.003	0.0007	4.34	0.68
45	337	spindle	163	168	0.4837	0.0048	101.1	300.0
45	337	female pregnancy	1	16	0.003	0.0005	6.51	0.84
45	337	lung development	1	21	0.003	0.0006	4.96	0.74
45	337	cellular response to transforming growth factor beta stimulus	85	92	0.2522	0.0026	96.28	166.6
45	337	heart looping	73	135	0.2166	0.0038	56.35	111.85
45	337	negative regulation of transcription by RNA polymerase II	6	416	0.0178	0.0118	1.5	0.67
45	337	multicellular organism growth	1	17	0.003	0.0005	6.13	0.82
45	337	smoothened signaling pathway	122	1536	0.362	0.0437	8.28	77.24
45	337	positive regulation of smoothened signaling pathway	3	196	0.0089	0.0056	1.59	0.54
45	337	steroid hydroxylase activity	4	153	0.0119	0.0044	2.72	1.22
45	337	dendrite	121	1498	0.3591	0.0427	8.42	77.38
45	337	cholesterol biosynthetic process via lathosterol	5	269	0.0148	0.0077	1.94	0.93
45	337	nervous system development	1	218	0.003	0.0062	0.48	0.06
45	337	patched binding	122	1613	0.362	0.0459	7.88	74.76
45	337	regulation of DNA-templated transcription	3	26	0.0089	0.0007	12.02	2.71
45	337	promoter-specific chromatin binding	84	163	0.2493	0.0046	53.7	126.79
45	337	nuclear speck	98	268	0.2908	0.0076	38.1	129.89
45	337	positive regulation of miRNA transcription	87	160	0.2582	0.0046	56.66	134.33
45	337	zymosterol biosynthetic process	3	201	0.0089	0.0057	1.56	0.52
45	337	response to alcohol	11	17	0.0326	0.0005	67.43	18.2
45	337	ergosterol biosynthetic process	10	396	0.0297	0.0113	2.63	2.28
45	337	embryonic morphogenesis	1	23	0.003	0.0007	4.53	0.7
45	337	positive regulation of gene expression	117	432	0.3472	0.0123	28.22	138.62
45	337	cholesterol homeostasis	3	1948	0.0089	0.0555	0.16	0.0
45	337	cilium	57	219	0.1691	0.0062	27.12	64.42
45	337	protein kinase A catalytic subunit binding	74	76	0.2196	0.0022	101.46	149.61
45	337	motor behavior	84	86	0.2493	0.0024	101.78	170.82
45	337	regulation of epithelial cell proliferation	14	16	0.0415	0.0005	91.18	26.3
45	337	neuron fate commitment	1	51	0.003	0.0015	2.04	0.41
45	337	astrocyte differentiation	84	86	0.2493	0.0024	101.78	170.82
45	337	protein-containing complex binding	2	246	0.0059	0.007	0.85	0.16
45	337	central nervous system development	57	1381	0.1691	0.0393	4.3	19.92
45	337	oxysterol binding	123	423	0.365	0.012	30.3	150.64
45	337	embryonic organ development	1	66	0.003	0.0019	1.58	0.33
45	337	9+0 non-motile cilium	72	74	0.2136	0.0021	101.39	145.39
45	337	ciliary membrane	72	77	0.2136	0.0022	97.44	141.53
45	337	sterol biosynthetic process	19	80	0.0564	0.0023	24.75	20.73
45	337	ventral midline determination	72	74	0.2136	0.0021	101.39	145.39
45	337	protein kinase binding	114	330	0.3383	0.0094	36.0	148.94
45	337	synaptic transmission, glutamatergic	84	84	0.2493	0.0024	104.2	174.38
45	337	cholesterol binding	3	1642	0.0089	0.0468	0.19	0.0
45	337	postsynapse	1	1209	0.003	0.0344	0.09	0.0
45	337	regulation of nuclear receptor-mediated glucocorticoid signaling pathway	25	28	0.0742	0.0008	93.04	47.34
45	337	cell fate specification	1	1408	0.003	0.0401	0.07	0.0
45	337	negative regulation of smoothened signaling pathway	1	78	0.003	0.0022	1.34	0.28
45	337	RNA polymerase II transcription regulator complex	2	100	0.0059	0.0028	2.08	0.6
45	337	response to glucocorticoid	20	40	0.0593	0.0011	52.1	29.54
45	337	fatty acid homeostasis	2	93	0.0059	0.0026	2.24	0.65
45	337	positive regulation of transcription by RNA polymerase II	20	282	0.0593	0.008	7.39	11.27
45	337	pattern specification process	57	453	0.1691	0.0129	13.11	45.35
45	337	chordate embryonic development	1	46	0.003	0.0013	2.27	0.45
45	337	protein sequestering activity	74	153	0.2196	0.0044	50.4	108.48
45	337	nuclear envelope	1	191	0.003	0.0054	0.55	0.07
45	337	sequence-specific DNA binding	28	90	0.0831	0.0026	32.42	34.04
45	337	DNA-binding transcription repressor activity, RNA polymerase II-specific	85	87	0.2522	0.0025	101.81	172.95
45	337	centriole	72	76	0.2136	0.0022	98.72	142.72
45	337	protein-containing complex	85	462	0.2522	0.0132	19.17	83.23
45	337	chromatin binding	2	237	0.0059	0.0067	0.88	0.18
45	337	midgut development	72	77	0.2136	0.0022	97.44	141.53
45	337	response to insulin	1	16	0.003	0.0005	6.51	0.84
45	337	osteoblast differentiation	15	27	0.0445	0.0008	57.89	23.21
45	337	RNA polymerase II cis-regulatory region sequence-specific DNA binding	81	466	0.2404	0.0133	18.11	77.01
45	337	brassinosteroid biosynthetic process	1	772	0.003	0.022	0.13	0.0
45	337	ecdysone receptor signaling pathway	2	17	0.0059	0.0005	12.26	1.94
45	337	chromatin organization	161	166	0.4777	0.0047	101.07	300.0
45	337	response to calcium ion	1	69	0.003	0.002	1.51	0.31
45	337	fatty acid metabolic process	2	1010	0.0059	0.0288	0.21	0.0
45	337	cellular response to glucocorticoid stimulus	15	32	0.0445	0.0009	48.85	21.72
45	337	nuclear glucocorticoid receptor activity	121	121	0.3591	0.0034	104.2	254.8
45	337	caveola	72	1185	0.2136	0.0337	6.33	35.92
45	337	nuclear steroid receptor activity	1	177	0.003	0.005	0.59	0.09
45	337	endoplasmic reticulum-Golgi intermediate compartment	72	76	0.2136	0.0022	98.72	142.72
45	337	positive regulation of multicellular organism growth	72	74	0.2136	0.0021	101.39	145.39
45	337	positive regulation of DNA-templated transcription	90	326	0.2671	0.0093	28.77	105.86
45	337	cell differentiation	4	459	0.0119	0.0131	0.91	0.19
45	337	determination of left/right asymmetry in lateral mesoderm	72	128	0.2136	0.0036	58.62	112.05
45	337	cellular response to steroid hormone stimulus	16	172	0.0475	0.0049	9.69	10.89
45	337	digestive tract development	1	50	0.003	0.0014	2.08	0.42
45	337	contact inhibition	72	75	0.2136	0.0021	100.04	143.99
45	337	positive regulation of branching involved in ureteric bud morphogenesis	72	74	0.2136	0.0021	101.39	145.39
45	337	microglia differentiation	84	85	0.2493	0.0024	102.98	172.45
45	337	regulation of gene expression	1	1316	0.003	0.0375	0.08	0.0
45	337	cell development	1	183	0.003	0.0052	0.57	0.08
45	337	neuronal cell body	1	162	0.003	0.0046	0.64	0.1
45	337	carbonyl reductase (NADPH) activity	1	327	0.003	0.0093	0.32	0.02
45	337	positive regulation of organ growth	72	74	0.2136	0.0021	101.39	145.39
45	337	regulation of transcription by RNA polymerase II	19	97	0.0564	0.0028	20.41	19.01
45	337	lysosomal membrane	3	2454	0.0089	0.0699	0.13	0.0
45	337	DNA-binding transcription factor activity	17	45	0.0504	0.0013	39.37	22.54
45	337	cAMP-dependent protein kinase inhibitor activity	72	74	0.2136	0.0021	101.39	145.39
45	337	gene expression	4	124	0.0119	0.0035	3.36	1.5
45	337	regulation of heart morphogenesis	72	74	0.2136	0.0021	101.39	145.39
45	337	estrogen response element binding	18	153	0.0534	0.0044	12.26	13.96
45	337	Hsp70 protein binding	2	16	0.0059	0.0005	13.03	2.0
45	337	cholesterol metabolic process	4	6083	0.0119	0.1732	0.07	-0.0
45	337	chromatin	19	207	0.0564	0.0059	9.56	12.72
45	337	endoplasmic reticulum lumen	5	52	0.0148	0.0015	10.02	3.85
45	337	DNA-binding transcription activator activity, RNA polymerase II-specific	85	483	0.2522	0.0138	18.34	81.49
45	337	hormone binding	5	30	0.0148	0.0009	17.37	5.03
45	337	sterol binding	1	52	0.003	0.0015	2.0	0.4
45	337	smooth muscle tissue development	73	214	0.2166	0.0061	35.55	92.99
45	337	response to ketone	28	32	0.0831	0.0009	91.18	52.46
45	337	chromosome	77	85	0.2285	0.0024	94.4	148.78
45	337	neuroinflammatory response	84	84	0.2493	0.0024	104.2	174.38
45	337	regulation of smoothened signaling pathway	1	72	0.003	0.0021	1.45	0.3
45	337	embryonic digit morphogenesis	1	62	0.003	0.0018	1.68	0.35
45	337	nuclear cortisol receptor activity	45	49	0.1335	0.0014	95.7	86.82
45	337	forebrain morphogenesis	72	74	0.2136	0.0021	101.39	145.39
45	337	basolateral part of cell	45	49	0.1335	0.0014	95.7	86.82
45	337	circadian rhythm	1	73	0.003	0.0021	1.43	0.3
45	337	striated muscle cell development	1	637	0.003	0.0181	0.16	0.0
45	337	lipid metabolic process	1	1633	0.003	0.0465	0.06	0.0
45	337	regulation of glucose metabolic process	27	103	0.0801	0.0029	27.32	30.54
45	337	somite development	73	265	0.2166	0.0075	28.71	85.07
45	337	negative regulation of DNA-templated transcription	74	80	0.2196	0.0023	96.39	144.6
45	337	tissue development	49	476	0.1454	0.0136	10.73	34.66
45	337	mesenchymal to epithelial transition involved in metanephric renal vesicle formation	72	74	0.2136	0.0021	101.39	145.39
45	337	core promoter sequence-specific DNA binding	130	141	0.3858	0.004	96.08	258.92
45	337	ecdysone binding	2	19	0.0059	0.0005	10.97	1.85
45	337	spermatogenesis	1	26	0.003	0.0007	4.01	0.65
45	337	positive regulation of neural precursor cell proliferation	15	61	0.0445	0.0017	25.62	16.73
45	337	late endosome	72	102	0.2136	0.0029	73.56	123.14
45	337	all-trans-retinol dehydrogenase (NADP+) activity	1	25	0.003	0.0007	4.17	0.67
45	337	regulation of cell population proliferation	2	413	0.0059	0.0118	0.5	0.04
45	337	cholesterol biosynthetic process via desmosterol	6	288	0.0178	0.0082	2.17	1.22
45	337	angiogenesis	3	83	0.0089	0.0024	3.77	1.34
45	337	synapse	82	95	0.2433	0.0027	89.95	154.6
45	337	C-4 methylsterol oxidase activity	17	17	0.0504	0.0005	104.2	34.48
46	326	steroid biosynthetic process	2	557	0.0061	0.0159	0.39	0.01
46	326	steroid metabolic process	1	321	0.0031	0.0091	0.34	0.02
46	326	presynapse	200	1207	0.6135	0.0344	17.85	208.59
46	326	cellular response to insulin stimulus	66	84	0.2025	0.0024	84.64	119.26
46	326	progesterone metabolic process	40	906	0.1227	0.0258	4.76	15.41
46	326	cholesterol biosynthetic process	68	2414	0.2086	0.0687	3.03	15.88
46	326	cell-cell signaling	3	1430	0.0092	0.0407	0.23	0.0
46	326	xenobiotic catabolic process	3	191	0.0092	0.0054	1.69	0.58
46	326	smoothened signaling pathway	2	1536	0.0061	0.0437	0.14	0.0
46	326	positive regulation of smoothened signaling pathway	3	196	0.0092	0.0056	1.65	0.56
46	326	xenobiotic metabolic process	5	499	0.0153	0.0142	1.08	0.31
46	326	steroid hydroxylase activity	9	153	0.0276	0.0044	6.34	4.85
46	326	dendrite	200	1498	0.6135	0.0427	14.38	188.75
46	326	triglyceride metabolic process	2	590	0.0061	0.0168	0.37	0.01
46	326	negative regulation of cholesterol biosynthetic process	67	78	0.2055	0.0022	92.53	126.45
46	326	patched binding	3	1613	0.0092	0.0459	0.2	0.0
46	326	cholesterol 24-hydroxylase activity	200	1202	0.6135	0.0342	17.92	208.98
46	326	cholesterol homeostasis	67	1948	0.2055	0.0555	3.7	20.09
46	326	symporter activity	5	26	0.0153	0.0007	20.72	5.43
46	326	SREBP-SCAP-Insig complex	68	79	0.2086	0.0022	92.72	128.52
46	326	oxysterol binding	68	423	0.2086	0.012	17.32	62.84
46	326	steroid catabolic process	3	962	0.0092	0.0274	0.34	0.0
46	326	sterol biosynthetic process	2	80	0.0061	0.0023	2.69	0.77
46	326	negative regulation of cargo loading into COPII-coated vesicle	67	71	0.2055	0.002	101.65	133.33
46	326	postsynapse	200	1209	0.6135	0.0344	17.82	208.44
46	326	negative regulation of fat cell differentiation	2	145	0.0061	0.0041	1.49	0.41
46	326	transmembrane transporter activity	4	79	0.0123	0.0022	5.45	2.2
46	326	cell fate specification	2	1408	0.0061	0.0401	0.15	0.0
46	326	steroid 17-alpha-monooxygenase activity	35	846	0.1074	0.0241	4.46	12.69
46	326	protein sequestering activity	67	153	0.2055	0.0044	47.17	95.22
46	326	protein autoprocessing	3	1424	0.0092	0.0406	0.23	0.0
46	326	calcium ion binding	3	1460	0.0092	0.0416	0.22	0.0
46	326	response to peptide hormone	1	16	0.0031	0.0005	6.73	0.86
46	326	response to lipid	1	28	0.0031	0.0008	3.85	0.64
46	326	peptidase activity	3	1425	0.0092	0.0406	0.23	0.0
46	326	positive regulation of cholesterol biosynthetic process	1	22	0.0031	0.0006	4.9	0.73
46	326	regulation of gene expression	2	1316	0.0061	0.0375	0.16	0.0
46	326	hydroperoxy icosatetraenoate dehydratase activity	39	512	0.1196	0.0146	8.21	23.23
46	326	regulation of transcription by RNA polymerase II	1	97	0.0031	0.0028	1.11	0.22
46	326	retinol metabolic process	35	473	0.1074	0.0135	7.97	20.45
46	326	lysosomal membrane	5	2454	0.0153	0.0699	0.22	0.0
46	326	response to estradiol	1	57	0.0031	0.0016	1.89	0.38
46	326	cholesterol metabolic process	3	6083	0.0092	0.1732	0.05	-0.0
46	326	regulation of long-term synaptic potentiation	5	61	0.0153	0.0017	8.83	3.59
46	326	hormone biosynthetic process	35	713	0.1074	0.0203	5.29	14.87
46	326	oxidoreductase activity, acting on paired donors, with incorporation or reduction of molecular oxygen, reduced flavin or flavoprotein as one donor, and incorporation of one atom of oxygen	4	92	0.0123	0.0026	4.68	1.97
46	326	heme binding	239	5655	0.7331	0.161	4.55	116.93
46	326	negative regulation of protein exit from endoplasmic reticulum	67	71	0.2055	0.002	101.65	133.33
46	326	cholesterol catabolic process	200	1254	0.6135	0.0357	17.18	205.05
46	326	SREBP-SCAP complex retention in endoplasmic reticulum	68	78	0.2086	0.0022	93.91	129.37
46	326	cellular response to sterol	3	75	0.0092	0.0021	4.31	1.48
46	326	SREBP signaling pathway	68	94	0.2086	0.0027	77.93	118.48
46	326	estrogen metabolic process	3	1660	0.0092	0.0473	0.19	0.0
46	326	toxin metabolic process	3	30	0.0092	0.0009	10.77	2.57
47	518	2 iron, 2 sulfur cluster binding	8	18	0.0154	0.0005	30.13	10.09
47	518	3-hydroxy-2-methylbutyryl-CoA dehydrogenase activity	8	436	0.0154	0.0124	1.24	0.5
47	518	steroid biosynthetic process	7	557	0.0135	0.0159	0.85	0.14
47	518	steroid metabolic process	5	321	0.0097	0.0091	1.06	0.29
47	518	3-beta-hydroxysteroid 3-dehydrogenase (NADP+) activity	1	895	0.0019	0.0255	0.08	0.0
47	518	protein homotetramerization	2	67	0.0039	0.0019	2.02	0.59
47	518	cholesterol-5,6-oxide hydrolase activity	1	149	0.0019	0.0042	0.45	0.05
47	518	oxidoreductase activity, acting on the CH-OH group of donors, NAD or NADP as acceptor	3	274	0.0058	0.0078	0.74	0.11
47	518	(3S)-3-hydroxyacyl-CoA dehydrogenase (NAD+) activity	401	975	0.7741	0.0278	27.88	300.0
47	518	mitochondrial tRNA 5'-end processing	6	71	0.0116	0.002	5.73	3.2
47	518	acyl-CoA metabolic process	8	585	0.0154	0.0167	0.93	0.2
47	518	monooxygenase activity	1	196	0.0019	0.0056	0.35	0.02
47	518	fatty acid beta-oxidation	2	279	0.0039	0.0079	0.49	0.04
47	518	quinone binding	1	538	0.0019	0.0153	0.13	0.0
47	518	ketosteroid monooxygenase activity	2	28	0.0039	0.0008	4.84	1.2
47	518	steroid Delta-isomerase activity	7	39	0.0135	0.0011	12.17	5.83
47	518	steroid hydroxylase activity	5	153	0.0097	0.0044	2.22	1.11
47	518	androgen metabolic process	383	1056	0.7394	0.0301	24.59	300.0
47	518	bile acid binding	2	34	0.0039	0.001	3.99	1.05
47	518	mitochondrial ribonuclease P complex	6	71	0.0116	0.002	5.73	3.2
47	518	lipid catabolic process	17	1122	0.0328	0.032	1.03	0.31
47	518	3-alpha-hydroxysteroid 3-dehydrogenase [NAD(P)+] activity	1	137	0.0019	0.0039	0.49	0.06
47	518	steroid catabolic process	2	962	0.0039	0.0274	0.14	0.0
47	518	sterol biosynthetic process	2	80	0.0039	0.0023	1.69	0.48
47	518	ursodeoxycholate 7-beta-dehydrogenase (NAD+) activity	6	70	0.0116	0.002	5.81	3.23
47	518	response to toxic substance	1	39	0.0019	0.0011	1.74	0.36
47	518	lyase activity	2	326	0.0039	0.0093	0.42	0.02
47	518	protein-containing complex	1	462	0.0019	0.0132	0.15	0.0
47	518	FAD binding	6	94	0.0116	0.0027	4.33	2.56
47	518	fatty acid biosynthetic process	6	807	0.0116	0.023	0.5	0.01
47	518	fatty acid metabolic process	383	1010	0.7394	0.0288	25.71	300.0
47	518	NADPH binding	2	114	0.0039	0.0032	1.19	0.3
47	518	chenodeoxycholate 7-alpha-dehydrogenase (NAD+) activity	1	65	0.0019	0.0019	1.04	0.21
47	518	cholate 7-alpha-dehydrogenase (NAD+) activity	10	438	0.0193	0.0125	1.55	0.93
47	518	isoursodeoxycholate 7-beta-dehydrogenase (NAD+) activity	6	70	0.0116	0.002	5.81	3.23
47	518	bile acid catabolic process	12	21	0.0232	0.0006	38.74	16.61
47	518	7-beta-hydroxysteroid dehydrogenase (NADP+) activity	2	947	0.0039	0.027	0.14	0.0
47	518	3-beta-hydroxy-Delta5-steroid dehydrogenase (NAD+) activity	2	27	0.0039	0.0008	5.02	1.22
47	518	testosterone dehydrogenase (NAD+) activity	8	1038	0.0154	0.0296	0.52	0.01
47	518	cholesterol metabolic process	7	6083	0.0135	0.1732	0.08	-0.0
47	518	choloyl-CoA hydrolase activity	1	573	0.0019	0.0163	0.12	0.0
47	518	estradiol 17-beta-dehydrogenase [NAD(P)+] activity	400	2847	0.7722	0.0811	9.52	300.0
47	518	lipid metabolic process	7	1633	0.0135	0.0465	0.29	0.0
47	518	heme binding	7	5655	0.0135	0.161	0.08	-0.0
47	518	cholesterol catabolic process	24	1254	0.0463	0.0357	1.3	0.93
47	518	response to hypoxia	1	20	0.0019	0.0006	3.39	0.59
47	518	protein homodimerization activity	1	390	0.0019	0.0111	0.17	0.0
47	518	androstan-3-alpha,17-beta-diol dehydrogenase (NAD+) activity	400	943	0.7722	0.0269	28.76	300.0
47	518	bile acid metabolic process	6	229	0.0116	0.0065	1.78	0.9
47	518	estrogen metabolic process	383	1660	0.7394	0.0473	15.64	300.0
47	518	long-chain fatty acid metabolic process	1	73	0.0019	0.0021	0.93	0.18
48	568	sterol 14-demethylase activity	83	2241	0.1461	0.0638	2.29	11.82
48	568	segment polarity determination	115	177	0.2025	0.005	40.17	163.06
48	568	neuron differentiation	18	425	0.0317	0.0121	2.62	3.64
48	568	regulation of developmental process	18	327	0.0317	0.0093	3.4	5.11
48	568	anatomical structure morphogenesis	110	172	0.1937	0.0049	39.54	154.59
48	568	endocytic vesicle	5	82	0.0088	0.0023	3.77	1.97
48	568	heart development	5	16	0.0088	0.0005	19.32	5.39
48	568	cell-cell signaling	414	1430	0.7289	0.0407	17.9	300.0
48	568	cytoplasmic vesicle	1	26	0.0018	0.0007	2.38	0.46
48	568	smoothened signaling pathway	412	1536	0.7254	0.0437	16.58	300.0
48	568	positive regulation of smoothened signaling pathway	3	196	0.0053	0.0056	0.95	0.21
48	568	gliogenesis	269	585	0.4736	0.0167	28.43	300.0
48	568	patched binding	412	1613	0.7254	0.0459	15.79	300.0
48	568	tube development	18	381	0.0317	0.0108	2.92	4.23
48	568	system development	126	410	0.2218	0.0117	19.0	125.19
48	568	ergosterol biosynthetic process	82	396	0.1444	0.0113	12.8	64.98
48	568	oligodendrocyte differentiation	6	253	0.0106	0.0072	1.47	0.64
48	568	intein-mediated protein splicing	413	1354	0.7271	0.0386	18.86	300.0
48	568	central nervous system development	275	1381	0.4842	0.0393	12.31	233.44
48	568	sterol biosynthetic process	1	80	0.0018	0.0023	0.77	0.14
48	568	cholesterol binding	7	1642	0.0123	0.0468	0.26	0.0
48	568	cell fate specification	408	1408	0.7183	0.0401	17.92	300.0
48	568	methyltransferase activity	81	767	0.1426	0.0218	6.53	40.8
48	568	pattern specification process	18	453	0.0317	0.0129	2.46	3.31
48	568	protein autoprocessing	414	1424	0.7289	0.0406	17.97	300.0
48	568	calcium ion binding	412	1460	0.7254	0.0416	17.45	300.0
48	568	self proteolysis	15	78	0.0264	0.0022	11.89	11.71
48	568	cholesterol-protein transferase activity	15	77	0.0264	0.0022	12.04	11.8
48	568	peptidase activity	414	1425	0.7289	0.0406	17.96	300.0
48	568	regulation of gene expression	412	1316	0.7254	0.0375	19.36	300.0
48	568	cell development	11	183	0.0194	0.0052	3.72	3.68
48	568	morphogen activity	115	178	0.2025	0.0051	39.94	162.61
48	568	endosome	5	134	0.0088	0.0038	2.31	1.17
48	568	methylation	81	978	0.1426	0.0278	5.12	33.12
48	568	striated muscle cell development	270	637	0.4754	0.0181	26.21	300.0
48	568	heme binding	83	5655	0.1461	0.161	0.91	0.07
48	568	tissue development	18	476	0.0317	0.0136	2.34	3.06
48	568	animal organ development	18	351	0.0317	0.01	3.17	4.7
48	568	regulation of cell population proliferation	18	413	0.0317	0.0118	2.69	3.79
49	82	detection of brassinosteroid stimulus	17	34	0.2073	0.001	214.13	36.16
49	82	protein serine/threonine kinase activity	17	50	0.2073	0.0014	145.61	32.54
49	82	steroid binding	17	1674	0.2073	0.0477	4.35	6.58
49	82	developmental process involved in reproduction	15	60	0.1829	0.0017	107.06	26.38
49	82	response to light stimulus	3	141	0.0366	0.004	9.11	2.35
49	82	cell-cell signaling	54	1430	0.6585	0.0407	16.17	54.14
49	82	DNA damage response	10	19	0.122	0.0005	225.4	21.61
49	82	skotomorphogenesis	14	43	0.1707	0.0012	139.43	26.48
49	82	seedling development	17	31	0.2073	0.0009	234.85	37.1
49	82	smoothened signaling pathway	54	1536	0.6585	0.0437	15.06	52.47
49	82	positive regulation of smoothened signaling pathway	36	196	0.439	0.0056	78.66	59.32
49	82	patched binding	54	1613	0.6585	0.0459	14.34	51.33
49	82	system development	34	410	0.4146	0.0117	35.51	43.42
49	82	response to estrogen	1	109	0.0122	0.0031	3.93	0.65
49	82	brassinosteroid mediated signaling pathway	17	36	0.2073	0.001	202.23	35.59
49	82	intein-mediated protein splicing	35	1354	0.4268	0.0386	11.07	27.18
49	82	cell fate specification	54	1408	0.6585	0.0401	16.42	54.5
49	82	carbohydrate catabolic process	10	813	0.122	0.0232	5.27	4.7
49	82	protein autoprocessing	54	1424	0.6585	0.0406	16.24	54.24
49	82	protein-containing complex	17	462	0.2073	0.0132	15.76	15.23
49	82	calcium ion binding	54	1460	0.6585	0.0416	15.84	53.66
49	82	beta-glucosidase activity	10	2348	0.122	0.0669	1.82	1.33
49	82	osteoblast differentiation	2	27	0.0244	0.0008	31.72	2.74
49	82	galactosylceramidase activity	10	3865	0.122	0.1101	1.11	0.38
49	82	peptidase activity	54	1425	0.6585	0.0406	16.23	54.22
49	82	regulation of gene expression	54	1316	0.6585	0.0375	17.57	56.09
49	82	SNARE binding	17	34	0.2073	0.001	214.13	36.16
49	82	response to estradiol	1	57	0.0122	0.0016	7.51	0.9
49	82	protein heterodimerization activity	17	308	0.2073	0.0088	23.64	18.17
49	82	endosome	17	134	0.2073	0.0038	54.33	24.45
49	82	glucosylceramidase activity	10	3857	0.122	0.1098	1.11	0.38
49	82	protein homodimerization activity	17	390	0.2073	0.0111	18.67	16.45
49	82	microtubule bundle formation	14	42	0.1707	0.0012	142.75	26.65
50	538	steroid biosynthetic process	28	557	0.052	0.0159	3.28	7.27
50	538	steroid metabolic process	2	321	0.0037	0.0091	0.41	0.02
50	538	3-beta-hydroxysteroid 3-dehydrogenase (NADP+) activity	11	895	0.0204	0.0255	0.8	0.09
50	538	androgen biosynthetic process	10	155	0.0186	0.0044	4.21	3.83
50	538	female gonad development	1	47	0.0019	0.0013	1.39	0.29
50	538	cellular response to dexamethasone stimulus	1	95	0.0019	0.0027	0.69	0.11
50	538	magnesium ion binding	1	681	0.0019	0.0194	0.1	0.0
50	538	oxidoreductase activity, acting on the CH-OH group of donors, NAD or NADP as acceptor	43	274	0.0799	0.0078	10.24	29.64
50	538	DNA-templated transcription	1	681	0.0019	0.0194	0.1	0.0
50	538	protein dimerization activity	1	31	0.0019	0.0009	2.11	0.42
50	538	cellular response to insulin stimulus	1	84	0.0019	0.0024	0.78	0.14
50	538	response to ethanol	1	23	0.0019	0.0007	2.84	0.52
50	538	steroid binding	5	1674	0.0093	0.0477	0.19	0.0
50	538	progesterone metabolic process	1	906	0.0019	0.0258	0.07	0.0
50	538	cholesterol biosynthetic process	401	2414	0.7454	0.0687	10.84	300.0
50	538	lipid droplet	457	1587	0.8494	0.0452	18.8	300.0
50	538	manganese ion binding	1	476	0.0019	0.0136	0.14	0.0
50	538	cellular response to transforming growth factor beta stimulus	1	92	0.0019	0.0026	0.71	0.12
50	538	steroid Delta-isomerase activity	22	39	0.0409	0.0011	36.82	29.51
50	538	smoothened signaling pathway	1	1536	0.0019	0.0437	0.04	0.0
50	538	cholesterol biosynthetic process via lathosterol	50	269	0.0929	0.0077	12.13	38.16
50	538	zymosterol biosynthetic process	50	201	0.0929	0.0057	16.24	44.86
50	538	5-alpha-androstane-3-beta,17-beta-diol dehydrogenase (NADP+) activity	9	1008	0.0167	0.0287	0.58	0.01
50	538	ergosterol biosynthetic process	3	396	0.0056	0.0113	0.49	0.03
50	538	3-beta-hydroxysteroid dehydrogenase [NAD(P)+]/C4-decarboxylase activity	452	524	0.8401	0.0149	56.3	300.0
50	538	C21-steroid hormone metabolic process	16	89	0.0297	0.0025	11.73	12.33
50	538	cholesterol homeostasis	2	1948	0.0037	0.0555	0.07	0.0
50	538	cilium	6	219	0.0112	0.0062	1.79	0.91
50	538	male gonad development	1	40	0.0019	0.0011	1.63	0.34
50	538	nucleoside diphosphate metabolic process	1	475	0.0019	0.0135	0.14	0.0
50	538	phosphatidylcholine metabolic process	1	589	0.0019	0.0168	0.11	0.0
50	538	sterol ester esterase activity	3	2104	0.0056	0.0599	0.09	0.0
50	538	response to xenobiotic stimulus	1	98	0.0019	0.0028	0.67	0.11
50	538	lipid catabolic process	1	1122	0.0019	0.032	0.06	0.0
50	538	nucleolus	6	165	0.0112	0.0047	2.37	1.37
50	538	sterol biosynthetic process	4	80	0.0074	0.0023	3.26	1.46
50	538	mineralocorticoid biosynthetic process	1	59	0.0019	0.0017	1.11	0.22
50	538	cellular response to glucose stimulus	1	88	0.0019	0.0025	0.74	0.13
50	538	estrogen biosynthetic process	1	1149	0.0019	0.0327	0.06	0.0
50	538	Delta4-3-oxosteroid 5beta-reductase activity	2	23	0.0037	0.0007	5.68	1.32
50	538	response to calcium ion	1	69	0.0019	0.002	0.95	0.18
50	538	coenzyme A diphosphatase activity	1	1023	0.0019	0.0291	0.06	0.0
50	538	C21-steroid hormone biosynthetic process	5	194	0.0093	0.0055	1.68	0.75
50	538	glucocorticoid biosynthetic process	2	215	0.0037	0.0061	0.61	0.07
50	538	cortisol biosynthetic process	1	105	0.0019	0.003	0.62	0.1
50	538	3-beta-hydroxy-Delta5-steroid dehydrogenase (NAD+) activity	25	27	0.0465	0.0008	60.44	43.08
50	538	response to estradiol	1	57	0.0019	0.0016	1.15	0.23
50	538	cholesterol metabolic process	16	6083	0.0297	0.1732	0.17	-0.0
50	538	hippocampus development	2	15	0.0037	0.0004	8.7	1.67
50	538	response to nutrient levels	1	20	0.0019	0.0006	3.26	0.58
50	538	intracellular triglyceride homeostasis	2	96	0.0037	0.0027	1.36	0.36
50	538	methylation	1	978	0.0019	0.0278	0.07	0.0
50	538	bile acid biosynthetic process	1	520	0.0019	0.0148	0.13	0.0
50	538	isomerase activity	1	206	0.0019	0.0059	0.32	0.02
50	538	estradiol 17-beta-dehydrogenase [NAD(P)+] activity	2	2847	0.0037	0.0811	0.05	-0.0
50	538	lipid metabolic process	2	1633	0.0037	0.0465	0.08	0.0
50	538	cholesterol catabolic process	2	1254	0.0037	0.0357	0.1	0.0
50	538	bile acid metabolic process	1	229	0.0019	0.0065	0.29	0.01
50	538	endomembrane system	1	50	0.0019	0.0014	1.31	0.27
50	538	mitochondrial membrane	15	1052	0.0279	0.03	0.93	0.19
50	538	cholesterol biosynthetic process via desmosterol	50	288	0.0929	0.0082	11.33	36.64
50	538	peroxisomal matrix	5	1220	0.0093	0.0347	0.27	0.0
51	279	steroid biosynthetic process	22	557	0.0789	0.0159	4.97	9.03
51	279	steroid metabolic process	9	321	0.0323	0.0091	3.53	2.94
51	279	organic anion transport	1	62	0.0036	0.0018	2.03	0.41
51	279	progesterone 21-hydroxylase activity	37	37	0.1326	0.0011	125.87	78.77
51	279	steroid 21-monooxygenase activity	49	53	0.1756	0.0015	116.37	99.37
51	279	central nervous system neuron development	1	72	0.0036	0.0021	1.75	0.36
51	279	cellular response to peptide hormone stimulus	1	269	0.0036	0.0077	0.47	0.05
51	279	secondary active transmembrane transporter activity	6	20	0.0215	0.0006	37.76	8.08
51	279	positive regulation of protein localization to plasma membrane	7	86	0.0251	0.0024	10.25	5.23
51	279	17-hydroxyprogesterone 21-hydroxylase activity	37	37	0.1326	0.0011	125.87	78.77
51	279	steroid binding	98	1674	0.3513	0.0477	7.37	57.08
51	279	progesterone metabolic process	76	906	0.2724	0.0258	10.56	54.49
51	279	sterol metabolic process	1	603	0.0036	0.0172	0.21	0.0
51	279	xenobiotic metabolic process	2	499	0.0072	0.0142	0.5	0.04
51	279	steroid hydroxylase activity	8	153	0.0287	0.0044	6.58	4.48
51	279	glycoside catabolic process	1	73	0.0036	0.0021	1.72	0.35
51	279	nervous system development	1	218	0.0036	0.0062	0.58	0.08
51	279	basal plasma membrane	5	44	0.0179	0.0013	14.3	4.59
51	279	glycolipid biosynthetic process	1	144	0.0036	0.0041	0.87	0.17
51	279	prostaglandin transmembrane transporter activity	135	438	0.4839	0.0125	38.79	184.93
51	279	regulation of actin filament polymerization	1	72	0.0036	0.0021	1.75	0.36
51	279	ergosterol biosynthetic process	1	396	0.0036	0.0113	0.32	0.02
51	279	central nervous system development	22	1381	0.0789	0.0393	2.01	2.78
51	279	prostaglandin transport	5	26	0.0179	0.0007	24.21	5.76
51	279	glucosylceramide catabolic process	24	3041	0.086	0.0866	0.99	0.26
51	279	alpha-ketoglutarate transmembrane transporter activity	47	65	0.1685	0.0019	91.01	84.82
51	279	apical plasma membrane	135	5067	0.4839	0.1443	3.35	41.01
51	279	glycosyltransferase activity	23	704	0.0824	0.02	4.11	7.86
51	279	transmembrane transporter activity	5	79	0.0179	0.0022	7.97	3.37
51	279	steroid 17-alpha-monooxygenase activity	75	846	0.2688	0.0241	11.16	55.48
51	279	nuclear envelope	3	191	0.0108	0.0054	1.98	0.71
51	279	lyase activity	13	326	0.0466	0.0093	5.02	5.61
51	279	mineralocorticoid biosynthetic process	51	59	0.1828	0.0017	108.8	99.87
51	279	regulation of microtubule polymerization	1	72	0.0036	0.0021	1.75	0.36
51	279	steryl-beta-glucosidase activity	5	640	0.0179	0.0182	0.98	0.24
51	279	beta-glucosidase activity	19	2348	0.0681	0.0669	1.02	0.3
51	279	amyloid-beta binding	1	79	0.0036	0.0022	1.59	0.33
51	279	galactosylceramidase activity	24	3865	0.086	0.1101	0.78	0.04
51	279	sodium-independent organic anion transport	3	35	0.0108	0.001	10.79	2.57
51	279	nuclear steroid receptor activity	1	177	0.0036	0.005	0.71	0.12
51	279	postsynaptic density	1	337	0.0036	0.0096	0.37	0.03
51	279	regulation of membrane lipid distribution	1	72	0.0036	0.0021	1.75	0.36
51	279	C21-steroid hormone biosynthetic process	1	194	0.0036	0.0055	0.65	0.1
51	279	glucocorticoid biosynthetic process	7	215	0.0251	0.0061	4.1	2.76
51	279	cortisol biosynthetic process	30	105	0.1075	0.003	35.96	37.7
51	279	basolateral plasma membrane	135	3332	0.4839	0.0949	5.1	62.52
51	279	hydroperoxy icosatetraenoate dehydratase activity	4	512	0.0143	0.0146	0.98	0.24
51	279	neuronal cell body	3	162	0.0108	0.0046	2.33	0.86
51	279	glucosyltransferase activity	1	1332	0.0036	0.0379	0.09	0.0
51	279	midbody	2	80	0.0072	0.0023	3.15	0.88
51	279	monoatomic ion transport	135	380	0.4839	0.0108	44.72	194.93
51	279	cholesterol metabolic process	24	6083	0.086	0.1732	0.5	0.0
51	279	endoplasmic reticulum lumen	3	52	0.0108	0.0015	7.26	2.08
51	279	hormone biosynthetic process	31	713	0.1111	0.0203	5.47	13.65
51	279	endosome membrane	1	33	0.0036	0.0009	3.81	0.64
51	279	oxidoreductase activity, acting on paired donors, with incorporation or reduction of molecular oxygen, reduced flavin or flavoprotein as one donor, and incorporation of one atom of oxygen	1	92	0.0036	0.0026	1.37	0.28
51	279	oxygen binding	1	95	0.0036	0.0027	1.32	0.27
51	279	glucosylceramidase activity	24	3857	0.086	0.1098	0.78	0.04
51	279	carbohydrate metabolic process	24	798	0.086	0.0227	3.79	7.5
51	279	heme binding	98	5655	0.3513	0.161	2.18	14.23
51	279	protein homodimerization activity	8	390	0.0287	0.0111	2.58	1.88
51	279	bile acid metabolic process	1	229	0.0036	0.0065	0.55	0.08
51	279	endomembrane system	14	50	0.0502	0.0014	35.24	17.68
51	279	synapse	5	95	0.0179	0.0027	6.62	3.01
52	414	positive regulation of bile acid secretion	1	80	0.0024	0.0023	1.06	0.21
52	414	GTP binding	1	50	0.0024	0.0014	1.7	0.35
52	414	guanyl-nucleotide exchange factor activity	1	30	0.0024	0.0009	2.83	0.52
52	414	phospholipid homeostasis	1	762	0.0024	0.0217	0.11	0.0
52	414	bile acid and bile salt transport	9	143	0.0217	0.0041	5.34	4.27
52	414	intercellular canaliculus	1	147	0.0024	0.0042	0.58	0.08
52	414	canalicular bile acid transmembrane transporter activity	6	108	0.0145	0.0031	4.71	2.74
52	414	phospholipid scramblase activity	9	52	0.0217	0.0015	14.68	8.02
52	414	L-asparagine transmembrane transporter activity	1	29	0.0024	0.0008	2.92	0.54
52	414	FNIP-folliculin RagC/D GAP	1	26	0.0024	0.0007	3.26	0.58
52	414	sterol sensor activity	1	31	0.0024	0.0009	2.74	0.51
52	414	vacuolar membrane	1	40	0.0024	0.0011	2.12	0.42
52	414	ABC-type bile acid transporter activity	1	167	0.0024	0.0048	0.51	0.06
52	414	recycling endosome membrane	6	1550	0.0145	0.0441	0.33	0.0
52	414	Golgi organization	5	18	0.0121	0.0005	23.56	5.78
52	414	protein ubiquitination	1	83	0.0024	0.0024	1.02	0.2
52	414	xenobiotic metabolic process	1	499	0.0024	0.0142	0.17	0.0
52	414	nervous system development	2	218	0.0048	0.0062	0.78	0.14
52	414	xenobiotic transmembrane transport	1	187	0.0024	0.0053	0.45	0.05
52	414	regulation of fatty acid beta-oxidation	1	80	0.0024	0.0023	1.06	0.21
52	414	Ragulator complex	1	25	0.0024	0.0007	3.39	0.59
52	414	xenobiotic export from cell	1	160	0.0024	0.0046	0.53	0.07
52	414	ABC-type xenobiotic transporter activity	1	3551	0.0024	0.1011	0.02	-0.0
52	414	L-leucine transmembrane transporter activity	1	27	0.0024	0.0008	3.14	0.56
52	414	cholesterol homeostasis	1	1948	0.0024	0.0555	0.04	0.0
52	414	symporter activity	2	26	0.0048	0.0007	6.52	1.43
52	414	nucleolus	1	165	0.0024	0.0047	0.51	0.07
52	414	apical plasma membrane	367	5067	0.8865	0.1443	6.14	254.18
52	414	L-glutamine transmembrane transporter activity	1	29	0.0024	0.0008	2.92	0.54
52	414	cholesterol binding	1	1642	0.0024	0.0468	0.05	0.0
52	414	ABC-type oligopeptide transporter activity	6	1132	0.0145	0.0322	0.45	0.0
52	414	microvillus	24	42	0.058	0.0012	48.47	35.11
52	414	bile acid:sodium symporter activity	365	1238	0.8816	0.0353	25.01	300.0
52	414	cellular response to amino acid stimulus	1	29	0.0024	0.0008	2.92	0.54
52	414	fatty acid metabolic process	1	1010	0.0024	0.0288	0.08	0.0
52	414	positive regulation of TORC1 signaling	1	31	0.0024	0.0009	2.74	0.51
52	414	lipid transport	2	4600	0.0048	0.131	0.04	-0.0
52	414	autophagy	6	1314	0.0145	0.0374	0.39	0.0
52	414	late endosome membrane	1	205	0.0024	0.0058	0.41	0.04
52	414	oligopeptide export from mitochondrion	6	1132	0.0145	0.0322	0.45	0.0
52	414	lysosomal membrane	1	2454	0.0024	0.0699	0.03	0.0
52	414	response to bacterium	2	73	0.0048	0.0021	2.32	0.67
52	414	sodium ion transport	3	25	0.0072	0.0007	10.18	2.51
52	414	L-arginine transmembrane transporter activity	1	34	0.0024	0.001	2.49	0.48
52	414	bile acid metabolic process	2	229	0.0048	0.0065	0.74	0.12
52	414	endomembrane system	5	50	0.0121	0.0014	8.48	3.52
53	341	steroid biosynthetic process	1	557	0.0029	0.0159	0.18	0.0
53	341	steroid metabolic process	2	321	0.0059	0.0091	0.64	0.09
53	341	11-beta-hydroxysteroid dehydrogenase (NADP+) activity	332	947	0.9736	0.027	36.1	300.0
53	341	steroid binding	328	1674	0.9619	0.0477	20.18	300.0
53	341	lipid droplet	4	1587	0.0117	0.0452	0.26	0.0
53	341	glucocorticoid catabolic process	17	70	0.0499	0.002	25.01	18.7
53	341	steroid catabolic process	312	962	0.915	0.0274	33.4	300.0
53	341	NADP binding	18	88	0.0528	0.0025	21.06	18.31
53	341	7-beta-hydroxysteroid dehydrogenase (NADP+) activity	328	947	0.9619	0.027	35.67	300.0
53	341	estradiol 17-beta-dehydrogenase [NAD(P)+] activity	4	2847	0.0117	0.0811	0.14	0.0
53	341	protein homodimerization activity	17	390	0.0499	0.0111	4.49	6.47
54	242	sensory perception of sound	44	52	0.1818	0.0015	122.79	88.06
54	242	developmental process	29	177	0.1198	0.005	23.78	30.63
54	242	glucosylceramide catabolic process	189	3041	0.781	0.0866	9.02	151.1
54	242	catecholamine catabolic process	44	175	0.1818	0.005	36.49	55.53
54	242	auditory receptor cell development	18	18	0.0744	0.0005	145.11	39.19
54	242	steryl-beta-glucosidase activity	15	640	0.062	0.0182	3.4	4.36
54	242	galactosylceramidase activity	189	3865	0.781	0.1101	7.1	131.45
54	242	dopamine metabolic process	43	173	0.1777	0.0049	36.07	54.01
54	242	lysosomal membrane	189	2454	0.781	0.0699	11.18	168.92
54	242	catechol O-methyltransferase activity	44	192	0.1818	0.0055	33.25	53.55
54	242	cholesterol metabolic process	188	6083	0.7769	0.1732	4.48	93.92
54	242	methylation	44	978	0.1818	0.0278	6.53	22.46
54	242	glucosylceramidase activity	189	3857	0.781	0.1098	7.11	131.62
54	242	positive regulation of protein import	18	18	0.0744	0.0005	145.11	39.19
54	242	apical part of cell	18	104	0.0744	0.003	25.12	19.59
55	422	positive regulation of neuronal action potential	1	67	0.0024	0.0019	1.24	0.26
55	422	sterol 14-demethylase activity	46	2241	0.109	0.0638	1.71	3.53
55	422	bile acid and bile salt transport	1	143	0.0024	0.0041	0.58	0.08
55	422	regulation of protein catabolic process	214	1256	0.5071	0.0358	14.18	194.77
55	422	lysosome organization	216	1281	0.5118	0.0365	14.03	195.86
55	422	estradiol binding	27	38	0.064	0.0011	59.13	43.18
55	422	negative regulation of MAPK cascade	1	68	0.0024	0.0019	1.22	0.25
55	422	NADP+ binding	27	29	0.064	0.0008	77.48	49.61
55	422	steroid binding	3	1674	0.0071	0.0477	0.15	0.0
55	422	cellular response to starvation	1	71	0.0024	0.002	1.17	0.24
55	422	cholesterol biosynthetic process	34	2414	0.0806	0.0687	1.17	0.72
55	422	7-dehydrocholesterol reductase activity	1	170	0.0024	0.0048	0.49	0.06
55	422	regulation of TOR signaling	214	1275	0.5071	0.0363	13.97	193.29
55	422	ceramide biosynthetic process	1	67	0.0024	0.0019	1.24	0.26
55	422	testosterone dehydrogenase (NADP+) activity	27	128	0.064	0.0036	17.55	25.11
55	422	glycolipid biosynthetic process	2	144	0.0047	0.0041	1.16	0.29
55	422	Delta14-sterol reductase activity	1	303	0.0024	0.0086	0.27	0.01
55	422	termination of signal transduction	1	67	0.0024	0.0019	1.24	0.26
55	422	regulation of macroautophagy	214	1271	0.5071	0.0362	14.01	193.6
55	422	glucosylceramide catabolic process	307	3041	0.7275	0.0866	8.4	230.64
55	422	apical plasma membrane	9	5067	0.0213	0.1443	0.15	-0.0
55	422	methyltransferase activity	9	767	0.0213	0.0218	0.98	0.24
55	422	small molecule biosynthetic process	2	35	0.0047	0.001	4.76	1.18
55	422	trans-Golgi network	1	149	0.0024	0.0042	0.56	0.08
55	422	cellular response to tumor necrosis factor	1	149	0.0024	0.0042	0.56	0.08
55	422	bile acid:sodium symporter activity	9	1238	0.0213	0.0353	0.6	0.02
55	422	regulation of membrane potential	213	1212	0.5047	0.0345	14.62	196.75
55	422	steryl-beta-glucosidase activity	113	640	0.2678	0.0182	14.69	97.94
55	422	beta-glucosidase activity	146	2348	0.346	0.0669	5.17	64.35
55	422	scavenger receptor binding	1	67	0.0024	0.0019	1.24	0.26
55	422	estrogen biosynthetic process	28	1149	0.0664	0.0327	2.03	3.43
55	422	all-trans-retinol dehydrogenase (NAD+) activity	1	29	0.0024	0.0008	2.87	0.53
55	422	cholesterol biosynthetic process via 24,25-dihydrolanosterol	1	21	0.0024	0.0006	3.96	0.65
55	422	galactosylceramidase activity	315	3865	0.7464	0.1101	6.78	209.56
55	422	negative regulation of macromolecule metabolic process	213	1208	0.5047	0.0344	14.67	197.08
55	422	autophagy	214	1314	0.5071	0.0374	13.55	190.34
55	422	protein catabolic process	213	1210	0.5047	0.0345	14.65	196.92
55	422	lysosomal lumen	1	63	0.0024	0.0018	1.32	0.27
55	422	sphingosine biosynthetic process	1	67	0.0024	0.0019	1.24	0.26
55	422	NADP binding	3	88	0.0071	0.0025	2.84	1.05
55	422	retinol metabolic process	1	473	0.0024	0.0135	0.18	0.0
55	422	glucosyltransferase activity	214	1332	0.5071	0.0379	13.37	189.01
55	422	lysosomal membrane	315	2454	0.7464	0.0699	10.68	273.09
55	422	negative regulation of inflammatory response	1	386	0.0024	0.011	0.22	0.0
55	422	gene expression	2	124	0.0047	0.0035	1.34	0.36
55	422	testosterone dehydrogenase (NAD+) activity	3	1038	0.0071	0.0296	0.24	0.0
55	422	cholesterol metabolic process	319	6083	0.7559	0.1732	4.36	153.52
55	422	lysosomal protein catabolic process	1	69	0.0024	0.002	1.21	0.25
55	422	signaling receptor binding	213	1444	0.5047	0.0411	12.27	179.72
55	422	negative regulation of interleukin-6 production	1	158	0.0024	0.0045	0.53	0.07
55	422	methylation	9	978	0.0213	0.0278	0.77	0.08
55	422	glucosylceramidase activity	315	3857	0.7464	0.1098	6.8	209.84
55	422	testosterone biosynthetic process	28	46	0.0664	0.0013	50.65	41.79
55	422	estradiol 17-beta-dehydrogenase [NAD(P)+] activity	28	2847	0.0664	0.0811	0.82	0.05
55	422	lipid metabolic process	2	1633	0.0047	0.0465	0.1	0.0
55	422	heme binding	46	5655	0.109	0.161	0.68	0.0
55	422	protein homodimerization activity	27	390	0.064	0.0111	5.76	12.41
55	422	all-trans-retinol dehydrogenase (NADP+) activity	1	25	0.0024	0.0007	3.33	0.58
56	578	nuclear outer membrane	62	65	0.1073	0.0019	57.95	107.41
56	578	steroid biosynthetic process	159	557	0.2751	0.0159	17.34	152.72
56	578	steroid metabolic process	16	321	0.0277	0.0091	3.03	4.01
56	578	nuclear receptor activity	14	205	0.0242	0.0058	4.15	5.06
56	578	androgen biosynthetic process	57	155	0.0986	0.0044	22.34	60.41
56	578	female gonad development	1	47	0.0017	0.0013	1.29	0.27
56	578	cellular response to estradiol stimulus	21	368	0.0363	0.0105	3.47	5.99
56	578	steroid 21-monooxygenase activity	2	53	0.0035	0.0015	2.29	0.66
56	578	cholesterol-5,6-oxide hydrolase activity	143	149	0.2474	0.0042	58.31	253.17
56	578	positive regulation of ERK1 and ERK2 cascade	2	89	0.0035	0.0025	1.37	0.36
56	578	neutrophil differentiation	2	83	0.0035	0.0024	1.46	0.4
56	578	response to steroid hormone	1	23	0.0017	0.0007	2.64	0.5
56	578	DNA-templated transcription	32	681	0.0554	0.0194	2.85	6.83
56	578	signal transduction	1	91	0.0017	0.0026	0.67	0.11
56	578	estradiol binding	9	38	0.0156	0.0011	14.39	8.05
56	578	response to ethanol	1	23	0.0017	0.0007	2.64	0.5
56	578	enzyme binding	5	350	0.0087	0.01	0.87	0.16
56	578	steroid binding	26	1674	0.045	0.0477	0.94	0.19
56	578	progesterone metabolic process	207	906	0.3581	0.0258	13.88	180.6
56	578	nuclear receptor-mediated steroid hormone signaling pathway	3	50	0.0052	0.0014	3.65	1.31
56	578	cholesterol biosynthetic process	112	2414	0.1938	0.0687	2.82	22.97
56	578	steroid hormone binding	10	392	0.0173	0.0112	1.55	0.94
56	578	negative regulation of neuron apoptotic process	2	53	0.0035	0.0015	2.29	0.66
56	578	positive regulation of epidermal growth factor receptor signaling pathway	2	82	0.0035	0.0023	1.48	0.41
56	578	Delta24-sterol reductase activity	2	86	0.0035	0.0024	1.41	0.38
56	578	nuclear lamina	2	81	0.0035	0.0023	1.5	0.41
56	578	7-dehydrocholesterol reductase activity	162	170	0.2803	0.0048	57.9	286.52
56	578	cell-cell signaling	2	1430	0.0035	0.0407	0.08	0.0
56	578	Golgi organization	1	18	0.0017	0.0005	3.38	0.59
56	578	lung development	2	21	0.0035	0.0006	5.79	1.34
56	578	negative regulation of transcription by RNA polymerase II	5	416	0.0087	0.0118	0.73	0.09
56	578	multicellular organism growth	2	17	0.0035	0.0005	7.15	1.51
56	578	xenobiotic metabolic process	3	499	0.0052	0.0142	0.37	0.0
56	578	nuclear estrogen receptor activity	31	363	0.0536	0.0103	5.19	12.97
56	578	steroid hydroxylase activity	3	153	0.0052	0.0044	1.19	0.34
56	578	cholesterol biosynthetic process via lathosterol	64	269	0.1107	0.0077	14.45	54.14
56	578	regulation of DNA-templated transcription	1	26	0.0017	0.0007	2.34	0.46
56	578	promoter-specific chromatin binding	2	163	0.0035	0.0046	0.75	0.12
56	578	response to estrogen	6	109	0.0104	0.0031	3.34	2.03
56	578	zymosterol biosynthetic process	2	201	0.0035	0.0057	0.6	0.07
56	578	nuclear estrogen receptor binding	1	81	0.0017	0.0023	0.75	0.13
56	578	Delta14-sterol reductase activity	44	303	0.0761	0.0086	8.82	27.55
56	578	3-oxo-5-alpha-steroid 4-dehydrogenase (NADP+) activity	1	23	0.0017	0.0007	2.64	0.5
56	578	cell projection	2	69	0.0035	0.002	1.76	0.5
56	578	ergosterol biosynthetic process	12	396	0.0208	0.0113	1.84	1.49
56	578	male gonad development	2	40	0.0035	0.0011	3.04	0.85
56	578	brain development	2	209	0.0035	0.006	0.58	0.07
56	578	central nervous system development	45	1381	0.0779	0.0393	1.98	4.89
56	578	cellular response to lipopolysaccharide	3	101	0.0052	0.0029	1.8	0.63
56	578	response to xenobiotic stimulus	5	98	0.0087	0.0028	3.1	1.64
56	578	glucosylceramide catabolic process	47	3041	0.0813	0.0866	0.94	0.16
56	578	negative regulation of cell population proliferation	2	97	0.0035	0.0028	1.25	0.32
56	578	sterol biosynthetic process	5	80	0.0087	0.0023	3.8	1.98
56	578	negative regulation of reactive oxygen species metabolic process	2	45	0.0035	0.0013	2.7	0.77
56	578	apical plasma membrane	14	5067	0.0242	0.1443	0.17	-0.0
56	578	glycosyltransferase activity	47	704	0.0813	0.02	4.06	15.2
56	578	response to toxic substance	1	39	0.0017	0.0011	1.56	0.32
56	578	positive regulation of transcription by RNA polymerase II	3	282	0.0052	0.008	0.65	0.07
56	578	cellular response to estrogen stimulus	3	94	0.0052	0.0027	1.94	0.69
56	578	steroid 17-alpha-monooxygenase activity	223	846	0.3858	0.0241	16.01	211.39
56	578	DNA-binding transcription factor activity, RNA polymerase II-specific	1	18	0.0017	0.0005	3.38	0.59
56	578	bile acid:sodium symporter activity	14	1238	0.0242	0.0353	0.69	0.02
56	578	sequence-specific DNA binding	20	90	0.0346	0.0026	13.5	16.57
56	578	lyase activity	212	326	0.3668	0.0093	39.51	300.0
56	578	hormone metabolic process	5	125	0.0087	0.0036	2.43	1.25
56	578	beta-glucosidase activity	47	2348	0.0813	0.0669	1.22	1.02
56	578	RNA polymerase II cis-regulatory region sequence-specific DNA binding	3	466	0.0052	0.0133	0.39	0.01
56	578	brassinosteroid biosynthetic process	129	772	0.2232	0.022	10.15	90.43
56	578	galactosylceramidase activity	47	3865	0.0813	0.1101	0.74	0.0
56	578	nuclear steroid receptor activity	3	177	0.0052	0.005	1.03	0.25
56	578	random inactivation of X chromosome	1	70	0.0017	0.002	0.87	0.16
56	578	positive regulation of DNA-templated transcription	7	326	0.0121	0.0093	1.3	0.54
56	578	lipid transport	1	4600	0.0017	0.131	0.01	-0.0
56	578	axon	57	485	0.0986	0.0138	7.14	30.64
56	578	cell differentiation	2	459	0.0035	0.0131	0.26	0.0
56	578	NADPH binding	2	114	0.0035	0.0032	1.07	0.25
56	578	regulation of cholesterol biosynthetic process	2	17	0.0035	0.0005	7.15	1.51
56	578	autophagy	1	1314	0.0017	0.0374	0.05	0.0
56	578	glucocorticoid biosynthetic process	12	215	0.0208	0.0061	3.39	3.59
56	578	cortisol biosynthetic process	58	105	0.1003	0.003	33.56	74.76
56	578	hydroperoxy icosatetraenoate dehydratase activity	1	512	0.0017	0.0146	0.12	0.0
56	578	neuronal cell body	60	162	0.1038	0.0046	22.5	63.83
56	578	NADP binding	10	88	0.0173	0.0025	6.9	5.71
56	578	regulation of transcription by RNA polymerase II	11	97	0.019	0.0028	6.89	6.22
56	578	receptor complex	2	191	0.0035	0.0054	0.64	0.08
56	578	estrogen response element binding	14	153	0.0242	0.0044	5.56	6.57
56	578	response to estradiol	6	57	0.0104	0.0016	6.4	3.46
56	578	cholesterol metabolic process	48	6083	0.083	0.1732	0.48	0.0
56	578	chromatin	11	207	0.019	0.0059	3.23	3.16
56	578	DNA-binding transcription activator activity, RNA polymerase II-specific	2	483	0.0035	0.0138	0.25	0.0
56	578	hormone biosynthetic process	158	713	0.2734	0.0203	13.46	132.54
56	578	hippocampus development	1	15	0.0017	0.0004	4.05	0.66
56	578	hormone binding	18	30	0.0311	0.0009	36.45	24.36
56	578	response to nutrient levels	2	20	0.0035	0.0006	6.08	1.37
56	578	response to bacterium	1	73	0.0017	0.0021	0.83	0.15
56	578	oxidoreductase activity, acting on paired donors, with incorporation or reduction of molecular oxygen, reduced flavin or flavoprotein as one donor, and incorporation of one atom of oxygen	3	92	0.0052	0.0026	1.98	0.71
56	578	androgen binding	1	88	0.0017	0.0025	0.69	0.11
56	578	oxygen binding	1	95	0.0017	0.0027	0.64	0.1
56	578	organelle membrane	1	154	0.0017	0.0044	0.39	0.03
56	578	response to testosterone	3	24	0.0052	0.0007	7.59	2.16
56	578	Delta24(24-1) sterol reductase activity	5	85	0.0087	0.0024	3.57	1.88
56	578	negative regulation of smooth muscle cell proliferation	2	25	0.0035	0.0007	4.86	1.2
56	578	glucosylceramidase activity	47	3857	0.0813	0.1098	0.74	0.0
56	578	carbohydrate metabolic process	47	798	0.0813	0.0227	3.58	13.18
56	578	estrogen receptor signaling pathway	24	186	0.0415	0.0053	7.84	14.09
56	578	heme binding	225	5655	0.3893	0.161	2.42	39.7
56	578	nuclear inner membrane	7	247	0.0121	0.007	1.72	0.94
56	578	protein homodimerization activity	1	390	0.0017	0.0111	0.16	0.0
56	578	chromatin-protein adaptor activity	2	81	0.0035	0.0023	1.5	0.41
56	578	oxidoreductase activity, acting on the CH-CH group of donors, NAD or NADP as acceptor	3	16	0.0052	0.0005	11.39	2.67
56	578	positive regulation of ferroptosis	62	63	0.1073	0.0018	59.79	110.24
56	578	positive regulation of apoptotic process	2	15	0.0035	0.0004	8.1	1.61
56	578	endomembrane system	1	50	0.0017	0.0014	1.22	0.25
56	578	regulation of cell population proliferation	4	413	0.0069	0.0118	0.59	0.04
56	578	cholesterol biosynthetic process via desmosterol	4	288	0.0069	0.0082	0.84	0.15
56	578	chromo shadow domain binding	2	89	0.0035	0.0025	1.37	0.36
57	118	steroid biosynthetic process	39	557	0.3305	0.0159	20.84	39.86
57	118	androgen biosynthetic process	2	155	0.0169	0.0044	3.84	1.02
57	118	fatty acid elongase complex	2	76	0.0169	0.0022	7.83	1.57
57	118	leukotriene transport	7	271	0.0593	0.0077	7.69	4.42
57	118	detection of brassinosteroid stimulus	17	34	0.1441	0.001	148.8	33.23
57	118	protein serine/threonine kinase activity	17	50	0.1441	0.0014	101.18	29.62
57	118	steroid binding	17	1674	0.1441	0.0477	3.02	4.34
57	118	fibronectin binding	2	67	0.0169	0.0019	8.88	1.67
57	118	ATP metabolic process	7	70	0.0593	0.002	29.76	8.39
57	118	response to light stimulus	6	141	0.0508	0.004	12.66	5.07
57	118	skotomorphogenesis	12	43	0.1017	0.0012	83.05	19.79
57	118	seedling development	14	31	0.1186	0.0009	134.4	26.58
57	118	ABC-type glutathione S-conjugate transporter activity	7	2783	0.0593	0.0792	0.75	0.08
57	118	prostaglandin E2 9-reductase activity	43	303	0.3644	0.0086	42.23	57.85
57	118	testosterone dehydrogenase (NADP+) activity	2	128	0.0169	0.0036	4.65	1.16
57	118	brassinosteroid mediated signaling pathway	17	36	0.1441	0.001	140.53	32.66
57	118	ABC-type xenobiotic transporter activity	1	3551	0.0085	0.1011	0.08	0.0
57	118	very-long-chain 3-oxoacyl-CoA reductase activity	41	237	0.3475	0.0067	51.48	58.79
57	118	extracellular matrix	2	179	0.0169	0.0051	3.33	0.91
57	118	protein-containing complex	14	462	0.1186	0.0132	9.02	9.24
57	118	15-hydroxyprostaglandin dehydrogenase (NADP+) activity	43	302	0.3644	0.0086	42.37	57.91
57	118	15-hydroxyprostaglandin-D dehydrogenase (NADP+) activity	43	313	0.3644	0.0089	40.88	57.2
57	118	estrogen biosynthetic process	2	1149	0.0169	0.0327	0.52	0.04
57	118	collagen binding	2	76	0.0169	0.0022	7.83	1.57
57	118	leaf development	1	478	0.0085	0.0136	0.62	0.1
57	118	NADPH binding	13	114	0.1102	0.0032	33.94	15.94
57	118	fatty acid elongation, saturated fatty acid	2	76	0.0169	0.0022	7.83	1.57
57	118	NADPH dehydrogenase (quinone) activity	13	15	0.1102	0.0004	257.92	30.44
57	118	basolateral plasma membrane	7	3332	0.0593	0.0949	0.63	0.03
57	118	carbonyl reductase (NADPH) activity	43	327	0.3644	0.0093	39.13	56.34
57	118	brassinosteroid homeostasis	1	626	0.0085	0.0178	0.48	0.06
57	118	SNARE binding	14	34	0.1186	0.001	122.54	25.86
57	118	gene expression	7	124	0.0593	0.0035	16.8	6.66
57	118	cognition	13	21	0.1102	0.0006	184.23	27.16
57	118	endosome membrane	1	33	0.0085	0.0009	9.02	0.98
57	118	protein heterodimerization activity	14	308	0.1186	0.0088	13.53	11.56
57	118	endosome	14	134	0.1186	0.0038	31.09	16.59
57	118	estradiol 17-beta-dehydrogenase [NAD(P)+] activity	41	2847	0.3475	0.0811	4.29	15.58
57	118	heparin binding	2	146	0.0169	0.0042	4.08	1.06
57	118	protein kinase activity	1	16	0.0085	0.0005	18.6	1.28
57	118	protein homodimerization activity	14	390	0.1186	0.0111	10.68	10.2
57	118	microtubule bundle formation	12	42	0.1017	0.0012	85.03	19.93
58	372	positive regulation of cell population proliferation	2	218	0.0054	0.0062	0.87	0.17
58	372	lymphoid progenitor cell differentiation	1	57	0.0027	0.0016	1.66	0.34
58	372	segment polarity determination	57	177	0.1532	0.005	30.4	67.87
58	372	chondroblast differentiation	2	66	0.0054	0.0019	2.86	0.81
58	372	neuron differentiation	243	425	0.6532	0.0121	53.97	300.0
58	372	regulation of multicellular organismal process	2	56	0.0054	0.0016	3.37	0.93
58	372	regulation of cell differentiation	2	55	0.0054	0.0016	3.43	0.94
58	372	regulation of developmental process	239	327	0.6425	0.0093	69.0	300.0
58	372	positive regulation of developmental process	2	54	0.0054	0.0015	3.5	0.95
58	372	anatomical structure morphogenesis	57	172	0.1532	0.0049	31.28	68.71
58	372	positive regulation of cell development	1	19	0.0027	0.0005	4.97	0.74
58	372	lipid droplet	3	1587	0.0081	0.0452	0.18	0.0
58	372	triglyceride catabolic process	3	1003	0.0081	0.0286	0.28	0.0
58	372	heart development	1	16	0.0027	0.0005	5.9	0.8
58	372	developmental process involved in reproduction	1	60	0.0027	0.0017	1.57	0.33
58	372	cell-cell signaling	346	1430	0.9301	0.0407	22.84	300.0
58	372	triacylglycerol lipase activity	2	2063	0.0054	0.0587	0.09	0.0
58	372	regulation of protein localization to nucleus	1	57	0.0027	0.0016	1.66	0.34
58	372	heart looping	1	135	0.0027	0.0038	0.7	0.12
58	372	smoothened signaling pathway	345	1536	0.9274	0.0437	21.2	300.0
58	372	positive regulation of smoothened signaling pathway	5	196	0.0134	0.0056	2.41	1.23
58	372	gliogenesis	148	585	0.3978	0.0167	23.88	165.92
58	372	animal organ morphogenesis	1	18	0.0027	0.0005	5.24	0.76
58	372	nervous system development	1	218	0.0027	0.0062	0.43	0.04
58	372	patched binding	344	1613	0.9247	0.0459	20.13	300.0
58	372	tube development	241	381	0.6478	0.0108	59.71	300.0
58	372	positive regulation of sclerotome development	1	57	0.0027	0.0016	1.66	0.34
58	372	system development	95	410	0.2554	0.0117	21.87	99.31
58	372	positive regulation of cell division	1	57	0.0027	0.0016	1.66	0.34
58	372	embryonic morphogenesis	1	23	0.0027	0.0007	4.1	0.66
58	372	branching morphogenesis of an epithelial tube	1	46	0.0027	0.0013	2.05	0.41
58	372	positive regulation of gene expression	2	432	0.0054	0.0123	0.44	0.02
58	372	oligodendrocyte differentiation	71	253	0.1909	0.0072	26.49	80.01
58	372	brain development	1	209	0.0027	0.006	0.45	0.05
58	372	neuron fate commitment	2	51	0.0054	0.0015	3.7	0.99
58	372	monoacylglycerol lipase activity	3	1012	0.0081	0.0288	0.28	0.0
58	372	intein-mediated protein splicing	336	1354	0.9032	0.0386	23.43	300.0
58	372	metanephric collecting duct development	1	135	0.0027	0.0038	0.7	0.12
58	372	central nervous system development	174	1381	0.4677	0.0393	11.89	142.03
58	372	sterol ester esterase activity	2	2104	0.0054	0.0599	0.09	0.0
58	372	negative regulation of cell population proliferation	1	97	0.0027	0.0028	0.97	0.19
58	372	cell fate specification	345	1408	0.9274	0.0401	23.13	300.0
58	372	anatomical structure formation involved in morphogenesis	1	44	0.0027	0.0013	2.15	0.43
58	372	pattern specification process	242	453	0.6505	0.0129	50.43	300.0
58	372	chordate embryonic development	1	46	0.0027	0.0013	2.05	0.41
58	372	protein autoprocessing	346	1424	0.9301	0.0406	22.94	300.0
58	372	blood circulation	1	51	0.0027	0.0015	1.85	0.38
58	372	calcium ion binding	344	1460	0.9247	0.0416	22.24	300.0
58	372	self proteolysis	4	78	0.0108	0.0022	4.84	2.02
58	372	caveola	3	1185	0.0081	0.0337	0.24	0.0
58	372	cholesterol-protein transferase activity	4	77	0.0108	0.0022	4.9	2.04
58	372	peptidase activity	346	1425	0.9301	0.0406	22.92	300.0
58	372	positive regulation of DNA-templated transcription	1	326	0.0027	0.0093	0.29	0.01
58	372	digestive tract development	1	50	0.0027	0.0014	1.89	0.38
58	372	regulation of gene expression	341	1316	0.9167	0.0375	24.46	300.0
58	372	cell development	40	183	0.1075	0.0052	20.63	39.93
58	372	cholesterol metabolic process	3	6083	0.0081	0.1732	0.05	-0.0
58	372	morphogen activity	57	178	0.1532	0.0051	30.23	67.71
58	372	smooth muscle tissue development	1	214	0.0027	0.0061	0.44	0.05
58	372	striated muscle cell development	203	637	0.5457	0.0181	30.08	259.99
58	372	CD4-positive or CD8-positive, alpha-beta T cell lineage commitment	1	57	0.0027	0.0016	1.66	0.34
58	372	tissue development	239	476	0.6425	0.0136	47.4	300.0
58	372	animal organ development	239	351	0.6425	0.01	64.28	300.0
58	372	regulation of cell population proliferation	241	413	0.6478	0.0118	55.09	300.0
59	284	phosphatidylcholine binding	2	737	0.007	0.021	0.34	0.01
59	284	positive regulation of phospholipid transport	3	54	0.0106	0.0015	6.87	2.02
59	284	glucocorticoid metabolic process	2	45	0.007	0.0013	5.5	1.29
59	284	nuclear outer membrane	2	65	0.007	0.0019	3.8	1.01
59	284	3-hydroxy-2-methylbutyryl-CoA dehydrogenase activity	3	436	0.0106	0.0124	0.85	0.16
59	284	vitamin D metabolic process	1	67	0.0035	0.0019	1.85	0.38
59	284	steroid biosynthetic process	3	557	0.0106	0.0159	0.67	0.08
59	284	steroid metabolic process	5	321	0.0176	0.0091	1.93	0.92
59	284	3-beta-hydroxysteroid 3-dehydrogenase (NADP+) activity	15	895	0.0528	0.0255	2.07	2.18
59	284	phosphatidylcholine transfer activity	7	80	0.0246	0.0023	10.82	5.39
59	284	nuclear receptor activity	2	205	0.007	0.0058	1.21	0.31
59	284	intracellular cholesterol transport	14	57	0.0493	0.0016	30.37	16.68
59	284	guanyl-nucleotide exchange factor activity	1	30	0.0035	0.0009	4.12	0.66
59	284	phospholipid homeostasis	11	762	0.0387	0.0217	1.78	1.33
59	284	cellular response to cholesterol	10	173	0.0352	0.0049	7.15	5.79
59	284	positive regulation of D-glucose import across plasma membrane	23	25	0.081	0.0007	113.76	46.04
59	284	positive regulation of cell migration	1	223	0.0035	0.0064	0.55	0.08
59	284	phosphatase activity	3	84	0.0106	0.0024	4.42	1.51
59	284	regulation of protein catabolic process	4	1256	0.0141	0.0358	0.39	0.0
59	284	androgen biosynthetic process	1	155	0.0035	0.0044	0.8	0.14
59	284	acetyl-CoA C-myristoyltransferase activity	4	1462	0.0141	0.0416	0.34	0.0
59	284	long-chain fatty acid omega-hydroxylase activity	2	302	0.007	0.0086	0.82	0.15
59	284	positive regulation of reverse cholesterol transport	33	33	0.1162	0.0009	123.65	69.88
59	284	cholesterol efflux	38	528	0.1338	0.015	8.9	23.94
59	284	phosphatidylserine-phosphatidylinositol-4-phosphate exchange activity	27	27	0.0951	0.0008	123.65	57.04
59	284	cellular response to dexamethasone stimulus	2	95	0.007	0.0027	2.6	0.75
59	284	phosphatidylinositol-4-phosphate binding	36	36	0.1268	0.001	123.65	76.32
59	284	transporter complex	27	27	0.0951	0.0008	123.65	57.04
59	284	positive regulation of insulin secretion involved in cellular response to glucose stimulus	3	96	0.0106	0.0027	3.86	1.36
59	284	lanosterol synthase activity	4	15	0.0141	0.0004	32.97	5.27
59	284	positive regulation of insulin receptor signaling pathway	23	114	0.081	0.0032	24.95	24.94
59	284	protein homotetramerization	1	67	0.0035	0.0019	1.85	0.38
59	284	neuron differentiation	1	425	0.0035	0.0121	0.29	0.01
59	284	magnesium ion binding	1	681	0.0035	0.0194	0.18	0.0
59	284	cellular response to peptide hormone stimulus	2	269	0.007	0.0077	0.92	0.19
59	284	androgen receptor signaling pathway	1	86	0.0035	0.0024	1.44	0.3
59	284	lysosome organization	6	1281	0.0211	0.0365	0.58	0.02
59	284	response to steroid hormone	1	23	0.0035	0.0007	5.38	0.77
59	284	DNA-templated transcription	17	681	0.0599	0.0194	3.09	4.33
59	284	protein serine/threonine kinase activity	2	50	0.007	0.0014	4.95	1.21
59	284	signal transduction	1	91	0.0035	0.0026	1.36	0.28
59	284	(3S)-3-hydroxyacyl-CoA dehydrogenase (NAD+) activity	4	975	0.0141	0.0278	0.51	0.02
59	284	protein transport	19	20	0.0669	0.0006	117.47	38.72
59	284	intermembrane phospholipid transfer	28	28	0.0986	0.0008	123.65	59.17
59	284	negative regulation of tumor necrosis factor-mediated signaling pathway	1	167	0.0035	0.0048	0.74	0.13
59	284	anatomical structure morphogenesis	1	172	0.0035	0.0049	0.72	0.12
59	284	stem cell differentiation	1	74	0.0035	0.0021	1.67	0.34
59	284	endocytic vesicle	2	82	0.007	0.0023	3.02	0.85
59	284	focal adhesion	5	78	0.0176	0.0022	7.93	3.36
59	284	cellular response to insulin stimulus	2	84	0.007	0.0024	2.94	0.83
59	284	response to ethanol	2	23	0.007	0.0007	10.75	1.83
59	284	monooxygenase activity	3	196	0.0106	0.0056	1.89	0.67
59	284	ATPase-coupled transmembrane transporter activity	24	67	0.0845	0.0019	44.29	32.79
59	284	apoptotic process	1	313	0.0035	0.0089	0.4	0.04
59	284	steroid binding	6	1674	0.0211	0.0477	0.44	0.0
59	284	intracellular glucose homeostasis	1	92	0.0035	0.0026	1.34	0.28
59	284	negative regulation of canonical Wnt signaling pathway	1	67	0.0035	0.0019	1.85	0.38
59	284	cholesterol biosynthetic process	41	2414	0.1444	0.0687	2.1	5.26
59	284	sterol sensor activity	2	31	0.007	0.0009	7.98	1.59
59	284	negative regulation of neuron apoptotic process	2	53	0.007	0.0015	4.67	1.16
59	284	lipid droplet	19	1587	0.0669	0.0452	1.48	1.23
59	284	sterol 3-beta-glucosyltransferase activity	19	21	0.0669	0.0006	111.88	37.7
59	284	sterol metabolic process	19	603	0.0669	0.0172	3.9	6.23
59	284	nuclear membrane	28	43	0.0986	0.0012	80.52	48.04
59	284	recycling endosome	1	268	0.0035	0.0076	0.46	0.05
59	284	triglyceride catabolic process	1	1003	0.0035	0.0286	0.12	0.0
59	284	Delta24-sterol reductase activity	3	86	0.0106	0.0024	4.31	1.48
59	284	vacuolar membrane	1	40	0.0035	0.0011	3.09	0.56
59	284	cell communication	1	47	0.0035	0.0013	2.63	0.5
59	284	cell-cell signaling	10	1430	0.0352	0.0407	0.86	0.14
59	284	DNA damage response	7	19	0.0246	0.0005	45.56	10.01
59	284	Golgi organization	12	18	0.0423	0.0005	82.43	20.96
59	284	cytoplasmic vesicle	3	26	0.0106	0.0007	14.27	2.93
59	284	high-density lipoprotein particle assembly	2	134	0.007	0.0038	1.85	0.53
59	284	phosphatidylserine binding	31	77	0.1092	0.0022	49.78	44.22
59	284	fatty acid binding	1	18	0.0035	0.0005	6.87	0.87
59	284	triacylglycerol lipase activity	2	2063	0.007	0.0587	0.12	0.0
59	284	external side of plasma membrane	2	25	0.007	0.0007	9.89	1.76
59	284	lung development	7	21	0.0246	0.0006	41.22	9.65
59	284	cellular response to transforming growth factor beta stimulus	2	92	0.007	0.0026	2.69	0.77
59	284	regulation of TOR signaling	4	1275	0.0141	0.0363	0.39	0.0
59	284	early endosome membrane	2	384	0.007	0.0109	0.64	0.09
59	284	positive regulation of phospholipid efflux	7	82	0.0246	0.0023	10.56	5.32
59	284	gliogenesis	6	585	0.0211	0.0167	1.27	0.47
59	284	animal organ morphogenesis	1	18	0.0035	0.0005	6.87	0.87
59	284	nuclear estrogen receptor activity	4	363	0.0141	0.0103	1.36	0.47
59	284	cortisol metabolic process	2	192	0.007	0.0055	1.29	0.34
59	284	intestinal cholesterol absorption	2	188	0.007	0.0054	1.32	0.35
59	284	multivesicular body membrane	3	44	0.0106	0.0013	8.43	2.27
59	284	negative regulation of cholesterol biosynthetic process	1	78	0.0035	0.0022	1.59	0.33
59	284	ATPase binding	2	285	0.007	0.0081	0.87	0.17
59	284	oxidoreductase activity, acting on paired donors, with incorporation or reduction of molecular oxygen	3	156	0.0106	0.0044	2.38	0.88
59	284	patched binding	1	1613	0.0035	0.0459	0.08	0.0
59	284	sterol transfer activity	28	28	0.0986	0.0008	123.65	59.17
59	284	aromatase activity	2	272	0.007	0.0077	0.91	0.19
59	284	system development	6	410	0.0211	0.0117	1.81	0.93
59	284	xenobiotic transmembrane transport	9	187	0.0317	0.0053	5.95	4.63
59	284	response to estrogen	2	109	0.007	0.0031	2.27	0.66
59	284	prostaglandin transmembrane transporter activity	2	438	0.007	0.0125	0.56	0.06
59	284	5-alpha-androstane-3-beta,17-beta-diol dehydrogenase (NADP+) activity	11	1008	0.0387	0.0287	1.35	0.71
59	284	acetylesterase activity	1	1090	0.0035	0.031	0.11	0.0
59	284	acetyl-CoA C-acyltransferase activity	4	1462	0.0141	0.0416	0.34	0.0
59	284	protein secretion	2	72	0.007	0.0021	3.43	0.94
59	284	Delta14-sterol reductase activity	17	303	0.0599	0.0086	6.94	9.24
59	284	xenobiotic export from cell	7	160	0.0246	0.0046	5.41	3.47
59	284	3-oxo-5-alpha-steroid 4-dehydrogenase (NADP+) activity	2	23	0.007	0.0007	10.75	1.83
59	284	fat cell differentiation	23	23	0.081	0.0007	123.65	48.51
59	284	cell junction	2	87	0.007	0.0025	2.84	0.81
59	284	ergosterol biosynthetic process	1	396	0.0035	0.0113	0.31	0.02
59	284	3-beta-hydroxysteroid dehydrogenase [NAD(P)+]/C4-decarboxylase activity	9	524	0.0317	0.0149	2.12	1.56
59	284	embryonic morphogenesis	1	23	0.0035	0.0007	5.38	0.77
59	284	transmembrane transport	1	127	0.0035	0.0036	0.97	0.19
59	284	ABC-type xenobiotic transporter activity	10	3551	0.0352	0.1011	0.35	0.0
59	284	positive regulation of gene expression	3	432	0.0106	0.0123	0.86	0.17
59	284	intracellular sterol transport	13	18	0.0458	0.0005	89.3	23.4
59	284	androgen metabolic process	2	1056	0.007	0.0301	0.23	0.0
59	284	cholesterol homeostasis	41	1948	0.1444	0.0555	2.6	7.67
59	284	cilium	3	219	0.0106	0.0062	1.69	0.58
59	284	perinuclear endoplasmic reticulum	27	94	0.0951	0.0027	35.52	33.81
59	284	male gonad development	2	40	0.007	0.0011	6.18	1.38
59	284	lipid transporter activity	51	87	0.1796	0.0025	72.49	84.3
59	284	cholesterol transport	15	68	0.0528	0.0019	27.28	17.06
59	284	intein-mediated protein splicing	9	1354	0.0317	0.0386	0.82	0.11
59	284	regulation of macroautophagy	4	1271	0.0141	0.0362	0.39	0.0
59	284	protein-containing complex binding	3	246	0.0106	0.007	1.51	0.49
59	284	central nervous system development	6	1381	0.0211	0.0393	0.54	0.01
59	284	SREBP-SCAP-Insig complex	1	79	0.0035	0.0022	1.57	0.32
59	284	cellular response to lipopolysaccharide	4	101	0.0141	0.0029	4.9	2.03
59	284	phosphatidylcholine metabolic process	7	589	0.0246	0.0168	1.47	0.69
59	284	sterol ester esterase activity	5	2104	0.0176	0.0599	0.29	0.0
59	284	oxysterol binding	5	423	0.0176	0.012	1.46	0.59
59	284	response to xenobiotic stimulus	5	98	0.0176	0.0028	6.31	2.91
59	284	cytoskeleton	6	184	0.0211	0.0052	4.03	2.4
59	284	glucosylceramide catabolic process	6	3041	0.0211	0.0866	0.24	0.0
59	284	lipid catabolic process	4	1122	0.0141	0.032	0.44	0.01
59	284	nucleolus	5	165	0.0176	0.0047	3.75	1.95
59	284	cholesterol transfer activity	20	937	0.0704	0.0267	2.64	4.05
59	284	sterol biosynthetic process	15	80	0.0528	0.0023	23.18	15.93
59	284	apical plasma membrane	6	5067	0.0211	0.1443	0.15	0.0
59	284	phospholipid transport	20	35	0.0704	0.001	70.66	32.67
59	284	G protein-coupled receptor signaling pathway	2	98	0.007	0.0028	2.52	0.73
59	284	cholesterol binding	62	1642	0.2183	0.0468	4.67	23.85
59	284	response to toxic substance	1	39	0.0035	0.0011	3.17	0.57
59	284	phospholipid translocation	2	85	0.007	0.0024	2.91	0.82
59	284	cellular response to hypoxia	1	74	0.0035	0.0021	1.67	0.34
59	284	methyltransferase activity	4	767	0.0141	0.0218	0.64	0.06
59	284	response to glucocorticoid	3	40	0.0106	0.0011	9.27	2.38
59	284	positive regulation of transcription by RNA polymerase II	12	282	0.0423	0.008	5.26	5.43
59	284	anatomical structure formation involved in morphogenesis	1	44	0.0035	0.0013	2.81	0.52
59	284	cellular response to estrogen stimulus	1	94	0.0035	0.0027	1.32	0.27
59	284	negative regulation of macrophage derived foam cell differentiation	34	39	0.1197	0.0011	107.8	66.28
59	284	chordate embryonic development	1	46	0.0035	0.0013	2.69	0.51
59	284	trans-Golgi network	10	149	0.0352	0.0042	8.3	6.38
59	284	melanosome	1	71	0.0035	0.002	1.74	0.36
59	284	DNA-binding transcription factor activity, RNA polymerase II-specific	1	18	0.0035	0.0005	6.87	0.87
59	284	protein autoprocessing	10	1424	0.0352	0.0406	0.87	0.14
59	284	nuclear envelope	4	191	0.0141	0.0054	2.59	1.15
59	284	sequence-specific DNA binding	4	90	0.0141	0.0026	5.5	2.21
59	284	centriole	1	76	0.0035	0.0022	1.63	0.34
59	284	protein-containing complex	4	462	0.0141	0.0132	1.07	0.29
59	284	small GTPase binding	2	70	0.007	0.002	3.53	0.96
59	284	protein domain specific binding	7	91	0.0246	0.0026	9.51	5.02
59	284	response to insulin	2	16	0.007	0.0005	15.46	2.14
59	284	phagophore assembly site membrane	15	15	0.0528	0.0004	123.65	31.55
59	284	calcium ion binding	3	1460	0.0106	0.0416	0.25	0.0
59	284	FAD binding	3	94	0.0106	0.0027	3.95	1.39
59	284	sterol transport	15	52	0.0528	0.0015	35.67	19.01
59	284	regulation of membrane potential	4	1212	0.0141	0.0345	0.41	0.0
59	284	steryl-beta-glucosidase activity	1	640	0.0035	0.0182	0.19	0.0
59	284	beta-glucosidase activity	4	2348	0.0141	0.0669	0.21	0.0
59	284	phospholipid efflux	2	158	0.007	0.0045	1.57	0.44
59	284	early endosome	1	257	0.0035	0.0073	0.48	0.06
59	284	cellular response to glucose stimulus	2	88	0.007	0.0025	2.81	0.8
59	284	glucose metabolic process	1	24	0.0035	0.0007	5.15	0.75
59	284	regulation of Cdc42 protein signal transduction	2	78	0.007	0.0022	3.17	0.88
59	284	estrogen biosynthetic process	13	1149	0.0458	0.0327	1.4	0.85
59	284	fatty acid biosynthetic process	1	807	0.0035	0.023	0.15	0.0
59	284	fatty acid metabolic process	3	1010	0.0106	0.0288	0.37	0.0
59	284	adenylate cyclase-activating G protein-coupled receptor signaling pathway	2	84	0.007	0.0024	2.94	0.83
59	284	triterpenoid biosynthetic process	4	15	0.0141	0.0004	32.97	5.27
59	284	galactosylceramidase activity	6	3865	0.0211	0.1101	0.19	0.0
59	284	cortical endoplasmic reticulum	33	100	0.1162	0.0028	40.8	43.61
59	284	response to peptide hormone	1	16	0.0035	0.0005	7.73	0.91
59	284	collagen binding	6	76	0.0211	0.0022	9.76	4.44
59	284	apolipoprotein A-I binding	2	20	0.007	0.0006	12.37	1.95
59	284	peptidase activity	10	1425	0.0352	0.0406	0.87	0.14
59	284	lipid transport	35	4600	0.1232	0.131	0.94	0.17
59	284	axon	1	485	0.0035	0.0138	0.25	0.01
59	284	cell differentiation	1	459	0.0035	0.0131	0.27	0.01
59	284	regulation of cholesterol efflux	39	90	0.1373	0.0026	53.58	57.25
59	284	positive regulation of cholesterol transport	2	53	0.007	0.0015	4.67	1.16
59	284	positive regulation of cholesterol biosynthetic process	3	22	0.0106	0.0006	16.86	3.14
59	284	lysosomal transport	12	15	0.0423	0.0004	98.92	22.56
59	284	acyltransferase activity	6	16	0.0211	0.0005	46.37	8.7
59	284	acrosomal vesicle	2	49	0.007	0.0014	5.05	1.22
59	284	negative regulation of macromolecule metabolic process	4	1208	0.0141	0.0344	0.41	0.0
59	284	regulation of cholesterol biosynthetic process	9	17	0.0317	0.0005	65.46	14.52
59	284	C21-steroid hormone biosynthetic process	5	194	0.0176	0.0055	3.19	1.67
59	284	autophagy	23	1314	0.081	0.0374	2.16	3.32
59	284	late endosome membrane	44	205	0.1549	0.0058	26.54	48.91
59	284	protein catabolic process	6	1210	0.0211	0.0345	0.61	0.03
59	284	lipid binding	12	1476	0.0423	0.042	1.01	0.27
59	284	regulation of lipid biosynthetic process	7	28	0.0246	0.0008	30.91	8.67
59	284	glucocorticoid biosynthetic process	5	215	0.0176	0.0061	2.88	1.51
59	284	basolateral plasma membrane	7	3332	0.0246	0.0949	0.26	0.0
59	284	regulation of gene expression	1	1316	0.0035	0.0375	0.09	0.0
59	284	cholate 7-alpha-dehydrogenase (NAD+) activity	3	438	0.0106	0.0125	0.85	0.16
59	284	epithelial cell development	1	16	0.0035	0.0005	7.73	0.91
59	284	cell development	1	183	0.0035	0.0052	0.68	0.11
59	284	neuronal cell body	2	162	0.007	0.0046	1.53	0.42
59	284	peroxisome	7	1627	0.0246	0.0463	0.53	0.01
59	284	regulation of transcription by RNA polymerase II	6	97	0.0211	0.0028	7.65	3.85
59	284	glucosyltransferase activity	4	1332	0.0141	0.0379	0.37	0.0
59	284	lysosomal membrane	51	2454	0.1796	0.0699	2.57	9.33
59	284	lipoprotein metabolic process	1	215	0.0035	0.0061	0.58	0.08
59	284	DNA-binding transcription factor activity	1	45	0.0035	0.0013	2.75	0.51
59	284	receptor complex	1	191	0.0035	0.0054	0.65	0.1
59	284	monoatomic ion transport	2	380	0.007	0.0108	0.65	0.09
59	284	high-density lipoprotein particle remodeling	33	768	0.1162	0.0219	5.31	14.14
59	284	estrogen response element binding	1	153	0.0035	0.0044	0.81	0.15
59	284	testosterone dehydrogenase (NAD+) activity	4	1038	0.0141	0.0296	0.48	0.01
59	284	lysosome to ER cholesterol transport	4	92	0.0141	0.0026	5.38	2.17
59	284	cholesterol metabolic process	61	6083	0.2148	0.1732	1.24	1.39
59	284	cell adhesion	2	19	0.007	0.0005	13.02	1.99
59	284	chromatin	1	207	0.0035	0.0059	0.6	0.09
59	284	hormone binding	3	30	0.0106	0.0009	12.37	2.74
59	284	signaling receptor binding	6	1444	0.0211	0.0411	0.51	0.01
59	284	positive regulation of neurogenesis	2	75	0.007	0.0021	3.3	0.91
59	284	sterol binding	38	52	0.1338	0.0015	90.36	68.41
59	284	response to nutrient levels	1	20	0.0035	0.0006	6.18	0.82
59	284	triglyceride homeostasis	23	755	0.081	0.0215	3.77	7.17
59	284	phosphatidylcholine floppase activity	2	24	0.007	0.0007	10.3	1.8
59	284	endoplasmic reticulum-plasma membrane contact site	40	40	0.1408	0.0011	123.65	84.93
59	284	endosome membrane	1	33	0.0035	0.0009	3.75	0.63
59	284	cytoplasmic vesicle membrane	4	260	0.0141	0.0074	1.9	0.79
59	284	endosome	10	134	0.0352	0.0038	9.23	6.81
59	284	methylation	13	978	0.0458	0.0278	1.64	1.25
59	284	high-density lipoprotein particle binding	2	133	0.007	0.0038	1.86	0.53
59	284	sodium ion transport	1	25	0.0035	0.0007	4.95	0.74
59	284	cholesterol monooxygenase (side-chain-cleaving) activity	1	176	0.0035	0.005	0.7	0.12
59	284	endocytosis	10	19	0.0352	0.0005	65.08	16.05
59	284	chromosome	4	85	0.0141	0.0024	5.82	2.29
59	284	Delta24(24-1) sterol reductase activity	1	85	0.0035	0.0024	1.45	0.3
59	284	reverse cholesterol transport	38	776	0.1338	0.0221	6.06	18.14
59	284	bile acid biosynthetic process	9	520	0.0317	0.0148	2.14	1.58
59	284	glucosylceramidase activity	6	3857	0.0211	0.1098	0.19	0.0
59	284	estradiol 17-beta-dehydrogenase [NAD(P)+] activity	20	2847	0.0704	0.0811	0.87	0.11
59	284	carbohydrate metabolic process	19	798	0.0669	0.0227	2.94	4.5
59	284	circadian rhythm	2	73	0.007	0.0021	3.39	0.93
59	284	estrogen receptor signaling pathway	1	186	0.0035	0.0053	0.66	0.11
59	284	striated muscle cell development	6	637	0.0211	0.0181	1.16	0.39
59	284	phospholipid transporter activity	7	596	0.0246	0.017	1.45	0.68
59	284	lipid metabolic process	10	1633	0.0352	0.0465	0.76	0.07
59	284	calcium-dependent phospholipid binding	1	45	0.0035	0.0013	2.75	0.51
59	284	heme binding	6	5655	0.0211	0.161	0.13	0.0
59	284	response to nutrient	2	26	0.007	0.0007	9.51	1.73
59	284	xenobiotic transport	6	48	0.0211	0.0014	15.46	5.61
59	284	positive regulation of cholesterol efflux	12	245	0.0423	0.007	6.06	6.06
59	284	regulation of high-density lipoprotein particle assembly	1	19	0.0035	0.0005	6.51	0.84
59	284	cellular response to low-density lipoprotein particle stimulus	1	70	0.0035	0.002	1.77	0.36
59	284	positive regulation of insulin secretion	1	74	0.0035	0.0021	1.67	0.34
59	284	tissue development	1	476	0.0035	0.0136	0.26	0.01
59	284	membrane raft	2	245	0.007	0.007	1.01	0.23
59	284	ABC-type transporter activity	46	245	0.162	0.007	23.22	48.28
59	284	nuclear inner membrane	6	247	0.0211	0.007	3.0	1.81
59	284	protein kinase activity	1	16	0.0035	0.0005	7.73	0.91
59	284	aflatoxin metabolic process	1	92	0.0035	0.0026	1.34	0.28
59	284	response to hypoxia	2	20	0.007	0.0006	12.37	1.95
59	284	protein homodimerization activity	6	390	0.0211	0.0111	1.9	1.01
59	284	cellular response to sterol	1	75	0.0035	0.0021	1.65	0.34
59	284	SREBP signaling pathway	9	94	0.0317	0.0027	11.84	7.12
59	284	androstan-3-alpha,17-beta-diol dehydrogenase (NAD+) activity	4	943	0.0141	0.0269	0.52	0.02
59	284	positive regulation of phosphatidylinositol 3-kinase/protein kinase B signal transduction	2	94	0.007	0.0027	2.63	0.75
59	284	export across plasma membrane	2	162	0.007	0.0046	1.53	0.42
59	284	late endosome	19	102	0.0669	0.0029	23.03	19.97
59	284	animal organ development	1	351	0.0035	0.01	0.35	0.03
59	284	endomembrane system	2	50	0.007	0.0014	4.95	1.21
59	284	estrogen metabolic process	3	1660	0.0106	0.0473	0.22	0.0
59	284	mitochondrial membrane	1	1052	0.0035	0.03	0.12	0.0
59	284	regulation of cell population proliferation	1	413	0.0035	0.0118	0.3	0.02
59	284	angiogenesis	1	83	0.0035	0.0024	1.49	0.31
59	284	synapse	1	95	0.0035	0.0027	1.3	0.27
60	195	diacylglycerol lipase activity	7	101	0.0359	0.0029	12.48	5.79
60	195	protein stabilization	1	136	0.0051	0.0039	1.32	0.27
60	195	glycosylceramide catabolic process	146	147	0.7487	0.0042	178.86	300.0
60	195	lipid droplet	14	1587	0.0718	0.0452	1.59	1.22
60	195	triglyceride catabolic process	14	1003	0.0718	0.0286	2.51	2.82
60	195	female pregnancy	1	16	0.0051	0.0005	11.26	1.07
60	195	triacylglycerol lipase activity	14	2063	0.0718	0.0587	1.22	0.59
60	195	glycoside catabolic process	1	73	0.0051	0.0021	2.47	0.48
60	195	monoacylglycerol lipase activity	14	1012	0.0718	0.0288	2.49	2.78
60	195	sterol ester esterase activity	14	2104	0.0718	0.0599	1.2	0.55
60	195	response to xenobiotic stimulus	1	98	0.0051	0.0028	1.84	0.38
60	195	glucosylceramide catabolic process	3	3041	0.0154	0.0866	0.18	0.0
60	195	lipid catabolic process	1	1122	0.0051	0.032	0.16	0.0
60	195	beta-galactosidase activity	148	149	0.759	0.0042	178.88	300.0
60	195	protein kinase binding	1	330	0.0051	0.0094	0.55	0.07
60	195	retinyl-palmitate esterase activity	7	123	0.0359	0.0035	10.25	5.22
60	195	carbohydrate catabolic process	160	813	0.8205	0.0232	35.44	230.36
60	195	beta-glucosidase activity	162	2348	0.8308	0.0669	12.43	156.16
60	195	galactosylceramidase activity	161	3865	0.8256	0.1101	7.5	119.19
60	195	caveola	14	1185	0.0718	0.0337	2.13	2.18
60	195	diacylglycerol catabolic process	1	63	0.0051	0.0018	2.86	0.53
60	195	cholesterol metabolic process	14	6083	0.0718	0.1732	0.41	0.0
60	195	protein heterodimerization activity	1	308	0.0051	0.0088	0.58	0.09
60	195	glucosylceramidase activity	154	3857	0.7897	0.1098	7.19	108.51
60	195	carbohydrate metabolic process	1	798	0.0051	0.0227	0.23	0.0
61	641	glucocorticoid metabolic process	2	45	0.0031	0.0013	2.43	0.7
61	641	2 iron, 2 sulfur cluster binding	1	18	0.0016	0.0005	3.04	0.55
61	641	presynapse	1	1207	0.0016	0.0344	0.05	0.0
61	641	acetyl-CoA C-myristoyltransferase activity	10	1462	0.0156	0.0416	0.37	0.0
61	641	cholinesterase activity	30	48	0.0468	0.0014	34.24	39.72
61	641	steroid binding	4	1674	0.0062	0.0477	0.13	0.0
61	641	triacylglycerol lipase activity	563	2063	0.8783	0.0587	14.95	300.0
61	641	acetylesterase activity	571	1090	0.8908	0.031	28.7	300.0
61	641	acetyl-CoA C-acyltransferase activity	10	1462	0.0156	0.0416	0.37	0.0
61	641	sterol ester esterase activity	571	2104	0.8908	0.0599	14.87	300.0
61	641	lipid catabolic process	566	1122	0.883	0.032	27.64	300.0
61	641	retinyl-palmitate esterase activity	5	123	0.0078	0.0035	2.23	1.12
61	641	pancreatic juice secretion	5	89	0.0078	0.0025	3.08	1.63
61	641	modulation of chemical synaptic transmission	1	75	0.0016	0.0021	0.73	0.13
61	641	ceramide catabolic process	5	21	0.0078	0.0006	13.04	4.5
61	641	lipid transport	10	4600	0.0156	0.131	0.12	-0.0
61	641	lipid binding	10	1476	0.0156	0.042	0.37	0.0
61	641	glucocorticoid biosynthetic process	1	215	0.0016	0.0061	0.25	0.01
61	641	peroxisome	10	1627	0.0156	0.0463	0.34	0.0
61	641	cholesterol metabolic process	1	6083	0.0016	0.1732	0.01	-0.0
61	641	carbohydrate metabolic process	1	798	0.0016	0.0227	0.07	0.0
61	641	lipid metabolic process	10	1633	0.0156	0.0465	0.34	0.0
61	641	synapse	1	95	0.0016	0.0027	0.58	0.08
62	185	steroid biosynthetic process	45	557	0.2432	0.0159	15.34	39.23
62	185	negative regulation of osteoblast differentiation	78	78	0.4216	0.0022	189.82	185.99
62	185	cellular response to cholesterol	78	173	0.4216	0.0049	85.58	135.61
62	185	positive regulation of cell population proliferation	1	218	0.0054	0.0062	0.87	0.16
62	185	sterol 14-demethylase activity	32	2241	0.173	0.0638	2.71	6.61
62	185	androgen biosynthetic process	1	155	0.0054	0.0044	1.22	0.25
62	185	female gonad development	30	47	0.1622	0.0013	121.16	57.02
62	185	cellular response to estradiol stimulus	1	368	0.0054	0.0105	0.52	0.07
62	185	pharyngeal system development	78	78	0.4216	0.0022	189.82	185.99
62	185	response to steroid hormone	3	23	0.0162	0.0007	24.76	3.63
62	185	signal transduction	78	91	0.4216	0.0026	162.7	170.72
62	185	hedgehog family protein binding	78	78	0.4216	0.0022	189.82	185.99
62	185	neural plate axis specification	78	78	0.4216	0.0022	189.82	185.99
62	185	progesterone metabolic process	29	906	0.1568	0.0258	6.08	14.12
62	185	positive regulation of epidermal cell differentiation	13	16	0.0703	0.0005	154.23	27.06
62	185	sterol metabolic process	1	603	0.0054	0.0172	0.31	0.02
62	185	commissural neuron axon guidance	1	129	0.0054	0.0037	1.47	0.31
62	185	regulation of protein localization	78	78	0.4216	0.0022	189.82	185.99
62	185	heart development	3	16	0.0162	0.0005	35.59	4.12
62	185	negative regulation of transcription by RNA polymerase II	78	416	0.4216	0.0118	35.59	100.55
62	185	animal organ morphogenesis	1	18	0.0054	0.0005	10.55	1.04
62	185	steroid hydroxylase activity	2	153	0.0108	0.0044	2.48	0.71
62	185	dendrite	1	1498	0.0054	0.0427	0.13	0.0
62	185	limb morphogenesis	78	78	0.4216	0.0022	189.82	185.99
62	185	patched binding	78	1613	0.4216	0.0459	9.18	53.72
62	185	aromatase activity	32	272	0.173	0.0077	22.33	32.92
62	185	response to estrogen	4	109	0.0216	0.0031	6.97	2.57
62	185	estrogen 2-hydroxylase activity	7	161	0.0378	0.0046	8.25	4.61
62	185	androgen metabolic process	12	1056	0.0649	0.0301	2.16	1.98
62	185	cilium	78	219	0.4216	0.0062	67.61	125.49
62	185	male gonad development	1	40	0.0054	0.0011	4.75	0.72
62	185	brain development	79	209	0.427	0.006	71.75	129.73
62	185	cyclin binding	78	78	0.4216	0.0022	189.82	185.99
62	185	metanephric collecting duct development	78	135	0.4216	0.0038	109.67	147.29
62	185	protein-containing complex binding	78	246	0.4216	0.007	60.19	120.74
62	185	response to xenobiotic stimulus	7	98	0.0378	0.0028	13.56	6.03
62	185	embryonic organ development	1	66	0.0054	0.0019	2.88	0.53
62	185	negative regulation of cell population proliferation	1	97	0.0054	0.0028	1.96	0.4
62	185	hedgehog receptor activity	78	78	0.4216	0.0022	189.82	185.99
62	185	cholesterol binding	78	1642	0.4216	0.0468	9.02	53.15
62	185	negative regulation of smoothened signaling pathway	77	78	0.4162	0.0022	187.39	181.58
62	185	methyltransferase activity	12	767	0.0649	0.0218	2.97	3.09
62	185	pattern specification process	1	453	0.0054	0.0129	0.42	0.04
62	185	steroid 17-alpha-monooxygenase activity	35	846	0.1892	0.0241	7.85	20.58
62	185	lyase activity	35	326	0.1892	0.0093	20.38	34.63
62	185	hormone metabolic process	3	125	0.0162	0.0036	4.56	1.54
62	185	cellular response to glucose stimulus	1	88	0.0054	0.0025	2.16	0.43
62	185	estrogen biosynthetic process	5	1149	0.027	0.0327	0.83	0.14
62	185	caveola	78	1185	0.4216	0.0337	12.49	63.89
62	185	positive regulation of DNA-templated transcription	78	326	0.4216	0.0093	45.42	109.7
62	185	axon	1	485	0.0054	0.0138	0.39	0.03
62	185	cortisol biosynthetic process	1	105	0.0054	0.003	1.81	0.37
62	185	protein localization to plasma membrane	78	151	0.4216	0.0043	98.05	141.85
62	185	smoothened binding	78	78	0.4216	0.0022	189.82	185.99
62	185	neural tube patterning	78	78	0.4216	0.0022	189.82	185.99
62	185	neuronal cell body	4	162	0.0216	0.0046	4.69	1.97
62	185	midbody	78	80	0.4216	0.0023	185.08	182.49
62	185	response to estradiol	32	57	0.173	0.0016	106.57	58.19
62	185	hormone biosynthetic process	28	713	0.1514	0.0203	7.45	15.85
62	185	hippocampus development	1	15	0.0054	0.0004	12.65	1.12
62	185	smooth muscle tissue development	78	214	0.4216	0.0061	69.19	126.45
62	185	oxidoreductase activity, acting on paired donors, with incorporation or reduction of molecular oxygen, reduced flavin or flavoprotein as one donor, and incorporation of one atom of oxygen	3	92	0.0162	0.0026	6.19	1.89
62	185	oxygen binding	1	95	0.0054	0.0027	2.0	0.4
62	185	response to testosterone	1	24	0.0054	0.0007	7.91	0.92
62	185	methylation	12	978	0.0649	0.0278	2.33	2.23
62	185	neural tube formation	78	80	0.4216	0.0023	185.08	182.49
62	185	regulation of smoothened signaling pathway	1	72	0.0054	0.0021	2.64	0.5
62	185	testosterone biosynthetic process	2	46	0.0108	0.0013	8.25	1.61
62	185	lipid metabolic process	7	1633	0.0378	0.0465	0.81	0.12
62	185	heme binding	99	5655	0.5351	0.161	3.32	30.95
62	185	heparin binding	78	146	0.4216	0.0042	101.41	143.45
62	185	positive regulation of cholesterol efflux	78	245	0.4216	0.007	60.43	120.9
62	185	somite development	78	265	0.4216	0.0075	55.87	117.76
62	185	negative regulation of DNA-templated transcription	1	80	0.0054	0.0023	2.37	0.46
62	185	tissue development	1	476	0.0054	0.0136	0.4	0.04
62	185	prostate gland growth	2	16	0.0108	0.0005	23.73	2.5
62	185	apical part of cell	78	104	0.4216	0.003	142.37	161.67
62	185	negative regulation of cell division	78	78	0.4216	0.0022	189.82	185.99
62	185	bile acid metabolic process	1	229	0.0054	0.0065	0.83	0.15
62	185	regulation of cell population proliferation	1	413	0.0054	0.0118	0.46	0.05
63	187	efflux transmembrane transporter activity	2	941	0.0107	0.0268	0.4	0.02
63	187	organic anion transport	2	62	0.0107	0.0018	6.06	1.36
63	187	steroid binding	2	1674	0.0107	0.0477	0.22	0.0
63	187	basal plasma membrane	2	44	0.0107	0.0013	8.54	1.64
63	187	prostaglandin transmembrane transporter activity	181	438	0.9679	0.0125	77.6	300.0
63	187	transmembrane transport	1	127	0.0053	0.0036	1.48	0.31
63	187	prostaglandin transport	2	26	0.0107	0.0007	14.45	2.07
63	187	alpha-ketoglutarate transmembrane transporter activity	2	65	0.0107	0.0019	5.78	1.33
63	187	apical plasma membrane	181	5067	0.9679	0.1443	6.71	143.04
63	187	transmembrane transporter activity	2	79	0.0107	0.0022	4.75	1.18
63	187	L-amino acid transmembrane transporter activity	2	17	0.0107	0.0005	22.09	2.44
63	187	basolateral plasma membrane	181	3332	0.9679	0.0949	10.2	176.6
63	187	toxin transmembrane transporter activity	2	92	0.0107	0.0026	4.08	1.06
63	187	monoatomic ion transport	178	380	0.9519	0.0108	87.97	300.0
63	187	xenobiotic transmembrane transporter activity	2	36	0.0107	0.001	10.43	1.8
63	187	cellular detoxification	2	23	0.0107	0.0007	16.33	2.18
63	187	xenobiotic transport	2	48	0.0107	0.0014	7.82	1.57
63	187	export across plasma membrane	2	162	0.0107	0.0046	2.32	0.67
63	187	L-arginine transmembrane transporter activity	2	34	0.0107	0.001	11.05	1.85
64	232	magnesium ion binding	65	681	0.2802	0.0194	14.45	55.39
64	232	malonyl-CoA catabolic process	65	134	0.2802	0.0038	73.42	106.98
64	232	butyryl-CoA catabolic process	65	134	0.2802	0.0038	73.42	106.98
64	232	medium-chain fatty-acyl-CoA catabolic process	65	134	0.2802	0.0038	73.42	106.98
64	232	propionyl-CoA metabolic process	65	68	0.2802	0.0019	144.69	141.3
64	232	succinyl-CoA catabolic process	65	134	0.2802	0.0038	73.42	106.98
64	232	coenzyme A diphosphatase activity	205	1023	0.8836	0.0291	30.33	289.21
64	232	fatty acid catabolic process	1	561	0.0043	0.016	0.27	0.01
64	232	coenzyme A catabolic process	65	635	0.2802	0.0181	15.49	57.37
64	232	peroxisome	9	1627	0.0388	0.0463	0.84	0.12
64	232	peroxisomal matrix	1	1220	0.0043	0.0347	0.12	0.0
65	254	G protein-coupled receptor activity	182	338	0.7165	0.0096	74.45	300.0
65	254	positive regulation of cell population proliferation	57	218	0.2244	0.0062	36.15	72.16
65	254	positive regulation of cell migration	57	223	0.2244	0.0064	35.34	71.52
65	254	bile acid and bile salt transport	3	143	0.0118	0.0041	2.9	1.07
65	254	positive regulation of inositol trisphosphate biosynthetic process	57	79	0.2244	0.0022	99.75	105.72
65	254	cellular response to estradiol stimulus	222	368	0.874	0.0105	83.4	300.0
65	254	bile acid transmembrane transporter activity	3	1093	0.0118	0.0311	0.38	0.01
65	254	positive regulation of protein exit from endoplasmic reticulum	3	73	0.0118	0.0021	5.68	1.79
65	254	cellular response to peptide hormone stimulus	57	269	0.2244	0.0077	29.3	66.36
65	254	positive regulation of ERK1 and ERK2 cascade	62	89	0.2441	0.0025	96.31	113.61
65	254	positive regulation of protein localization to plasma membrane	57	86	0.2244	0.0024	91.63	102.2
65	254	estradiol binding	1	38	0.0039	0.0011	3.64	0.62
65	254	negative regulation of gene expression	57	363	0.2244	0.0103	21.71	58.41
65	254	response to ethanol	2	23	0.0079	0.0007	12.02	1.92
65	254	apoptotic process	220	313	0.8661	0.0089	97.18	300.0
65	254	steroid binding	167	1674	0.6575	0.0477	13.79	156.32
65	254	cellular response to starvation	2	71	0.0079	0.002	3.89	1.03
65	254	negative regulation of vascular associated smooth muscle cell proliferation	57	80	0.2244	0.0023	98.51	105.18
65	254	positive regulation of release of sequestered calcium ion into cytosol	57	79	0.2244	0.0022	99.75	105.72
65	254	inflammatory response	2	105	0.0079	0.003	2.63	0.75
65	254	nuclear receptor-mediated steroid hormone signaling pathway	4	50	0.0157	0.0014	11.06	3.32
65	254	steroid hormone binding	59	392	0.2323	0.0112	20.81	59.39
65	254	negative regulation of neuron apoptotic process	45	53	0.1772	0.0015	117.39	89.19
65	254	recycling endosome	222	268	0.874	0.0076	114.53	300.0
65	254	positive regulation of epidermal growth factor receptor signaling pathway	57	82	0.2244	0.0023	96.1	104.14
65	254	dendritic spine membrane	222	254	0.874	0.0072	120.84	300.0
65	254	nuclear estrogen receptor activity	208	363	0.8189	0.0103	79.22	300.0
65	254	dendrite	2	1498	0.0079	0.0427	0.18	0.0
65	254	nervous system development	177	218	0.6969	0.0062	112.25	300.0
65	254	positive regulation of uterine smooth muscle contraction	57	79	0.2244	0.0022	99.75	105.72
65	254	regulation of protein stability	3	78	0.0118	0.0022	5.32	1.72
65	254	negative regulation of leukocyte activation	57	79	0.2244	0.0022	99.75	105.72
65	254	positive regulation of gene expression	57	432	0.2244	0.0123	18.24	53.93
65	254	positive regulation of embryonic development	45	46	0.1772	0.0013	135.25	96.46
65	254	positive regulation of G protein-coupled receptor signaling pathway	57	79	0.2244	0.0022	99.75	105.72
65	254	brain development	45	209	0.1772	0.006	29.77	52.43
65	254	oxysterol binding	6	423	0.0236	0.012	1.96	1.06
65	254	cytoskeleton	165	184	0.6496	0.0052	123.98	300.0
65	254	nucleolus	56	165	0.2205	0.0047	46.92	78.25
65	254	negative regulation of cell population proliferation	2	97	0.0079	0.0028	2.85	0.81
65	254	positive regulation of cardiac vascular smooth muscle cell differentiation	57	79	0.2244	0.0022	99.75	105.72
65	254	G protein-coupled receptor signaling pathway	9	98	0.0354	0.0028	12.7	7.37
65	254	negative regulation of fat cell differentiation	53	145	0.2087	0.0041	50.53	76.02
65	254	transmembrane transporter activity	1	79	0.0039	0.0022	1.75	0.36
65	254	positive regulation of transcription by RNA polymerase II	102	282	0.4016	0.008	50.01	150.08
65	254	trans-Golgi network	57	149	0.2244	0.0042	52.89	83.3
65	254	cellular response to tumor necrosis factor	57	149	0.2244	0.0042	52.89	83.3
65	254	modulation of chemical synaptic transmission	52	75	0.2047	0.0021	95.86	94.72
65	254	nuclear envelope	57	191	0.2244	0.0054	41.26	75.92
65	254	protein-containing complex	3	462	0.0118	0.0132	0.9	0.19
65	254	chromatin binding	57	237	0.2244	0.0067	33.25	69.83
65	254	positive regulation of extrinsic apoptotic signaling pathway	2	67	0.0079	0.0019	4.13	1.07
65	254	negative regulation of oocyte maturation	165	175	0.6496	0.005	130.36	300.0
65	254	negative regulation of cell cycle process	57	79	0.2244	0.0022	99.75	105.72
65	254	positive regulation of cytosolic calcium ion concentration	53	80	0.2087	0.0023	91.59	94.86
65	254	negative regulation of meiotic cell cycle	165	175	0.6496	0.005	130.36	300.0
65	254	early endosome	222	257	0.874	0.0073	119.43	300.0
65	254	cellular response to glucose stimulus	53	88	0.2087	0.0025	83.27	91.44
65	254	innate immune response	2	99	0.0079	0.0028	2.79	0.79
65	254	adenylate cyclase-activating G protein-coupled receptor signaling pathway	60	84	0.2362	0.0024	98.75	110.96
65	254	positive regulation of MAPK cascade	4	82	0.0157	0.0023	6.74	2.52
65	254	regulation of cytosolic calcium ion concentration	2	75	0.0079	0.0021	3.69	0.99
65	254	postsynaptic density	222	337	0.874	0.0096	91.08	300.0
65	254	axon	222	485	0.874	0.0138	63.28	300.0
65	254	cell differentiation	222	459	0.874	0.0131	66.87	300.0
65	254	G protein-coupled estrogen receptor activity	47	48	0.185	0.0014	135.38	100.89
65	254	negative regulation of lipid biosynthetic process	53	73	0.2087	0.0021	100.38	98.39
65	254	basolateral plasma membrane	168	3332	0.6614	0.0949	6.97	107.71
65	254	neuronal cell body	1	162	0.0039	0.0046	0.85	0.16
65	254	negative regulation of inflammatory response	57	386	0.2244	0.011	20.42	56.81
65	254	positive regulation of neurogenesis	53	75	0.2087	0.0021	97.7	97.32
65	254	hippocampal mossy fiber to CA3 synapse	52	57	0.2047	0.0016	126.13	107.13
65	254	negative regulation of phosphatidylinositol 3-kinase/protein kinase B signal transduction	57	79	0.2244	0.0022	99.75	105.72
65	254	cytoplasmic vesicle membrane	222	260	0.874	0.0074	118.05	300.0
65	254	protein heterodimerization activity	3	308	0.0118	0.0088	1.35	0.41
65	254	estrogen receptor signaling pathway	1	186	0.0039	0.0053	0.74	0.13
65	254	keratin filament	57	79	0.2244	0.0022	99.75	105.72
65	254	positive regulation of insulin secretion	53	74	0.2087	0.0021	99.02	97.85
65	254	ecdysone binding	2	19	0.0079	0.0005	14.55	2.09
65	254	positive regulation of phosphatidylinositol 3-kinase/protein kinase B signal transduction	57	94	0.2244	0.0027	83.84	98.76
65	254	positive regulation of neural precursor cell proliferation	45	61	0.1772	0.0017	101.99	83.85
65	254	positive regulation of apoptotic process	2	15	0.0079	0.0004	18.43	2.29
65	254	negative regulation of ERK1 and ERK2 cascade	57	82	0.2244	0.0023	96.1	104.14
65	254	mitochondrial membrane	222	1052	0.874	0.03	29.18	300.0
65	254	synapse	2	95	0.0079	0.0027	2.91	0.82
65	254	positive regulation of B cell proliferation	4	73	0.0157	0.0021	7.58	2.71
66	102	guanyl-nucleotide exchange factor activity	28	30	0.2745	0.0009	321.33	70.17
66	102	regulation of protein catabolic process	33	1256	0.3235	0.0358	9.05	22.13
66	102	lysosome organization	33	1281	0.3235	0.0365	8.87	21.87
66	102	secondary active transmembrane transporter activity	1	20	0.0098	0.0006	17.21	1.25
66	102	monooxygenase activity	28	196	0.2745	0.0056	49.18	39.14
66	102	enzyme binding	2	350	0.0196	0.01	1.97	0.57
66	102	L-asparagine transmembrane transporter activity	28	29	0.2745	0.0008	332.41	71.34
66	102	FNIP-folliculin RagC/D GAP	25	26	0.2451	0.0007	331.04	63.4
66	102	sterol sensor activity	28	31	0.2745	0.0009	310.97	69.16
66	102	sterol metabolic process	18	603	0.1765	0.0172	10.28	12.81
66	102	response to light stimulus	28	141	0.2745	0.004	68.37	43.46
66	102	regulation of TOR signaling	33	1275	0.3235	0.0363	8.91	21.93
66	102	xenobiotic metabolic process	1	499	0.0098	0.0142	0.69	0.11
66	102	oxidoreductase activity, acting on paired donors, with incorporation or reduction of molecular oxygen	28	156	0.2745	0.0044	61.79	42.12
66	102	Ragulator complex	24	25	0.2353	0.0007	330.51	60.76
66	102	liver development	2	31	0.0196	0.0009	22.21	2.43
66	102	L-leucine transmembrane transporter activity	26	27	0.2549	0.0008	331.53	66.04
66	102	regulation of macroautophagy	33	1271	0.3235	0.0362	8.94	21.97
66	102	oxysterol binding	5	423	0.049	0.012	4.07	2.1
66	102	glucosylceramide catabolic process	37	3041	0.3627	0.0866	4.19	13.93
66	102	L-glutamine transmembrane transporter activity	28	29	0.2745	0.0008	332.41	71.34
66	102	cholesterol binding	28	1642	0.2745	0.0468	5.87	13.82
66	102	response to toxic substance	5	39	0.049	0.0011	44.14	7.0
66	102	arachidonate metabolic process	5	36	0.049	0.001	47.82	7.18
66	102	regulation of membrane potential	33	1212	0.3235	0.0345	9.37	22.61
66	102	beta-glucosidase activity	33	2348	0.3235	0.0669	4.84	14.03
66	102	cellular response to amino acid stimulus	28	29	0.2745	0.0008	332.41	71.34
66	102	brassinosteroid biosynthetic process	24	772	0.2353	0.022	10.7	17.51
66	102	cellular response to glucocorticoid stimulus	2	32	0.0196	0.0009	21.52	2.41
66	102	galactosylceramidase activity	37	3865	0.3627	0.1101	3.3	10.76
66	102	positive regulation of TORC1 signaling	28	31	0.2745	0.0009	310.97	69.16
66	102	negative regulation of macromolecule metabolic process	33	1208	0.3235	0.0344	9.41	22.66
66	102	autophagy	33	1314	0.3235	0.0374	8.65	21.53
66	102	late endosome membrane	28	205	0.2745	0.0058	47.02	38.56
66	102	protein catabolic process	33	1210	0.3235	0.0345	9.39	22.64
66	102	L-amino acid transmembrane transporter activity	12	17	0.1176	0.0005	243.02	26.95
66	102	brassinosteroid homeostasis	24	626	0.2353	0.0178	13.2	19.59
66	102	glucosyltransferase activity	33	1332	0.3235	0.0379	8.53	21.35
66	102	lysosomal membrane	65	2454	0.6373	0.0699	9.12	48.65
66	102	cholesterol metabolic process	35	6083	0.3431	0.1732	1.98	4.58
66	102	signaling receptor binding	33	1444	0.3235	0.0411	7.87	20.27
66	102	glucosylceramidase activity	37	3857	0.3627	0.1098	3.3	10.79
66	102	heme binding	28	5655	0.2745	0.161	1.7	2.6
66	102	intracellular membrane-bounded organelle	1	19	0.0098	0.0005	18.12	1.27
66	102	late endosome	6	102	0.0588	0.0029	20.25	6.25
66	102	L-arginine transmembrane transporter activity	28	34	0.2745	0.001	283.53	66.68
67	276	GTP binding	2	50	0.0072	0.0014	5.09	1.23
67	276	segment polarity determination	1	177	0.0036	0.005	0.72	0.12
67	276	cholesterol efflux	205	528	0.7428	0.015	49.4	300.0
67	276	sterol metabolic process	1	603	0.0036	0.0172	0.21	0.0
67	276	positive regulation of amyloid precursor protein biosynthetic process	74	74	0.2681	0.0021	127.24	160.39
67	276	cytoplasmic vesicle	1	26	0.0036	0.0007	4.89	0.73
67	276	smoothened signaling pathway	2	1536	0.0072	0.0437	0.17	0.0
67	276	intestinal cholesterol absorption	1	188	0.0036	0.0054	0.68	0.11
67	276	very-low-density lipoprotein particle assembly	77	79	0.279	0.0022	124.01	163.64
67	276	macrophage derived foam cell differentiation	75	75	0.2717	0.0021	127.24	162.63
67	276	cholesterol homeostasis	209	1948	0.7572	0.0555	13.65	203.55
67	276	brush border	3	50	0.0109	0.0014	7.63	2.14
67	276	glucosylceramide catabolic process	46	3041	0.1667	0.0866	1.92	4.88
67	276	cholesterol import	1	80	0.0036	0.0023	1.59	0.33
67	276	cholesterol binding	206	1642	0.7464	0.0468	15.96	214.23
67	276	cholesterol O-acyltransferase activity	209	211	0.7572	0.006	126.03	300.0
67	276	fatty acid biosynthetic process	1	807	0.0036	0.023	0.16	0.0
67	276	galactosylceramidase activity	46	3865	0.1667	0.1101	1.51	2.55
67	276	acyltransferase activity	2	16	0.0072	0.0005	15.9	2.16
67	276	lysosomal membrane	46	2454	0.1667	0.0699	2.39	7.45
67	276	testosterone dehydrogenase (NAD+) activity	1	1038	0.0036	0.0296	0.12	0.0
67	276	cholesterol metabolic process	255	6083	0.9239	0.1732	5.33	166.55
67	276	endosome	1	134	0.0036	0.0038	0.95	0.18
67	276	fatty-acyl-CoA binding	205	210	0.7428	0.006	124.21	300.0
67	276	glucosylceramidase activity	46	3857	0.1667	0.1098	1.52	2.57
67	276	estradiol 17-beta-dehydrogenase [NAD(P)+] activity	1	2847	0.0036	0.0811	0.04	0.0
67	276	response to nutrient	1	26	0.0036	0.0007	4.89	0.73
67	276	cholesterol storage	76	84	0.2754	0.0024	115.12	154.26
67	276	estrogen metabolic process	1	1660	0.0036	0.0473	0.08	0.0
68	234	glucosylceramide catabolic process	190	3041	0.812	0.0866	9.38	157.95
68	234	steryl-beta-glucosidase activity	12	640	0.0513	0.0182	2.81	2.88
68	234	galactosylceramidase activity	190	3865	0.812	0.1101	7.38	138.09
68	234	lysosomal membrane	190	2454	0.812	0.0699	11.62	175.94
68	234	cholesterol metabolic process	189	6083	0.8077	0.1732	4.66	99.99
68	234	glucosylceramidase activity	190	3857	0.812	0.1098	7.39	138.26
68	234	lipid metabolic process	11	1633	0.047	0.0465	1.01	0.28
69	287	steroid biosynthetic process	1	557	0.0035	0.0159	0.22	0.0
69	287	steroid metabolic process	1	321	0.0035	0.0091	0.38	0.03
69	287	sterol 14-demethylase activity	274	2241	0.9547	0.0638	14.96	300.0
69	287	negative regulation of protein catabolic process	1	23	0.0035	0.0007	5.32	0.76
69	287	cholesterol biosynthetic process	257	2414	0.8955	0.0687	13.03	264.76
69	287	sterol metabolic process	1	603	0.0035	0.0172	0.2	0.0
69	287	negative regulation of protein secretion	1	21	0.0035	0.0006	5.83	0.8
69	287	sterol biosynthetic process	4	80	0.0139	0.0023	6.12	2.37
69	287	negative regulation of amyloid-beta clearance	1	21	0.0035	0.0006	5.83	0.8
69	287	methyltransferase activity	173	767	0.6028	0.0218	27.6	214.68
69	287	small molecule biosynthetic process	3	35	0.0105	0.001	10.49	2.54
69	287	cholesterol biosynthetic process via 24,25-dihydrolanosterol	4	21	0.0139	0.0006	23.31	4.63
69	287	cholesterol metabolic process	8	6083	0.0279	0.1732	0.16	0.0
69	287	methylation	173	978	0.6028	0.0278	21.64	194.62
69	287	heme binding	274	5655	0.9547	0.161	5.93	198.67
70	385	phosphatidylcholine binding	1	737	0.0026	0.021	0.12	0.0
70	385	GTP binding	1	50	0.0026	0.0014	1.82	0.37
70	385	2 iron, 2 sulfur cluster binding	1	18	0.0026	0.0005	5.07	0.74
70	385	nuclear outer membrane	1	65	0.0026	0.0019	1.4	0.29
70	385	3-hydroxy-2-methylbutyryl-CoA dehydrogenase activity	122	436	0.3169	0.0124	25.52	138.56
70	385	steroid biosynthetic process	13	557	0.0338	0.0159	2.13	2.04
70	385	steroid metabolic process	1	321	0.0026	0.0091	0.28	0.01
70	385	3-beta-hydroxysteroid 3-dehydrogenase (NADP+) activity	5	895	0.013	0.0255	0.51	0.01
70	385	efflux transmembrane transporter activity	1	941	0.0026	0.0268	0.1	0.0
70	385	G protein-coupled receptor activity	1	338	0.0026	0.0096	0.27	0.01
70	385	intracellular cholesterol transport	3	57	0.0078	0.0016	4.8	1.61
70	385	phospholipid homeostasis	1	762	0.0026	0.0217	0.12	0.0
70	385	cellular response to cholesterol	1	173	0.0026	0.0049	0.53	0.07
70	385	positive regulation of cell population proliferation	1	218	0.0026	0.0062	0.42	0.04
70	385	mitochondrial tRNA methylation	46	64	0.1195	0.0018	65.56	75.88
70	385	sterol 14-demethylase activity	1	2241	0.0026	0.0638	0.04	0.0
70	385	positive regulation of cell migration	1	223	0.0026	0.0064	0.41	0.04
70	385	lymphoid progenitor cell differentiation	1	57	0.0026	0.0016	1.6	0.33
70	385	presynapse	5	1207	0.013	0.0344	0.38	0.0
70	385	L-isoleucine catabolic process	46	64	0.1195	0.0018	65.56	75.88
70	385	segment polarity determination	1	177	0.0026	0.005	0.52	0.07
70	385	regulation of protein catabolic process	7	1256	0.0182	0.0358	0.51	0.01
70	385	androgen biosynthetic process	9	155	0.0234	0.0044	5.3	4.24
70	385	acetyl-CoA C-myristoyltransferase activity	2	1462	0.0052	0.0416	0.12	0.0
70	385	mitochondrial tRNA 3'-end processing	46	64	0.1195	0.0018	65.56	75.88
70	385	cellular response to estradiol stimulus	3	368	0.0078	0.0105	0.74	0.11
70	385	bile acid transmembrane transporter activity	1	1093	0.0026	0.0311	0.08	0.0
70	385	cellular response to dexamethasone stimulus	3	95	0.0078	0.0027	2.88	1.06
70	385	steroid 21-monooxygenase activity	1	53	0.0026	0.0015	1.72	0.35
70	385	protein homotetramerization	46	67	0.1195	0.0019	62.62	74.34
70	385	neuron differentiation	1	425	0.0026	0.0121	0.21	0.0
70	385	cholesterol-5,6-oxide hydrolase activity	1	149	0.0026	0.0042	0.61	0.09
70	385	11-beta-hydroxysteroid dehydrogenase (NADP+) activity	5	947	0.013	0.027	0.48	0.01
70	385	oxidoreductase complex	1	65	0.0026	0.0019	1.4	0.29
70	385	lysosome organization	7	1281	0.0182	0.0365	0.5	0.01
70	385	response to steroid hormone	3	23	0.0078	0.0007	11.9	2.71
70	385	negative regulation of cholesterol efflux	1	54	0.0026	0.0015	1.69	0.35
70	385	DNA-templated transcription	4	681	0.0104	0.0194	0.54	0.03
70	385	protein serine/threonine kinase activity	1	50	0.0026	0.0014	1.82	0.37
70	385	(3S)-3-hydroxyacyl-CoA dehydrogenase (NAD+) activity	124	975	0.3221	0.0278	11.6	95.53
70	385	negative regulation of kidney smooth muscle cell differentiation	1	54	0.0026	0.0015	1.69	0.35
70	385	negative regulation of apoptotic process	1	225	0.0026	0.0064	0.41	0.04
70	385	cholinesterase activity	6	48	0.0156	0.0014	11.4	4.86
70	385	anatomical structure morphogenesis	1	172	0.0026	0.0049	0.53	0.07
70	385	cytosolic ribosome	16	16	0.0416	0.0005	91.21	31.5
70	385	mitochondrial tRNA 5'-end processing	46	71	0.1195	0.002	59.1	72.47
70	385	acyl-CoA metabolic process	2	585	0.0052	0.0167	0.31	0.0
70	385	negative regulation of gene expression	3	363	0.0078	0.0103	0.75	0.12
70	385	spinal cord dorsal/ventral patterning	1	79	0.0026	0.0022	1.15	0.24
70	385	thymus development	1	54	0.0026	0.0015	1.69	0.35
70	385	(3R)-3-hydroxyacyl-CoA dehydrogenase (NAD+) activity	1	130	0.0026	0.0037	0.7	0.12
70	385	cellular response to insulin stimulus	5	84	0.013	0.0024	5.43	2.63
70	385	enzyme binding	1	350	0.0026	0.01	0.26	0.01
70	385	apoptotic process	1	313	0.0026	0.0089	0.29	0.01
70	385	steroid binding	9	1674	0.0234	0.0477	0.49	0.0
70	385	negative regulation of tumor necrosis factor production	1	97	0.0026	0.0028	0.94	0.18
70	385	cellular response to starvation	3	71	0.0078	0.002	3.85	1.36
70	385	negative regulation of focal adhesion assembly	19	19	0.0494	0.0005	91.21	37.44
70	385	fatty acid beta-oxidation	46	279	0.1195	0.0079	15.04	39.28
70	385	progesterone metabolic process	12	906	0.0312	0.0258	1.21	0.53
70	385	peptide antigen binding	1	79	0.0026	0.0022	1.15	0.24
70	385	cerebellar granule cell precursor proliferation	1	124	0.0026	0.0035	0.74	0.13
70	385	mitochondrion organization	46	69	0.1195	0.002	60.81	73.38
70	385	cholesterol biosynthetic process	4	2414	0.0104	0.0687	0.15	0.0
70	385	glycosaminoglycan binding	1	54	0.0026	0.0015	1.69	0.35
70	385	lipid droplet	18	1587	0.0468	0.0452	1.03	0.32
70	385	skin development	1	82	0.0026	0.0023	1.11	0.23
70	385	response to reactive oxygen species	19	19	0.0494	0.0005	91.21	37.44
70	385	acetoacetyl-CoA hydrolase activity	2	569	0.0052	0.0162	0.32	0.01
70	385	cardiolipin dehydrogenase (NAD+) activity	46	64	0.1195	0.0018	65.56	75.88
70	385	commissural neuron axon guidance	1	129	0.0026	0.0037	0.71	0.12
70	385	negative regulation of T cell migration	19	19	0.0494	0.0005	91.21	37.44
70	385	triglyceride catabolic process	17	1003	0.0442	0.0286	1.55	1.28
70	385	Delta24-sterol reductase activity	1	86	0.0026	0.0024	1.06	0.21
70	385	quinone binding	5	538	0.013	0.0153	0.85	0.15
70	385	positive regulation of kidney smooth muscle cell differentiation	1	54	0.0026	0.0015	1.69	0.35
70	385	7-dehydrocholesterol reductase activity	1	170	0.0026	0.0048	0.54	0.07
70	385	tRNA processing	16	19	0.0416	0.0005	76.81	28.52
70	385	recycling endosome membrane	1	1550	0.0026	0.0441	0.06	0.0
70	385	negative thymic T cell selection	1	54	0.0026	0.0015	1.69	0.35
70	385	response to light stimulus	1	141	0.0026	0.004	0.65	0.1
70	385	cell-cell signaling	4	1430	0.0104	0.0407	0.26	0.0
70	385	spindle	2	168	0.0052	0.0048	1.09	0.26
70	385	triacylglycerol lipase activity	99	2063	0.2571	0.0587	4.38	35.99
70	385	regulation of protein localization to nucleus	1	57	0.0026	0.0016	1.6	0.33
70	385	apoptotic signaling pathway	1	164	0.0026	0.0047	0.56	0.08
70	385	heart looping	1	135	0.0026	0.0038	0.68	0.11
70	385	regulation of TOR signaling	7	1275	0.0182	0.0363	0.5	0.01
70	385	ABC-type glutathione S-conjugate transporter activity	5	2783	0.013	0.0792	0.16	0.0
70	385	prostaglandin E2 9-reductase activity	3	303	0.0078	0.0086	0.9	0.19
70	385	smoothened signaling pathway	4	1536	0.0104	0.0437	0.24	0.0
70	385	positive regulation of smoothened signaling pathway	1	196	0.0026	0.0056	0.47	0.05
70	385	regulation of odontogenesis	1	51	0.0026	0.0015	1.79	0.37
70	385	dendrite	22	1498	0.0571	0.0427	1.34	0.99
70	385	cholesterol biosynthetic process via lathosterol	2	269	0.0052	0.0077	0.68	0.1
70	385	triglyceride metabolic process	1	590	0.0026	0.0168	0.15	0.0
70	385	intestinal cholesterol absorption	25	188	0.0649	0.0054	12.13	19.11
70	385	negative regulation of cholesterol biosynthetic process	2	78	0.0052	0.0022	2.34	0.68
70	385	testosterone dehydrogenase (NADP+) activity	3	128	0.0078	0.0036	2.14	0.78
70	385	ATPase binding	1	285	0.0026	0.0081	0.32	0.02
70	385	patched binding	4	1613	0.0104	0.0459	0.23	0.0
70	385	positive regulation of sclerotome development	1	57	0.0026	0.0016	1.6	0.33
70	385	negative regulation of protein import into nucleus	19	19	0.0494	0.0005	91.21	37.44
70	385	system development	2	410	0.0052	0.0117	0.44	0.03
70	385	positive regulation of alpha-beta T cell differentiation	1	110	0.0026	0.0031	0.83	0.15
70	385	response to estrogen	3	109	0.0078	0.0031	2.51	0.93
70	385	5-alpha-androstane-3-beta,17-beta-diol dehydrogenase (NADP+) activity	1	1008	0.0026	0.0287	0.09	0.0
70	385	acetylesterase activity	82	1090	0.213	0.031	6.86	43.5
70	385	nuclear estrogen receptor binding	2	81	0.0052	0.0023	2.25	0.65
70	385	transcription coactivator binding	1	297	0.0026	0.0085	0.31	0.02
70	385	acetyl-CoA C-acyltransferase activity	2	1462	0.0052	0.0416	0.12	0.0
70	385	Delta14-sterol reductase activity	2	303	0.0052	0.0086	0.6	0.07
70	385	positive regulation of cell division	1	57	0.0026	0.0016	1.6	0.33
70	385	3-oxo-5-alpha-steroid 4-dehydrogenase (NADP+) activity	20	23	0.0519	0.0007	79.32	36.18
70	385	acetyl-CoA hydrolase activity	2	569	0.0052	0.0162	0.32	0.01
70	385	triglyceride binding	1	575	0.0026	0.0164	0.16	0.0
70	385	C21-steroid hormone metabolic process	46	89	0.1195	0.0025	47.14	65.85
70	385	liver development	3	31	0.0078	0.0009	8.83	2.33
70	385	cholesterol 24-hydroxylase activity	5	1202	0.013	0.0342	0.38	0.0
70	385	ABC-type xenobiotic transporter activity	6	3551	0.0156	0.1011	0.15	0.0
70	385	positive regulation of gene expression	1	432	0.0026	0.0123	0.21	0.0
70	385	maintenance of protein location in nucleus	1	66	0.0026	0.0019	1.38	0.29
70	385	oligodendrocyte differentiation	1	253	0.0026	0.0072	0.36	0.03
70	385	androgen metabolic process	124	1056	0.3221	0.0301	10.71	91.21
70	385	cholesterol homeostasis	4	1948	0.0104	0.0555	0.19	0.0
70	385	protein kinase A catalytic subunit binding	1	76	0.0026	0.0022	1.2	0.25
70	385	positive regulation of mesenchymal cell proliferation involved in ureter development	1	54	0.0026	0.0015	1.69	0.35
70	385	male gonad development	8	40	0.0208	0.0011	18.24	7.96
70	385	brain development	19	209	0.0494	0.006	8.29	11.63
70	385	lipid transporter activity	1	87	0.0026	0.0025	1.05	0.21
70	385	positive regulation of reactive oxygen species metabolic process	1	47	0.0026	0.0013	1.94	0.39
70	385	monoacylglycerol lipase activity	18	1012	0.0468	0.0288	1.62	1.5
70	385	intein-mediated protein splicing	3	1354	0.0078	0.0386	0.2	0.0
70	385	regulation of macroautophagy	7	1271	0.0182	0.0362	0.5	0.01
70	385	very-long-chain 3-oxoacyl-CoA reductase activity	1	237	0.0026	0.0067	0.38	0.03
70	385	positive regulation of T cell differentiation in thymus	1	112	0.0026	0.0032	0.81	0.15
70	385	mitochondrial ribonuclease P complex	46	71	0.1195	0.002	59.1	72.47
70	385	metanephric collecting duct development	1	135	0.0026	0.0038	0.68	0.11
70	385	central nervous system development	1	1381	0.0026	0.0393	0.07	0.0
70	385	SREBP-SCAP-Insig complex	2	79	0.0052	0.0022	2.31	0.67
70	385	cellular response to lipopolysaccharide	1	101	0.0026	0.0029	0.9	0.17
70	385	phosphatidylcholine metabolic process	1	589	0.0026	0.0168	0.15	0.0
70	385	sterol ester esterase activity	99	2104	0.2571	0.0599	4.29	35.27
70	385	oxysterol binding	3	423	0.0078	0.012	0.65	0.07
70	385	negative regulation of lipoprotein lipid oxidation	19	19	0.0494	0.0005	91.21	37.44
70	385	peripheral nervous system axon regeneration	17	18	0.0442	0.0005	86.15	32.22
70	385	response to xenobiotic stimulus	9	98	0.0234	0.0028	8.38	5.86
70	385	9+0 non-motile cilium	1	74	0.0026	0.0021	1.23	0.25
70	385	glucosylceramide catabolic process	10	3041	0.026	0.0866	0.3	0.0
70	385	brexanolone metabolic process	46	64	0.1195	0.0018	65.56	75.88
70	385	lipid catabolic process	79	1122	0.2052	0.032	6.42	39.75
70	385	cholesterol transfer activity	2	937	0.0052	0.0267	0.19	0.0
70	385	steroid catabolic process	8	962	0.0208	0.0274	0.76	0.08
70	385	ciliary membrane	1	77	0.0026	0.0022	1.18	0.24
70	385	low-density lipoprotein particle remodeling	1	643	0.0026	0.0183	0.14	0.0
70	385	ventral midline determination	1	74	0.0026	0.0021	1.23	0.25
70	385	apical plasma membrane	4	5067	0.0104	0.1443	0.07	-0.0
70	385	negative regulation of cargo loading into COPII-coated vesicle	2	71	0.0052	0.002	2.57	0.74
70	385	glycosyltransferase activity	1	704	0.0026	0.02	0.13	0.0
70	385	cholesterol binding	24	1642	0.0623	0.0468	1.33	1.02
70	385	postsynapse	5	1209	0.013	0.0344	0.38	0.0
70	385	ursodeoxycholate 7-beta-dehydrogenase (NAD+) activity	46	70	0.1195	0.002	59.94	72.92
70	385	tissue regeneration	19	20	0.0494	0.0006	86.65	36.14
70	385	cell fate specification	3	1408	0.0078	0.0401	0.19	0.0
70	385	retinyl-palmitate esterase activity	3	123	0.0078	0.0035	2.22	0.82
70	385	pancreatic juice secretion	25	89	0.0649	0.0025	25.62	27.7
70	385	very-low-density lipoprotein particle remodeling	1	593	0.0026	0.0169	0.15	0.0
70	385	ABC-type oligopeptide transporter activity	1	1132	0.0026	0.0322	0.08	0.0
70	385	carbohydrate catabolic process	2	813	0.0052	0.0232	0.22	0.0
70	385	steroid 17-alpha-monooxygenase activity	8	846	0.0208	0.0241	0.86	0.15
70	385	UDP-glycosyltransferase activity	1	21	0.0026	0.0006	4.34	0.68
70	385	mitochondrial envelope	1	60	0.0026	0.0017	1.52	0.31
70	385	DNA-binding transcription factor activity, RNA polymerase II-specific	1	18	0.0026	0.0005	5.07	0.74
70	385	extracellular matrix	1	179	0.0026	0.0051	0.51	0.06
70	385	bile acid:sodium symporter activity	4	1238	0.0104	0.0353	0.29	0.0
70	385	protein sequestering activity	3	153	0.0078	0.0044	1.79	0.63
70	385	protein autoprocessing	3	1424	0.0078	0.0406	0.19	0.0
70	385	lyase activity	2	326	0.0052	0.0093	0.56	0.06
70	385	centriole	1	76	0.0026	0.0022	1.2	0.25
70	385	midgut development	1	77	0.0026	0.0022	1.18	0.24
70	385	calcium ion binding	4	1460	0.0104	0.0416	0.25	0.0
70	385	FAD binding	1	94	0.0026	0.0027	0.97	0.19
70	385	15-hydroxyprostaglandin dehydrogenase (NADP+) activity	3	302	0.0078	0.0086	0.91	0.19
70	385	ceramide catabolic process	3	21	0.0078	0.0006	13.03	2.82
70	385	regulation of membrane potential	7	1212	0.0182	0.0345	0.53	0.01
70	385	steryl-beta-glucosidase activity	1	640	0.0026	0.0182	0.14	0.0
70	385	beta-glucosidase activity	9	2348	0.0234	0.0669	0.35	0.0
70	385	mitochondrial nucleoid	52	169	0.1351	0.0048	28.07	59.83
70	385	15-hydroxyprostaglandin-D dehydrogenase (NADP+) activity	3	313	0.0078	0.0089	0.87	0.17
70	385	RNA polymerase II cis-regulatory region sequence-specific DNA binding	1	466	0.0026	0.0133	0.2	0.0
70	385	glucose metabolic process	19	24	0.0494	0.0007	72.21	32.83
70	385	brassinosteroid biosynthetic process	4	772	0.0104	0.022	0.47	0.01
70	385	estrogen biosynthetic process	6	1149	0.0156	0.0327	0.48	0.01
70	385	fatty acid biosynthetic process	6	807	0.0156	0.023	0.68	0.06
70	385	innate immune response	1	99	0.0026	0.0028	0.92	0.18
70	385	transmembrane transporter binding	1	211	0.0026	0.006	0.43	0.04
70	385	stem cell development	1	54	0.0026	0.0015	1.69	0.35
70	385	metanephric mesenchymal cell proliferation involved in metanephros development	1	54	0.0026	0.0015	1.69	0.35
70	385	amyloid-beta binding	2	79	0.0052	0.0022	2.31	0.67
70	385	self proteolysis	1	78	0.0026	0.0022	1.17	0.24
70	385	fatty acid metabolic process	75	1010	0.1948	0.0288	6.77	39.22
70	385	high-density lipoprotein particle	1	603	0.0026	0.0172	0.15	0.0
70	385	galactosylceramidase activity	13	3865	0.0338	0.1101	0.31	0.0
70	385	positive regulation of immature T cell proliferation in thymus	1	54	0.0026	0.0015	1.69	0.35
70	385	laminin-1 binding	1	54	0.0026	0.0015	1.69	0.35
70	385	response to peptide hormone	3	16	0.0078	0.0005	17.1	3.18
70	385	negative regulation of monocyte chemotactic protein-1 production	19	110	0.0494	0.0031	15.75	16.84
70	385	caveola	19	1185	0.0494	0.0337	1.46	1.19
70	385	nuclear steroid receptor activity	1	177	0.0026	0.005	0.52	0.07
70	385	endoplasmic reticulum-Golgi intermediate compartment	1	76	0.0026	0.0022	1.2	0.25
70	385	collagen binding	1	76	0.0026	0.0022	1.2	0.25
70	385	cholesterol-protein transferase activity	1	77	0.0026	0.0022	1.18	0.24
70	385	peptidase activity	3	1425	0.0078	0.0406	0.19	0.0
70	385	positive regulation of multicellular organism growth	1	74	0.0026	0.0021	1.23	0.25
70	385	tRNA binding	46	64	0.1195	0.0018	65.56	75.88
70	385	positive regulation of DNA-templated transcription	2	326	0.0052	0.0093	0.56	0.06
70	385	lipid transport	26	4600	0.0675	0.131	0.52	0.0
70	385	protein heterotetramerization	1	67	0.0026	0.0019	1.36	0.28
70	385	cell differentiation	8	459	0.0208	0.0131	1.59	0.87
70	385	NADPH binding	4	114	0.0104	0.0032	3.2	1.43
70	385	negative regulation of macromolecule metabolic process	7	1208	0.0182	0.0344	0.53	0.01
70	385	fatty acid catabolic process	2	561	0.0052	0.016	0.33	0.01
70	385	C21-steroid hormone biosynthetic process	1	194	0.0026	0.0055	0.47	0.05
70	385	autophagy	7	1314	0.0182	0.0374	0.49	0.0
70	385	tRNA 3'-terminal CCA addition	46	64	0.1195	0.0018	65.56	75.88
70	385	determination of left/right asymmetry in lateral mesoderm	2	128	0.0052	0.0036	1.43	0.39
70	385	chenodeoxycholate 7-alpha-dehydrogenase (NAD+) activity	46	65	0.1195	0.0019	64.55	75.35
70	385	fatty acyl-CoA hydrolase activity	2	501	0.0052	0.0143	0.36	0.01
70	385	protein catabolic process	7	1210	0.0182	0.0345	0.53	0.01
70	385	lipid binding	2	1476	0.0052	0.042	0.12	0.0
70	385	cortisol biosynthetic process	1	105	0.0026	0.003	0.87	0.16
70	385	contact inhibition	2	75	0.0052	0.0021	2.43	0.7
70	385	positive regulation of branching involved in ureteric bud morphogenesis	1	74	0.0026	0.0021	1.23	0.25
70	385	basolateral plasma membrane	5	3332	0.013	0.0949	0.14	0.0
70	385	regulation of gene expression	2	1316	0.0052	0.0375	0.14	0.0
70	385	cholate 7-alpha-dehydrogenase (NAD+) activity	122	438	0.3169	0.0125	25.41	138.28
70	385	canalicular bile acid transport	1	1083	0.0026	0.0308	0.08	0.0
70	385	isoursodeoxycholate 7-beta-dehydrogenase (NAD+) activity	46	70	0.1195	0.002	59.94	72.92
70	385	hydroperoxy icosatetraenoate dehydratase activity	1	512	0.0026	0.0146	0.18	0.0
70	385	neuronal cell body	23	162	0.0597	0.0046	12.95	18.28
70	385	negative regulation of cytokine production involved in inflammatory response	19	19	0.0494	0.0005	91.21	37.44
70	385	peroxisome	2	1627	0.0052	0.0463	0.11	0.0
70	385	oligopeptide export from mitochondrion	1	1132	0.0026	0.0322	0.08	0.0
70	385	carbonyl reductase (NADPH) activity	3	327	0.0078	0.0093	0.84	0.16
70	385	positive regulation of organ growth	1	74	0.0026	0.0021	1.23	0.25
70	385	brassinosteroid homeostasis	1	626	0.0026	0.0178	0.15	0.0
70	385	glucosyltransferase activity	7	1332	0.0182	0.0379	0.48	0.0
70	385	7-beta-hydroxysteroid dehydrogenase (NADP+) activity	5	947	0.013	0.027	0.48	0.01
70	385	lysosomal membrane	10	2454	0.026	0.0699	0.37	0.0
70	385	cAMP-dependent protein kinase inhibitor activity	1	74	0.0026	0.0021	1.23	0.25
70	385	high-density lipoprotein particle remodeling	1	768	0.0026	0.0219	0.12	0.0
70	385	regulation of heart morphogenesis	1	74	0.0026	0.0021	1.23	0.25
70	385	succinyl-CoA hydrolase activity	2	569	0.0052	0.0162	0.32	0.01
70	385	testosterone dehydrogenase (NAD+) activity	128	1038	0.3325	0.0296	11.25	97.17
70	385	response to estradiol	1	57	0.0026	0.0016	1.6	0.33
70	385	cholesterol metabolic process	30	6083	0.0779	0.1732	0.45	0.0
70	385	chromatin	1	207	0.0026	0.0059	0.44	0.05
70	385	DNA-binding transcription activator activity, RNA polymerase II-specific	1	483	0.0026	0.0138	0.19	0.0
70	385	hormone biosynthetic process	8	713	0.0208	0.0203	1.02	0.28
70	385	progesterone receptor signaling pathway	1	66	0.0026	0.0019	1.38	0.29
70	385	negative regulation of protein ubiquitination	1	66	0.0026	0.0019	1.38	0.29
70	385	morphogen activity	1	178	0.0026	0.0051	0.51	0.07
70	385	hippocampus development	6	15	0.0156	0.0004	36.49	8.11
70	385	signaling receptor binding	7	1444	0.0182	0.0411	0.44	0.0
70	385	response to nutrient levels	3	20	0.0078	0.0006	13.68	2.89
70	385	smooth muscle tissue development	2	214	0.0052	0.0061	0.85	0.17
70	385	triglyceride homeostasis	1	755	0.0026	0.0215	0.12	0.0
70	385	positive thymic T cell selection	1	54	0.0026	0.0015	1.69	0.35
70	385	androgen binding	1	88	0.0026	0.0025	1.04	0.21
70	385	triglyceride transport	1	643	0.0026	0.0183	0.14	0.0
70	385	organelle membrane	2	154	0.0052	0.0044	1.18	0.3
70	385	NADH binding	1	67	0.0026	0.0019	1.36	0.28
70	385	response to testosterone	5	24	0.013	0.0007	19.0	5.26
70	385	negative regulation of smooth muscle cell-matrix adhesion	19	19	0.0494	0.0005	91.21	37.44
70	385	choloyl-CoA hydrolase activity	2	573	0.0052	0.0163	0.32	0.01
70	385	hydroxymethylglutaryl-CoA hydrolase activity	2	569	0.0052	0.0162	0.32	0.01
70	385	Delta24(24-1) sterol reductase activity	1	85	0.0026	0.0024	1.07	0.22
70	385	negative regulation of smooth muscle cell proliferation	19	25	0.0494	0.0007	69.32	32.21
70	385	reverse cholesterol transport	1	776	0.0026	0.0221	0.12	0.0
70	385	bile acid biosynthetic process	46	520	0.1195	0.0148	8.07	27.03
70	385	glucosylceramidase activity	13	3857	0.0338	0.1098	0.31	0.0
70	385	embryonic digit morphogenesis	1	62	0.0026	0.0018	1.47	0.31
70	385	forebrain morphogenesis	1	74	0.0026	0.0021	1.23	0.25
70	385	testosterone biosynthetic process	3	46	0.0078	0.0013	5.95	1.85
70	385	estradiol 17-beta-dehydrogenase [NAD(P)+] activity	136	2847	0.3532	0.0811	4.36	51.17
70	385	negative regulation of dopaminergic neuron differentiation	1	54	0.0026	0.0015	1.69	0.35
70	385	carbohydrate metabolic process	1	798	0.0026	0.0227	0.11	0.0
70	385	phospholipid transporter activity	1	596	0.0026	0.017	0.15	0.0
70	385	CD4-positive or CD8-positive, alpha-beta T cell lineage commitment	1	57	0.0026	0.0016	1.6	0.33
70	385	lipid metabolic process	23	1633	0.0597	0.0465	1.28	0.88
70	385	heme binding	14	5655	0.0364	0.161	0.23	0.0
70	385	heparin binding	1	146	0.0026	0.0042	0.62	0.1
70	385	cellular response to testosterone stimulus	3	81	0.0078	0.0023	3.38	1.22
70	385	somite development	2	265	0.0052	0.0075	0.69	0.1
70	385	negative regulation of protein exit from endoplasmic reticulum	2	71	0.0052	0.002	2.57	0.74
70	385	negative regulation of DNA-templated transcription	1	80	0.0026	0.0023	1.14	0.23
70	385	negative regulation of ureter smooth muscle cell differentiation	1	54	0.0026	0.0015	1.69	0.35
70	385	negative regulation of platelet-derived growth factor receptor signaling pathway	19	19	0.0494	0.0005	91.21	37.44
70	385	riboflavin transmembrane transporter activity	1	767	0.0026	0.0218	0.12	0.0
70	385	cholesterol catabolic process	6	1254	0.0156	0.0357	0.44	0.0
70	385	SREBP-SCAP complex retention in endoplasmic reticulum	2	78	0.0052	0.0022	2.34	0.68
70	385	tissue development	1	476	0.0026	0.0136	0.19	0.0
70	385	mesenchymal to epithelial transition involved in metanephric renal vesicle formation	1	74	0.0026	0.0021	1.23	0.25
70	385	membrane raft	1	245	0.0026	0.007	0.37	0.03
70	385	nuclear inner membrane	1	247	0.0026	0.007	0.37	0.03
70	385	protein kinase activity	1	16	0.0026	0.0005	5.7	0.79
70	385	SREBP signaling pathway	2	94	0.0052	0.0027	1.94	0.56
70	385	polarity specification of anterior/posterior axis	1	55	0.0026	0.0016	1.66	0.34
70	385	androstan-3-alpha,17-beta-diol dehydrogenase (NAD+) activity	124	943	0.3221	0.0269	11.99	97.35
70	385	oxidoreductase activity, acting on the CH-CH group of donors, NAD or NADP as acceptor	8	16	0.0208	0.0005	45.61	11.64
70	385	positive regulation of ferroptosis	1	63	0.0026	0.0018	1.45	0.3
70	385	positive regulation of ureter smooth muscle cell differentiation	1	54	0.0026	0.0015	1.69	0.35
70	385	late endosome	1	102	0.0026	0.0029	0.89	0.17
70	385	positive regulation of apoptotic process	1	15	0.0026	0.0004	6.08	0.82
70	385	carboxylic ester hydrolase activity	2	572	0.0052	0.0163	0.32	0.01
70	385	peroxisome organization	2	485	0.0052	0.0138	0.38	0.01
70	385	estrogen metabolic process	124	1660	0.3221	0.0473	6.81	67.65
70	385	mitochondrial membrane	1	1052	0.0026	0.03	0.09	0.0
70	385	regulation of cell population proliferation	1	413	0.0026	0.0118	0.22	0.0
70	385	cholesterol biosynthetic process via desmosterol	1	288	0.0026	0.0082	0.32	0.02
70	385	response to axon injury	16	19	0.0416	0.0005	76.81	28.52
70	385	angiogenesis	1	83	0.0026	0.0024	1.1	0.22
70	385	peroxisomal matrix	2	1220	0.0052	0.0347	0.15	0.0
71	71	phosphatidylcholine transfer activity	67	80	0.9437	0.0023	414.23	189.47
71	71	phosphatidylethanolamine transfer activity	69	71	0.9718	0.002	480.67	208.59
71	71	plasma lipoprotein particle assembly	69	69	0.9718	0.002	494.61	211.98
71	71	triglyceride metabolic process	2	590	0.0282	0.0168	1.68	0.47
71	71	very-low-density lipoprotein particle assembly	1	79	0.0141	0.0022	6.26	0.83
71	71	protein secretion	69	72	0.9718	0.0021	474.0	207.21
71	71	cholesterol homeostasis	67	1948	0.9437	0.0555	17.01	78.73
71	71	lipid transporter activity	4	87	0.0563	0.0025	22.74	4.52
71	71	protein-containing complex binding	3	246	0.0423	0.007	6.03	1.86
71	71	cholesterol transfer activity	68	937	0.9577	0.0267	35.89	103.35
71	71	low-density lipoprotein particle remodeling	2	643	0.0282	0.0183	1.54	0.43
71	71	phospholipid transport	6	35	0.0845	0.001	84.79	10.07
71	71	response to calcium ion	3	69	0.0423	0.002	21.5	3.42
71	71	ceramide 1-phosphate transfer activity	68	68	0.9577	0.0019	494.61	207.92
71	71	lipid transport	3	4600	0.0423	0.131	0.32	0.0
71	71	triglyceride transfer activity	68	68	0.9577	0.0019	494.61	207.92
71	71	lipid binding	69	1476	0.9718	0.042	23.12	92.29
71	71	basolateral plasma membrane	67	3332	0.9437	0.0949	9.95	62.97
71	71	lipoprotein metabolic process	67	215	0.9437	0.0061	154.13	147.28
71	71	receptor complex	65	191	0.9155	0.0054	168.32	144.39
71	71	gene expression	2	124	0.0282	0.0035	7.98	1.58
71	71	cholesterol metabolic process	2	6083	0.0282	0.1732	0.16	0.0
71	71	endoplasmic reticulum lumen	1	52	0.0141	0.0015	9.51	1.0
71	71	triglyceride transport	68	643	0.9577	0.0183	52.31	114.97
71	71	protein heterodimerization activity	68	308	0.9577	0.0088	109.2	138.57
71	71	circadian rhythm	64	73	0.9014	0.0021	433.63	181.67
71	71	phospholipid transporter activity	13	596	0.1831	0.017	10.79	9.7
71	71	lipid metabolic process	4	1633	0.0563	0.0465	1.21	0.38
71	71	digestion	1	317	0.0141	0.009	1.56	0.32
71	71	brush border membrane	3	31	0.0423	0.0009	47.87	4.47
72	197	steroid biosynthetic process	1	557	0.0051	0.0159	0.32	0.02
72	197	steroid metabolic process	113	321	0.5736	0.0091	62.75	183.2
72	197	3-beta-hydroxysteroid 3-dehydrogenase (NADP+) activity	3	895	0.0152	0.0255	0.6	0.06
72	197	positive regulation of cell population proliferation	12	218	0.0609	0.0062	9.81	8.35
72	197	bile acid and bile salt transport	2	143	0.0102	0.0041	2.49	0.72
72	197	bile acid transmembrane transporter activity	1	1093	0.0051	0.0311	0.16	0.0
72	197	oxidoreductase activity, acting on the CH-OH group of donors, NAD or NADP as acceptor	1	274	0.0051	0.0078	0.65	0.1
72	197	negative regulation of apoptotic process	1	225	0.0051	0.0064	0.79	0.14
72	197	NADP+ binding	2	29	0.0102	0.0008	12.29	1.94
72	197	monooxygenase activity	39	196	0.198	0.0056	35.47	48.51
72	197	oxidoreductase activity, acting on NAD(P)H, quinone or similar compound as acceptor	19	77	0.0964	0.0022	43.99	25.57
72	197	steroid binding	2	1674	0.0102	0.0477	0.21	0.0
72	197	cellular response to starvation	7	71	0.0355	0.002	17.57	6.81
72	197	negative regulation of immature T cell proliferation in thymus	14	56	0.0711	0.0016	44.56	19.04
72	197	progesterone metabolic process	21	906	0.1066	0.0258	4.13	7.32
72	197	skeletal system development	15	56	0.0761	0.0016	47.75	20.88
72	197	sterol metabolic process	30	603	0.1523	0.0172	8.87	19.03
72	197	prostaglandin metabolic process	16	25	0.0812	0.0007	114.09	30.0
72	197	ketosteroid monooxygenase activity	23	28	0.1168	0.0008	146.43	47.37
72	197	developmental process involved in reproduction	1	60	0.0051	0.0017	2.97	0.54
72	197	response to light stimulus	26	141	0.132	0.004	32.87	31.3
72	197	cell-cell signaling	17	1430	0.0863	0.0407	2.12	2.52
72	197	alcohol metabolic process	106	119	0.5381	0.0034	158.79	237.01
72	197	skotomorphogenesis	13	43	0.066	0.0012	53.89	18.94
72	197	female pregnancy	2	16	0.0102	0.0005	22.28	2.45
72	197	cellular response to transforming growth factor beta stimulus	2	92	0.0102	0.0026	3.88	1.02
72	197	heart looping	14	135	0.0711	0.0038	18.49	13.39
72	197	prostaglandin E2 9-reductase activity	1	303	0.0051	0.0086	0.59	0.09
72	197	smoothened signaling pathway	17	1536	0.0863	0.0437	1.97	2.21
72	197	positive regulation of smoothened signaling pathway	17	196	0.0863	0.0056	15.46	14.85
72	197	xenobiotic metabolic process	1	499	0.0051	0.0142	0.36	0.03
72	197	intestinal cholesterol absorption	1	188	0.0051	0.0054	0.95	0.18
72	197	testosterone dehydrogenase (NADP+) activity	21	128	0.1066	0.0036	29.25	24.18
72	197	oxidoreductase activity, acting on paired donors, with incorporation or reduction of molecular oxygen	39	156	0.198	0.0044	44.56	52.79
72	197	patched binding	17	1613	0.0863	0.0459	1.88	2.01
72	197	system development	2	410	0.0102	0.0117	0.87	0.17
72	197	positive regulation of alpha-beta T cell differentiation	14	110	0.0711	0.0031	22.69	14.66
72	197	5-alpha-androstane-3-beta,17-beta-diol dehydrogenase (NADP+) activity	124	1008	0.6294	0.0287	21.93	140.18
72	197	branching morphogenesis of an epithelial tube	1	46	0.0051	0.0013	3.88	0.64
72	197	androgen metabolic process	1	1056	0.0051	0.0301	0.17	0.0
72	197	cholesterol homeostasis	1	1948	0.0051	0.0555	0.09	0.0
72	197	bile acid binding	17	34	0.0863	0.001	89.13	29.24
72	197	male gonad development	7	40	0.0355	0.0011	31.2	8.6
72	197	retinal metabolic process	13	27	0.066	0.0008	85.83	22.17
72	197	neuron fate commitment	1	51	0.0051	0.0015	3.5	0.6
72	197	positive regulation of reactive oxygen species metabolic process	13	47	0.066	0.0013	49.31	18.36
72	197	intein-mediated protein splicing	17	1354	0.0863	0.0386	2.24	2.76
72	197	positive regulation of T cell differentiation in thymus	14	112	0.0711	0.0032	22.28	14.55
72	197	3-alpha-hydroxysteroid 3-dehydrogenase [NAD(P)+] activity	126	137	0.6396	0.0039	163.95	290.85
72	197	G protein-coupled receptor signaling pathway	11	98	0.0558	0.0028	20.01	11.02
72	197	cell fate specification	17	1408	0.0863	0.0401	2.15	2.59
72	197	positive regulation of transcription by RNA polymerase II	1	282	0.0051	0.008	0.63	0.1
72	197	anatomical structure formation involved in morphogenesis	1	44	0.0051	0.0013	4.05	0.66
72	197	chordate embryonic development	1	46	0.0051	0.0013	3.88	0.64
72	197	extracellular matrix	14	179	0.0711	0.0051	13.94	11.7
72	197	protein autoprocessing	17	1424	0.0863	0.0406	2.13	2.54
72	197	calcium ion binding	17	1460	0.0863	0.0416	2.08	2.43
72	197	hormone metabolic process	107	125	0.5431	0.0036	152.59	235.11
72	197	15-hydroxyprostaglandin-D dehydrogenase (NADP+) activity	11	313	0.0558	0.0089	6.26	5.75
72	197	brassinosteroid biosynthetic process	37	772	0.1878	0.022	8.54	22.96
72	197	estrogen biosynthetic process	1	1149	0.0051	0.0327	0.16	0.0
72	197	Delta4-3-oxosteroid 5beta-reductase activity	11	23	0.0558	0.0007	85.25	18.78
72	197	cellular response to jasmonic acid stimulus	17	17	0.0863	0.0005	178.26	38.57
72	197	self proteolysis	1	78	0.0051	0.0022	2.29	0.45
72	197	all-trans-retinol dehydrogenase (NAD+) activity	11	29	0.0558	0.0008	67.62	17.38
72	197	monocarboxylic acid metabolic process	106	166	0.5381	0.0047	113.83	207.98
72	197	androsterone dehydrogenase [NAD(P)+] activity	23	38	0.1168	0.0011	107.89	42.19
72	197	cholesterol-protein transferase activity	1	77	0.0051	0.0022	2.32	0.45
72	197	peptidase activity	17	1425	0.0863	0.0406	2.13	2.54
72	197	NADPH binding	2	114	0.0102	0.0032	3.13	0.87
72	197	negative regulation of alpha-beta T cell differentiation	14	61	0.0711	0.0017	40.91	18.47
72	197	doxorubicin metabolic process	20	21	0.1015	0.0006	169.77	44.13
72	197	digestive tract development	1	50	0.0051	0.0014	3.57	0.61
72	197	retinal dehydrogenase (NAD+) activity	13	15	0.066	0.0004	154.49	27.42
72	197	aldose reductase (NADPH) activity	24	27	0.1218	0.0008	158.45	51.2
72	197	regulation of gene expression	17	1316	0.0863	0.0375	2.3	2.9
72	197	epithelial cell differentiation	6	96	0.0305	0.0027	11.14	4.75
72	197	brassinosteroid homeostasis	37	626	0.1878	0.0178	10.54	26.13
72	197	testosterone dehydrogenase (NAD+) activity	7	1038	0.0355	0.0296	1.2	0.44
72	197	response to estradiol	1	57	0.0051	0.0016	3.13	0.56
72	197	hippocampus development	1	15	0.0051	0.0004	11.88	1.09
72	197	bile acid biosynthetic process	1	520	0.0051	0.0148	0.34	0.02
72	197	testosterone biosynthetic process	9	46	0.0457	0.0013	34.88	11.38
72	197	estradiol 17-beta-dehydrogenase [NAD(P)+] activity	124	2847	0.6294	0.0811	7.76	83.76
72	197	heme binding	39	5655	0.198	0.161	1.23	1.02
72	197	response to nutrient	7	26	0.0355	0.0007	47.99	10.02
72	197	cellular response to testosterone stimulus	2	81	0.0102	0.0023	4.4	1.12
72	197	daunorubicin metabolic process	22	22	0.1117	0.0006	178.26	50.05
72	197	digestion	8	317	0.0406	0.009	4.5	3.35
72	197	somite development	14	265	0.0711	0.0075	9.42	9.42
72	197	androstan-3-alpha,17-beta-diol dehydrogenase (NAD+) activity	11	943	0.0558	0.0269	2.08	1.75
72	197	positive regulation of phosphatidylinositol 3-kinase/protein kinase B signal transduction	11	94	0.0558	0.0027	20.86	11.22
72	197	bile acid metabolic process	6	229	0.0305	0.0065	4.67	2.72
72	197	microtubule bundle formation	13	42	0.066	0.0012	55.18	19.09
72	197	all-trans-retinol dehydrogenase (NADP+) activity	2	25	0.0102	0.0007	14.26	2.06
73	115	organic anion transport	1	62	0.0087	0.0018	4.93	0.73
73	115	cholesterol efflux	2	528	0.0174	0.015	1.16	0.29
73	115	magnesium ion binding	91	681	0.7913	0.0194	40.81	134.14
73	115	developmental process	91	177	0.7913	0.005	157.0	196.91
73	115	secondary active transmembrane transporter activity	2	20	0.0174	0.0006	30.54	2.71
73	115	prostaglandin metabolic process	2	25	0.0174	0.0007	24.43	2.52
73	115	female pregnancy	2	16	0.0174	0.0005	38.17	2.91
73	115	multicellular organism growth	2	17	0.0174	0.0005	35.93	2.85
73	115	xenobiotic metabolic process	1	499	0.0087	0.0142	0.61	0.09
73	115	dendrite	89	1498	0.7739	0.0427	18.14	97.86
73	115	basal plasma membrane	2	44	0.0174	0.0013	13.88	2.04
73	115	response to estrogen	1	109	0.0087	0.0031	2.8	0.52
73	115	prostaglandin transmembrane transporter activity	19	438	0.1652	0.0125	13.25	15.44
73	115	prostaglandin transport	2	26	0.0174	0.0007	23.49	2.48
73	115	response to xenobiotic stimulus	2	98	0.0174	0.0028	6.23	1.38
73	115	alpha-ketoglutarate transmembrane transporter activity	16	65	0.1391	0.0019	75.17	25.48
73	115	apical plasma membrane	19	5067	0.1652	0.1443	1.15	0.53
73	115	postsynapse	2	1209	0.0174	0.0344	0.51	0.04
73	115	transmembrane transporter activity	2	79	0.0174	0.0022	7.73	1.56
73	115	response to toxic substance	2	39	0.0174	0.0011	15.66	2.14
73	115	catecholamine catabolic process	85	175	0.7391	0.005	148.32	178.89
73	115	methyltransferase activity	1	767	0.0087	0.0218	0.4	0.04
73	115	response to lipopolysaccharide	1	17	0.0087	0.0005	17.96	1.27
73	115	sodium-independent organic anion transport	1	35	0.0087	0.001	8.72	0.96
73	115	axon	89	485	0.7739	0.0138	56.04	143.7
73	115	basolateral plasma membrane	19	3332	0.1652	0.0949	1.74	1.93
73	115	dopamine metabolic process	85	173	0.7391	0.0049	150.03	179.47
73	115	monoatomic ion transport	19	380	0.1652	0.0108	15.27	16.57
73	115	dopamine catabolic process	9	28	0.0783	0.0008	98.15	15.69
73	115	gene expression	2	124	0.0174	0.0035	4.93	1.2
73	115	catechol O-methyltransferase activity	91	192	0.7913	0.0055	144.73	192.5
73	115	cognition	2	21	0.0174	0.0006	29.08	2.67
73	115	methylation	91	978	0.7913	0.0278	28.41	119.07
73	115	negative regulation of smooth muscle cell proliferation	2	25	0.0174	0.0007	24.43	2.52
73	115	lipid metabolic process	3	1633	0.0261	0.0465	0.56	0.04
73	115	response to hypoxia	2	20	0.0174	0.0006	30.54	2.71
73	115	estrogen metabolic process	2	1660	0.0174	0.0473	0.37	0.01
74	411	bile acid and bile salt transport	6	143	0.0146	0.0041	3.59	2.16
74	411	regulation of protein catabolic process	81	1256	0.1971	0.0358	5.51	35.83
74	411	lysosome organization	81	1281	0.1971	0.0365	5.4	35.22
74	411	regulation of TOR signaling	81	1275	0.1971	0.0363	5.43	35.37
74	411	symporter activity	1	26	0.0024	0.0007	3.29	0.58
74	411	regulation of macroautophagy	81	1271	0.1971	0.0362	5.45	35.47
74	411	glucosylceramide catabolic process	82	3041	0.1995	0.0866	2.3	12.14
74	411	apical plasma membrane	320	5067	0.7786	0.1443	5.4	185.62
74	411	microvillus	11	42	0.0268	0.0012	22.38	11.82
74	411	bile acid:sodium symporter activity	322	1238	0.7835	0.0353	22.22	300.0
74	411	regulation of membrane potential	81	1212	0.1971	0.0345	5.71	36.95
74	411	steryl-beta-glucosidase activity	4	640	0.0097	0.0182	0.53	0.03
74	411	beta-glucosidase activity	77	2348	0.1873	0.0669	2.8	15.79
74	411	galactosylceramidase activity	82	3865	0.1995	0.1101	1.81	7.16
74	411	lipid transport	1	4600	0.0024	0.131	0.02	-0.0
74	411	negative regulation of macromolecule metabolic process	81	1208	0.1971	0.0344	5.73	37.05
74	411	autophagy	81	1314	0.1971	0.0374	5.27	34.44
74	411	protein catabolic process	81	1210	0.1971	0.0345	5.72	37.0
74	411	glucosyltransferase activity	81	1332	0.1971	0.0379	5.2	34.02
74	411	lysosomal membrane	82	2454	0.1995	0.0699	2.86	17.34
74	411	cholesterol metabolic process	82	6083	0.1995	0.1732	1.15	1.05
74	411	signaling receptor binding	81	1444	0.1971	0.0411	4.79	31.57
74	411	sodium ion transport	1	25	0.0024	0.0007	3.42	0.59
74	411	glucosylceramidase activity	82	3857	0.1995	0.1098	1.82	7.19
75	173	organic anion transport	1	62	0.0058	0.0018	3.27	0.58
75	173	positive regulation of cell population proliferation	1	218	0.0058	0.0062	0.93	0.18
75	173	phosphatase activity	13	84	0.0751	0.0024	31.41	15.53
75	173	bile acid and bile salt transport	1	143	0.0058	0.0041	1.42	0.29
75	173	protein-folding chaperone binding	14	153	0.0809	0.0044	18.57	13.41
75	173	androgen receptor signaling pathway	1	86	0.0058	0.0024	2.36	0.46
75	173	RNA polymerase II-specific DNA-binding transcription factor binding	1	73	0.0058	0.0021	2.78	0.52
75	173	leukotriene transport	1	271	0.0058	0.0077	0.75	0.13
75	173	DNA-templated transcription	1	681	0.0058	0.0194	0.3	0.01
75	173	membraneless organelle assembly	1	73	0.0058	0.0021	2.78	0.52
75	173	sodium:potassium-exchanging ATPase complex	14	150	0.0809	0.0043	18.95	13.54
75	173	ATPase-coupled transmembrane transporter activity	1	67	0.0058	0.0019	3.03	0.55
75	173	steroid binding	1	1674	0.0058	0.0477	0.12	0.0
75	173	positive regulation of integrin biosynthetic process	1	73	0.0058	0.0021	2.78	0.52
75	173	RNA polymerase II core promoter sequence-specific DNA binding	1	52	0.0058	0.0015	3.9	0.64
75	173	steroid hormone binding	14	392	0.0809	0.0112	7.25	7.97
75	173	membrane repolarization	14	85	0.0809	0.0024	33.43	17.09
75	173	vacuolar membrane	1	40	0.0058	0.0011	5.07	0.75
75	173	ABC-type bile acid transporter activity	1	167	0.0058	0.0048	1.22	0.25
75	173	recycling endosome membrane	7	1550	0.0405	0.0441	0.92	0.19
75	173	lateral plasma membrane	14	164	0.0809	0.0047	17.33	12.99
75	173	response to glycoside	14	148	0.0809	0.0042	19.2	13.62
75	173	RNA polymerase II general transcription initiation factor binding	1	73	0.0058	0.0021	2.78	0.52
75	173	negative regulation of transcription by RNA polymerase II	1	416	0.0058	0.0118	0.49	0.06
75	173	ABC-type glutathione S-conjugate transporter activity	119	2783	0.6879	0.0792	8.68	88.43
75	173	early endosome membrane	7	384	0.0405	0.0109	3.7	2.51
75	173	chloride channel complex	7	380	0.0405	0.0108	3.74	2.54
75	173	ATPase binding	1	285	0.0058	0.0081	0.71	0.12
75	173	positive regulation of cell differentiation	1	75	0.0058	0.0021	2.71	0.51
75	173	nuclear speck	1	268	0.0058	0.0076	0.76	0.13
75	173	positive regulation of miRNA transcription	1	160	0.0058	0.0046	1.27	0.26
75	173	sodium ion export across plasma membrane	14	149	0.0809	0.0042	19.07	13.58
75	173	transcription coactivator binding	1	297	0.0058	0.0085	0.68	0.11
75	173	intracellular potassium ion homeostasis	14	149	0.0809	0.0042	19.07	13.58
75	173	transmembrane transport	11	127	0.0636	0.0036	17.58	10.39
75	173	ABC-type xenobiotic transporter activity	119	3551	0.6879	0.1011	6.8	76.15
75	173	positive regulation of gene expression	1	432	0.0058	0.0123	0.47	0.05
75	173	negative regulation of cell population proliferation	1	97	0.0058	0.0028	2.09	0.42
75	173	apical plasma membrane	133	5067	0.7688	0.1443	5.33	75.61
75	173	transmembrane transporter activity	1	79	0.0058	0.0022	2.57	0.49
75	173	cellular response to estrogen stimulus	1	94	0.0058	0.0027	2.16	0.43
75	173	beta-catenin binding	1	229	0.0058	0.0065	0.89	0.17
75	173	protein-containing complex	1	462	0.0058	0.0132	0.44	0.05
75	173	chromatin binding	1	237	0.0058	0.0067	0.86	0.16
75	173	osmosensory signaling pathway	13	80	0.0751	0.0023	32.99	15.82
75	173	intracellular sodium ion homeostasis	14	151	0.0809	0.0043	18.82	13.49
75	173	proton transmembrane transport	14	142	0.0809	0.004	20.01	13.87
75	173	RNA polymerase II cis-regulatory region sequence-specific DNA binding	1	466	0.0058	0.0133	0.44	0.05
75	173	molecular condensate scaffold activity	1	73	0.0058	0.0021	2.78	0.52
75	173	transmembrane transporter binding	13	211	0.0751	0.006	12.51	10.3
75	173	nuclear steroid receptor activity	1	177	0.0058	0.005	1.15	0.23
75	173	postsynaptic density	13	337	0.0751	0.0096	7.83	7.83
75	173	lipid transport	118	4600	0.6821	0.131	5.21	62.19
75	173	sperm flagellum	14	85	0.0809	0.0024	33.43	17.09
75	173	potassium ion import across plasma membrane	14	150	0.0809	0.0043	18.95	13.54
75	173	cellular response to steroid hormone stimulus	14	172	0.0809	0.0049	16.52	12.71
75	173	basolateral plasma membrane	131	3332	0.7572	0.0949	7.98	96.25
75	173	chromatin	1	207	0.0058	0.0059	0.98	0.19
75	173	DNA-binding transcription activator activity, RNA polymerase II-specific	1	483	0.0058	0.0138	0.42	0.04
75	173	T-tubule	14	150	0.0809	0.0043	18.95	13.54
75	173	signaling receptor binding	1	1444	0.0058	0.0411	0.14	0.0
75	173	androgen binding	1	88	0.0058	0.0025	2.31	0.45
75	173	cytoplasmic vesicle membrane	1	260	0.0058	0.0074	0.78	0.14
75	173	organelle membrane	14	154	0.0809	0.0044	18.45	13.38
75	173	positive regulation of transcription by RNA polymerase III	1	73	0.0058	0.0021	2.78	0.52
75	173	estrogen receptor signaling pathway	1	186	0.0058	0.0053	1.09	0.22
75	173	cellular response to testosterone stimulus	1	81	0.0058	0.0023	2.51	0.48
75	173	xenobiotic transport	1	48	0.0058	0.0014	4.23	0.68
75	173	POU domain binding	1	52	0.0058	0.0015	3.9	0.64
75	173	P-type sodium:potassium-exchanging transporter activity	14	150	0.0809	0.0043	18.95	13.54
75	173	ABC-type transporter activity	11	245	0.0636	0.007	9.11	7.37
75	173	intracellularly ATP-gated chloride channel activity	7	380	0.0405	0.0108	3.74	2.54
76	463	positive regulation of bile acid secretion	14	80	0.0302	0.0023	13.27	11.57
76	463	phospholipid homeostasis	14	762	0.0302	0.0217	1.39	0.87
76	463	intercellular canaliculus	14	147	0.0302	0.0042	7.22	7.97
76	463	bile acid transmembrane transporter activity	404	1093	0.8726	0.0311	28.03	300.0
76	463	canalicular bile acid transmembrane transporter activity	17	108	0.0367	0.0031	11.94	13.12
76	463	stamen development	2	473	0.0043	0.0135	0.32	0.01
76	463	ATPase-coupled transmembrane transporter activity	3	67	0.0065	0.0019	3.4	1.23
76	463	ABC-type bile acid transporter activity	16	167	0.0346	0.0048	7.27	9.06
76	463	recycling endosome membrane	421	1550	0.9093	0.0441	20.6	300.0
76	463	protein ubiquitination	15	83	0.0324	0.0024	13.71	12.57
76	463	xenobiotic metabolic process	15	499	0.0324	0.0142	2.28	2.54
76	463	xenobiotic transmembrane transport	15	187	0.0324	0.0053	6.08	7.48
76	463	regulation of fatty acid beta-oxidation	14	80	0.0302	0.0023	13.27	11.57
76	463	xenobiotic export from cell	15	160	0.0324	0.0046	7.11	8.4
76	463	brassinosteroid mediated signaling pathway	2	36	0.0043	0.001	4.21	1.09
76	463	transmembrane transport	4	127	0.0086	0.0036	2.39	1.06
76	463	ABC-type xenobiotic transporter activity	15	3551	0.0324	0.1011	0.32	0.0
76	463	cholesterol homeostasis	14	1948	0.0302	0.0555	0.55	0.0
76	463	apical plasma membrane	421	5067	0.9093	0.1443	6.3	300.0
76	463	ABC-type oligopeptide transporter activity	408	1132	0.8812	0.0322	27.34	300.0
76	463	fatty acid metabolic process	14	1010	0.0302	0.0288	1.05	0.33
76	463	canalicular bile acid transport	406	1083	0.8769	0.0308	28.43	300.0
76	463	oligopeptide export from mitochondrion	408	1132	0.8812	0.0322	27.34	300.0
76	463	ABC-type transporter activity	13	245	0.0281	0.007	4.02	4.59
76	463	bile acid metabolic process	15	229	0.0324	0.0065	4.97	6.34
77	184	estrogen 16-alpha-hydroxylase activity	74	240	0.4022	0.0068	58.85	113.28
77	184	vitamin D metabolic process	2	67	0.0109	0.0019	5.7	1.32
77	184	steroid biosynthetic process	1	557	0.0054	0.0159	0.34	0.02
77	184	steroid metabolic process	13	321	0.0707	0.0091	7.73	7.76
77	184	sterol 14-demethylase activity	55	2241	0.2989	0.0638	4.68	21.99
77	184	lipid hydroxylation	73	164	0.3967	0.0047	84.95	126.08
77	184	central nervous system neuron development	1	72	0.0054	0.0021	2.65	0.5
77	184	retinoic acid 4-hydroxylase activity	70	100	0.3804	0.0028	133.6	140.79
77	184	DNA-templated transcription	15	681	0.0815	0.0194	4.2	5.46
77	184	protein serine/threonine kinase activity	12	50	0.0652	0.0014	45.8	16.52
77	184	monooxygenase activity	6	196	0.0326	0.0056	5.84	3.21
77	184	enzyme binding	13	350	0.0707	0.01	7.09	7.32
77	184	steroid binding	13	1674	0.0707	0.0477	1.48	0.99
77	184	demethylase activity	1	60	0.0054	0.0017	3.18	0.57
77	184	monoterpenoid metabolic process	12	71	0.0652	0.002	32.26	14.54
77	184	xenobiotic catabolic process	72	191	0.3913	0.0054	71.94	117.62
77	184	xenobiotic metabolic process	7	499	0.038	0.0142	2.68	1.78
77	184	steroid hydroxylase activity	4	153	0.0217	0.0044	4.99	2.06
77	184	glycoside catabolic process	1	73	0.0054	0.0021	2.61	0.5
77	184	promoter-specific chromatin binding	15	163	0.0815	0.0046	17.56	13.98
77	184	alkaloid catabolic process	72	102	0.3913	0.0029	134.72	145.46
77	184	glycolipid biosynthetic process	1	144	0.0054	0.0041	1.33	0.27
77	184	estrogen 2-hydroxylase activity	16	161	0.087	0.0046	18.97	15.41
77	184	regulation of actin filament polymerization	1	72	0.0054	0.0021	2.65	0.5
77	184	positive regulation of gene expression	1	432	0.0054	0.0123	0.44	0.05
77	184	androgen metabolic process	1	1056	0.0054	0.0301	0.18	0.0
77	184	protein-containing complex binding	15	246	0.0815	0.007	11.64	11.36
77	184	central nervous system development	11	1381	0.0598	0.0393	1.52	0.95
77	184	sterol ester esterase activity	1	2104	0.0054	0.0599	0.09	0.0
77	184	cytoskeleton	1	184	0.0054	0.0052	1.04	0.21
77	184	glucosylceramide catabolic process	12	3041	0.0652	0.0866	0.75	0.05
77	184	lipid catabolic process	5	1122	0.0272	0.032	0.85	0.15
77	184	steroid catabolic process	2	962	0.0109	0.0274	0.4	0.02
77	184	glycosyltransferase activity	11	704	0.0598	0.02	2.98	2.89
77	184	cholesterol binding	15	1642	0.0815	0.0468	1.74	1.58
77	184	caffeine oxidase activity	13	71	0.0707	0.002	34.94	16.19
77	184	methyltransferase activity	24	767	0.1304	0.0218	5.97	11.56
77	184	small molecule biosynthetic process	1	35	0.0054	0.001	5.45	0.77
77	184	DNA-binding transcription factor activity, RNA polymerase II-specific	1	18	0.0054	0.0005	10.6	1.04
77	184	protein-containing complex	15	462	0.0815	0.0132	6.2	7.59
77	184	protein domain specific binding	15	91	0.0815	0.0026	31.46	17.87
77	184	regulation of microtubule polymerization	1	72	0.0054	0.0021	2.65	0.5
77	184	steryl-beta-glucosidase activity	2	640	0.0109	0.0182	0.6	0.07
77	184	beta-glucosidase activity	10	2348	0.0543	0.0669	0.81	0.1
77	184	RNA polymerase II cis-regulatory region sequence-specific DNA binding	15	466	0.0815	0.0133	6.14	7.54
77	184	galactosylceramidase activity	12	3865	0.0652	0.1101	0.59	0.01
77	184	testosterone 6-beta-hydroxylase activity	58	82	0.3152	0.0023	134.99	116.17
77	184	regulation of membrane lipid distribution	1	72	0.0054	0.0021	2.65	0.5
77	184	oxidative demethylation	75	163	0.4076	0.0046	87.82	131.17
77	184	retinoic acid metabolic process	69	107	0.375	0.003	123.07	134.65
77	184	vitamin D3 25-hydroxylase activity	13	18	0.0707	0.0005	137.84	25.91
77	184	regulation of transcription by RNA polymerase II	1	97	0.0054	0.0028	1.97	0.4
77	184	retinol metabolic process	14	473	0.0761	0.0135	5.65	6.63
77	184	glucosyltransferase activity	1	1332	0.0054	0.0379	0.14	0.0
77	184	vitamin D 24-hydroxylase activity	13	75	0.0707	0.0021	33.08	15.86
77	184	cholesterol metabolic process	56	6083	0.3043	0.1732	1.76	5.06
77	184	DNA-binding transcription activator activity, RNA polymerase II-specific	15	483	0.0815	0.0138	5.93	7.34
77	184	oxidoreductase activity, acting on paired donors, with incorporation or reduction of molecular oxygen, reduced flavin or flavoprotein as one donor, and incorporation of one atom of oxygen	1	92	0.0054	0.0026	2.07	0.42
77	184	oxygen binding	63	95	0.3424	0.0027	126.57	123.65
77	184	methylation	24	978	0.1304	0.0278	4.68	9.4
77	184	glucosylceramidase activity	12	3857	0.0652	0.1098	0.59	0.01
77	184	carbohydrate metabolic process	12	798	0.0652	0.0227	2.87	2.96
77	184	lipid metabolic process	1	1633	0.0054	0.0465	0.12	0.0
77	184	heme binding	130	5655	0.7065	0.161	4.39	60.47
77	184	xenobiotic transport	1	48	0.0054	0.0014	3.98	0.65
77	184	intracellular membrane-bounded organelle	2	19	0.0109	0.0005	20.09	2.36
77	184	protein kinase activity	13	16	0.0707	0.0005	155.07	27.09
77	184	aflatoxin metabolic process	62	92	0.337	0.0026	128.62	122.32
77	184	bile acid metabolic process	1	229	0.0054	0.0065	0.83	0.15
77	184	estrogen metabolic process	73	1660	0.3967	0.0473	8.39	47.17
78	153	bile acid and bile salt transport	3	143	0.0196	0.0041	4.82	1.6
78	153	leukotriene transport	20	271	0.1307	0.0077	16.94	18.21
78	153	ATPase-coupled transmembrane transporter activity	3	67	0.0196	0.0019	10.28	2.5
78	153	ABC-type bile acid transporter activity	3	167	0.0196	0.0048	4.12	1.43
78	153	ABC-type glutathione S-conjugate transporter activity	93	2783	0.6078	0.0792	7.67	61.76
78	153	xenobiotic metabolic process	1	499	0.0065	0.0142	0.46	0.05
78	153	basal plasma membrane	3	44	0.0196	0.0013	15.65	3.03
78	153	negative regulation of cholesterol biosynthetic process	6	78	0.0392	0.0022	17.66	5.91
78	153	xenobiotic transmembrane transport	20	187	0.1307	0.0053	24.55	21.45
78	153	icosanoid transmembrane transporter activity	20	20	0.1307	0.0006	229.52	47.78
78	153	transmembrane transport	7	127	0.0458	0.0036	12.65	5.82
78	153	ABC-type xenobiotic transporter activity	93	3551	0.6078	0.1011	6.01	52.39
78	153	glucuronoside transmembrane transporter activity	20	20	0.1307	0.0006	229.52	47.78
78	153	cholesterol binding	7	1642	0.0458	0.0468	0.98	0.24
78	153	protein-containing complex	7	462	0.0458	0.0132	3.48	2.37
78	153	response to lipopolysaccharide	1	17	0.0065	0.0005	13.5	1.15
78	153	lipid transport	73	4600	0.4771	0.131	3.64	24.6
78	153	regulation of cholesterol biosynthetic process	5	17	0.0327	0.0005	67.51	8.06
78	153	basolateral plasma membrane	20	3332	0.1307	0.0949	1.38	1.05
78	153	canalicular bile acid transport	2	1083	0.0131	0.0308	0.42	0.02
78	153	xenobiotic transmembrane transporter activity	3	36	0.0196	0.001	19.13	3.28
78	153	response to estradiol	1	57	0.0065	0.0016	4.03	0.66
78	153	cholesterol metabolic process	6	6083	0.0392	0.1732	0.23	0.0
78	153	xenobiotic transport	3	48	0.0196	0.0014	14.35	2.92
78	153	membrane raft	4	245	0.0261	0.007	3.75	1.65
78	153	ABC-type transporter activity	1	245	0.0065	0.007	0.94	0.18
78	153	SREBP signaling pathway	7	94	0.0458	0.0027	17.09	6.71
79	149	sodium ion binding	66	66	0.443	0.0019	235.68	163.99
79	149	nuclear receptor activity	4	205	0.0268	0.0058	4.6	1.94
79	149	ADP binding	2	24	0.0134	0.0007	19.64	2.33
79	149	phosphatase activity	67	84	0.4497	0.0024	187.99	149.23
79	149	sarcolemma	7	81	0.047	0.0023	20.37	7.24
79	149	regulation of striated muscle contraction	45	45	0.302	0.0013	235.68	109.97
79	149	protein-folding chaperone binding	135	153	0.906	0.0044	207.96	300.0
79	149	positive regulation of circadian rhythm	2	72	0.0134	0.0021	6.55	1.42
79	149	DNA-templated transcription	5	681	0.0336	0.0194	1.73	0.78
79	149	sodium:potassium-exchanging ATPase complex	136	150	0.9128	0.0043	213.69	300.0
79	149	steroid binding	2	1674	0.0134	0.0477	0.28	0.0
79	149	steroid hormone binding	136	392	0.9128	0.0112	81.77	258.81
79	149	sequence-specific double-stranded DNA binding	2	17	0.0134	0.0005	27.73	2.63
79	149	membrane repolarization	71	85	0.4765	0.0024	196.87	161.61
79	149	ATP metabolic process	63	70	0.4228	0.002	212.12	147.08
79	149	cell communication	46	47	0.3087	0.0013	230.67	110.83
79	149	lateral plasma membrane	71	164	0.4765	0.0047	102.03	129.74
79	149	response to glycoside	134	148	0.8993	0.0042	213.39	300.0
79	149	external side of plasma membrane	1	25	0.0067	0.0007	9.43	1.0
79	149	negative regulation of transcription by RNA polymerase II	1	416	0.0067	0.0118	0.57	0.08
79	149	xenobiotic metabolic process	2	499	0.0134	0.0142	0.94	0.2
79	149	ATPase binding	1	285	0.0067	0.0081	0.83	0.15
79	149	regulation of DNA-templated transcription	1	26	0.0067	0.0007	9.06	0.98
79	149	sodium ion export across plasma membrane	135	149	0.906	0.0042	213.54	300.0
79	149	transcription coactivator binding	1	297	0.0067	0.0085	0.79	0.14
79	149	cell projection	63	69	0.4228	0.002	215.19	148.07
79	149	intracellular potassium ion homeostasis	135	149	0.906	0.0042	213.54	300.0
79	149	transmembrane transport	2	127	0.0134	0.0036	3.71	0.99
79	149	potassium ion binding	67	67	0.4497	0.0019	235.68	166.62
79	149	oxysterol binding	3	423	0.0201	0.012	1.67	0.57
79	149	response to xenobiotic stimulus	2	98	0.0134	0.0028	4.81	1.19
79	149	regulation of heart contraction	45	45	0.302	0.0013	235.68	109.97
79	149	protein kinase binding	2	330	0.0134	0.0094	1.43	0.39
79	149	apical plasma membrane	71	5067	0.4765	0.1443	3.3	21.41
79	149	cholesterol binding	1	1642	0.0067	0.0468	0.14	0.0
79	149	melanosome	26	71	0.1745	0.002	86.31	43.5
79	149	DNA-binding transcription factor activity, RNA polymerase II-specific	1	18	0.0067	0.0005	13.09	1.13
79	149	circadian regulation of gene expression	2	72	0.0134	0.0021	6.55	1.42
79	149	sequence-specific DNA binding	1	90	0.0067	0.0026	2.62	0.5
79	149	DNA-binding transcription repressor activity, RNA polymerase II-specific	1	87	0.0067	0.0025	2.71	0.51
79	149	protein-containing complex	3	462	0.0201	0.0132	1.53	0.51
79	149	blood circulation	46	51	0.3087	0.0015	212.58	106.13
79	149	protein domain specific binding	2	91	0.0134	0.0026	5.18	1.24
79	149	osmosensory signaling pathway	67	80	0.4497	0.0023	197.39	152.13
79	149	intracellular sodium ion homeostasis	135	151	0.906	0.0043	210.71	300.0
79	149	proton transmembrane transport	127	142	0.8523	0.004	210.79	300.0
79	149	RNA polymerase II cis-regulatory region sequence-specific DNA binding	3	466	0.0201	0.0133	1.52	0.5
79	149	transmembrane transporter binding	67	211	0.4497	0.006	74.84	110.72
79	149	amyloid-beta binding	1	79	0.0067	0.0022	2.98	0.54
79	149	T-helper 17 cell differentiation	2	72	0.0134	0.0021	6.55	1.42
79	149	regulation of steroid metabolic process	2	72	0.0134	0.0021	6.55	1.42
79	149	caveola	3	1185	0.0201	0.0337	0.6	0.05
79	149	nuclear steroid receptor activity	2	177	0.0134	0.005	2.66	0.76
79	149	postsynaptic density	67	337	0.4497	0.0096	46.86	95.16
79	149	positive regulation of DNA-templated transcription	2	326	0.0134	0.0093	1.45	0.39
79	149	sperm flagellum	71	85	0.4765	0.0024	196.87	161.61
79	149	axon	27	485	0.1812	0.0138	13.12	21.65
79	149	cell differentiation	1	459	0.0067	0.0131	0.51	0.07
79	149	cellular response to amyloid-beta	1	40	0.0067	0.0011	5.89	0.81
79	149	potassium ion import across plasma membrane	135	150	0.906	0.0043	212.12	300.0
79	149	cellular response to steroid hormone stimulus	136	172	0.9128	0.0049	186.36	300.0
79	149	basolateral plasma membrane	70	3332	0.4698	0.0949	4.95	31.64
79	149	neuronal cell body	63	162	0.4228	0.0046	91.66	110.43
79	149	regulation of transcription by RNA polymerase II	3	97	0.0201	0.0028	7.29	2.08
79	149	DNA-binding transcription factor activity	3	45	0.0201	0.0013	15.71	3.03
79	149	estrogen response element binding	1	153	0.0067	0.0044	1.54	0.32
79	149	chromatin	1	207	0.0067	0.0059	1.14	0.23
79	149	T-tubule	135	150	0.906	0.0043	212.12	300.0
79	149	protein heterodimerization activity	3	308	0.0201	0.0088	2.3	0.84
79	149	endosome	3	134	0.0201	0.0038	5.28	1.71
79	149	organelle membrane	135	154	0.906	0.0044	206.61	300.0
79	149	sodium ion transport	2	25	0.0134	0.0007	18.85	2.3
79	149	response to auditory stimulus	62	62	0.4161	0.0018	235.68	153.54
79	149	regulation of glucose metabolic process	2	103	0.0134	0.0029	4.58	1.15
79	149	P-type sodium:potassium-exchanging transporter activity	136	150	0.9128	0.0043	213.69	300.0
79	149	locomotory exploration behavior	62	62	0.4161	0.0018	235.68	153.54
79	149	membrane raft	1	245	0.0067	0.007	0.96	0.19
79	149	cellular response to sterol	1	75	0.0067	0.0021	3.14	0.56
79	149	synapse	1	95	0.0067	0.0027	2.48	0.48
80	185	steroid metabolic process	2	321	0.0108	0.0091	1.18	0.3
80	185	sterol 14-demethylase activity	96	2241	0.5189	0.0638	8.13	63.59
80	185	presynapse	16	1207	0.0865	0.0344	2.52	3.16
80	185	acetyl-CoA C-myristoyltransferase activity	40	1462	0.2162	0.0416	5.19	17.19
80	185	dendrite	16	1498	0.0865	0.0427	2.03	2.22
80	185	acetyl-CoA C-acyltransferase activity	40	1462	0.2162	0.0416	5.19	17.19
80	185	cholesterol 24-hydroxylase activity	16	1202	0.0865	0.0342	2.53	3.18
80	185	glucosylceramide catabolic process	11	3041	0.0595	0.0866	0.69	0.03
80	185	postsynapse	16	1209	0.0865	0.0344	2.51	3.15
80	185	methyltransferase activity	85	767	0.4595	0.0218	21.04	89.87
80	185	small molecule biosynthetic process	4	35	0.0216	0.001	21.69	4.46
80	185	steryl-beta-glucosidase activity	4	640	0.0216	0.0182	1.19	0.36
80	185	galactosylceramidase activity	11	3865	0.0595	0.1101	0.54	0.0
80	185	lipid transport	40	4600	0.2162	0.131	1.65	3.05
80	185	lipid binding	40	1476	0.2162	0.042	5.14	17.05
80	185	peroxisome	40	1627	0.2162	0.0463	4.67	15.61
80	185	lysosomal membrane	11	2454	0.0595	0.0699	0.85	0.12
80	185	cholesterol metabolic process	104	6083	0.5622	0.1732	3.25	32.19
80	185	methylation	85	978	0.4595	0.0278	16.5	80.69
80	185	glucosylceramidase activity	11	3857	0.0595	0.1098	0.54	0.0
80	185	lipid metabolic process	40	1633	0.2162	0.0465	4.65	15.56
80	185	heme binding	112	5655	0.6054	0.161	3.76	41.97
80	185	cholesterol catabolic process	16	1254	0.0865	0.0357	2.42	2.98
81	131	central nervous system development	128	1381	0.9771	0.0393	24.85	176.9
81	131	glucosylceramide catabolic process	129	3041	0.9847	0.0866	11.37	134.3
81	131	glycosyltransferase activity	129	704	0.9847	0.02	49.12	220.45
81	131	steryl-beta-glucosidase activity	4	640	0.0305	0.0182	1.68	0.66
81	131	beta-glucosidase activity	125	2348	0.9542	0.0669	14.27	138.59
81	131	galactosylceramidase activity	129	3865	0.9847	0.1101	8.95	120.63
81	131	cholesterol metabolic process	129	6083	0.9847	0.1732	5.68	94.94
81	131	glucosylceramidase activity	129	3857	0.9847	0.1098	8.97	120.75
81	131	carbohydrate metabolic process	129	798	0.9847	0.0227	43.33	212.75
82	283	nuclear receptor activity	30	205	0.106	0.0058	18.16	28.07
82	283	Hsp90 protein binding	1	97	0.0035	0.0028	1.28	0.26
82	283	positive regulation of cell population proliferation	78	218	0.2756	0.0062	44.4	108.23
82	283	sterol 14-demethylase activity	103	2241	0.364	0.0638	5.7	49.67
82	283	presynapse	3	1207	0.0106	0.0344	0.31	0.0
82	283	regulation of protein catabolic process	12	1256	0.0424	0.0358	1.19	0.5
82	283	female gonad development	6	47	0.0212	0.0013	15.84	5.67
82	283	steroid 21-monooxygenase activity	1	53	0.0035	0.0015	2.34	0.46
82	283	androgen receptor signaling pathway	81	86	0.2862	0.0024	116.87	167.55
82	283	RNA polymerase II-specific DNA-binding transcription factor binding	70	73	0.2473	0.0021	118.99	145.8
82	283	lysosome organization	12	1281	0.0424	0.0365	1.16	0.47
82	283	response to steroid hormone	1	23	0.0035	0.0007	5.4	0.77
82	283	DNA-templated transcription	149	681	0.5265	0.0194	27.15	179.81
82	283	signal transduction	2	91	0.0071	0.0026	2.73	0.78
82	283	membraneless organelle assembly	70	73	0.2473	0.0021	118.99	145.8
82	283	acyl-CoA metabolic process	3	585	0.0106	0.0167	0.64	0.07
82	283	negative regulation of gene expression	56	363	0.1979	0.0103	19.14	54.06
82	283	response to ethanol	2	23	0.0071	0.0007	10.79	1.83
82	283	enzyme binding	5	350	0.0177	0.01	1.77	0.81
82	283	apoptotic process	1	313	0.0035	0.0089	0.4	0.04
82	283	steroid binding	147	1674	0.5194	0.0477	10.9	115.88
82	283	response to cortisol	2	50	0.0071	0.0014	4.96	1.21
82	283	positive regulation of integrin biosynthetic process	70	73	0.2473	0.0021	118.99	145.8
82	283	progesterone metabolic process	1	906	0.0035	0.0258	0.14	0.0
82	283	RNA polymerase II core promoter sequence-specific DNA binding	49	52	0.1731	0.0015	116.93	100.16
82	283	inflammatory response	1	105	0.0035	0.003	1.18	0.24
82	283	nuclear receptor-mediated steroid hormone signaling pathway	9	50	0.0318	0.0014	22.34	9.63
82	283	cholesterol biosynthetic process	2	2414	0.0071	0.0687	0.1	0.0
82	283	steroid hormone binding	3	392	0.0106	0.0112	0.95	0.21
82	283	sterol metabolic process	1	603	0.0035	0.0172	0.21	0.0
82	283	sequence-specific double-stranded DNA binding	2	17	0.0071	0.0005	14.6	2.09
82	283	cell-cell signaling	2	1430	0.0071	0.0407	0.17	0.0
82	283	intracellular receptor signaling pathway	11	24	0.0389	0.0007	56.87	16.76
82	283	RNA polymerase II general transcription initiation factor binding	70	73	0.2473	0.0021	118.99	145.8
82	283	regulation of TOR signaling	12	1275	0.0424	0.0363	1.17	0.48
82	283	negative regulation of transcription by RNA polymerase II	70	416	0.2473	0.0118	20.88	70.91
82	283	multicellular organism growth	2	17	0.0071	0.0005	14.6	2.09
82	283	xenobiotic metabolic process	1	499	0.0035	0.0142	0.25	0.01
82	283	steroid hydroxylase activity	5	153	0.0177	0.0044	4.06	2.09
82	283	dendrite	5	1498	0.0177	0.0427	0.41	0.0
82	283	medium-chain fatty acyl-CoA hydrolase activity	3	84	0.0106	0.0024	4.43	1.51
82	283	ATPase binding	126	285	0.4452	0.0081	54.86	194.8
82	283	long-chain fatty acyl-CoA hydrolase activity	3	84	0.0106	0.0024	4.43	1.51
82	283	positive regulation of cell differentiation	70	75	0.2473	0.0021	115.82	143.36
82	283	regulation of DNA-templated transcription	4	26	0.0141	0.0007	19.09	4.27
82	283	nuclear speck	70	268	0.2473	0.0076	32.41	85.52
82	283	response to estrogen	1	109	0.0035	0.0031	1.14	0.23
82	283	positive regulation of miRNA transcription	70	160	0.2473	0.0046	54.29	104.4
82	283	transcription coactivator binding	126	297	0.4452	0.0085	52.64	191.87
82	283	liver development	3	31	0.0106	0.0009	12.01	2.71
82	283	cholesterol 24-hydroxylase activity	3	1202	0.0106	0.0342	0.31	0.0
82	283	positive regulation of gene expression	81	432	0.2862	0.0123	23.27	86.72
82	283	24S-hydroxycholesterol 7-alpha-hydroxylase activity	43	310	0.1519	0.0088	17.21	39.24
82	283	maintenance of protein location in nucleus	56	66	0.1979	0.0019	105.29	108.47
82	283	cholesterol homeostasis	102	1948	0.3604	0.0555	6.5	54.4
82	283	male gonad development	15	40	0.053	0.0011	46.53	21.04
82	283	regulation of macroautophagy	12	1271	0.0424	0.0362	1.17	0.48
82	283	cytoskeleton	1	184	0.0035	0.0052	0.67	0.11
82	283	glucosylceramide catabolic process	12	3041	0.0424	0.0866	0.49	0.0
82	283	molecular adaptor activity	3	17	0.0106	0.0005	21.9	3.49
82	283	negative regulation of cell population proliferation	70	97	0.2473	0.0028	89.55	126.79
82	283	postsynapse	3	1209	0.0106	0.0344	0.31	0.0
82	283	oxysterol 7-alpha-hydroxylase activity	99	393	0.3498	0.0112	31.26	121.39
82	283	positive regulation of transcription by RNA polymerase II	21	282	0.0742	0.008	9.24	13.69
82	283	cellular response to estrogen stimulus	70	94	0.2473	0.0027	92.41	128.48
82	283	DNA-binding transcription factor activity, RNA polymerase II-specific	3	18	0.0106	0.0005	20.68	3.41
82	283	beta-catenin binding	78	229	0.2756	0.0065	42.27	106.21
82	283	sequence-specific DNA binding	12	90	0.0424	0.0026	16.55	11.03
82	283	protein-containing complex	70	462	0.2473	0.0132	18.8	67.56
82	283	chromatin binding	70	237	0.2473	0.0067	36.65	89.8
82	283	protein domain specific binding	2	91	0.0071	0.0026	2.73	0.78
82	283	mineralocorticoid biosynthetic process	1	59	0.0035	0.0017	2.1	0.42
82	283	response to insulin	1	16	0.0035	0.0005	7.76	0.92
82	283	regulation of membrane potential	12	1212	0.0424	0.0345	1.23	0.56
82	283	steryl-beta-glucosidase activity	4	640	0.0141	0.0182	0.78	0.12
82	283	beta-glucosidase activity	8	2348	0.0283	0.0669	0.42	0.0
82	283	RNA polymerase II cis-regulatory region sequence-specific DNA binding	112	466	0.3958	0.0133	29.82	136.05
82	283	molecular condensate scaffold activity	70	73	0.2473	0.0021	118.99	145.8
82	283	innate immune response	1	99	0.0035	0.0028	1.25	0.26
82	283	fatty acid metabolic process	3	1010	0.0106	0.0288	0.37	0.0
82	283	positive regulation of MAPK cascade	2	82	0.0071	0.0023	3.03	0.85
82	283	galactosylceramidase activity	12	3865	0.0424	0.1101	0.39	0.0
82	283	nuclear steroid receptor activity	144	177	0.5088	0.005	100.95	285.03
82	283	positive regulation of DNA-templated transcription	3	326	0.0106	0.0093	1.14	0.31
82	283	axon	2	485	0.0071	0.0138	0.51	0.04
82	283	acyltransferase activity	1	16	0.0035	0.0005	7.76	0.92
82	283	negative regulation of macromolecule metabolic process	12	1208	0.0424	0.0344	1.23	0.57
82	283	autophagy	12	1314	0.0424	0.0374	1.13	0.43
82	283	fatty acyl-CoA hydrolase activity	3	501	0.0106	0.0143	0.74	0.11
82	283	cellular response to steroid hormone stimulus	3	172	0.0106	0.0049	2.16	0.79
82	283	protein catabolic process	12	1210	0.0424	0.0345	1.23	0.57
82	283	regulation of gene expression	2	1316	0.0071	0.0375	0.19	0.0
82	283	hydroperoxy icosatetraenoate dehydratase activity	1	512	0.0035	0.0146	0.24	0.01
82	283	bile acid catabolic process	1	21	0.0035	0.0006	5.91	0.81
82	283	peroxisome	3	1627	0.0106	0.0463	0.23	0.0
82	283	regulation of transcription by RNA polymerase II	11	97	0.0389	0.0028	14.07	9.38
82	283	retinol metabolic process	1	473	0.0035	0.0135	0.26	0.01
82	283	glucosyltransferase activity	12	1332	0.0424	0.0379	1.12	0.41
82	283	lysosomal membrane	12	2454	0.0424	0.0699	0.61	0.01
82	283	DNA-binding transcription factor activity	12	45	0.0424	0.0013	33.09	14.87
82	283	receptor complex	1	191	0.0035	0.0054	0.65	0.1
82	283	gene expression	2	124	0.0071	0.0035	2.0	0.58
82	283	estrogen response element binding	24	153	0.0848	0.0044	19.46	23.27
82	283	Hsp70 protein binding	1	16	0.0035	0.0005	7.76	0.92
82	283	response to estradiol	1	57	0.0035	0.0016	2.18	0.43
82	283	cholesterol metabolic process	113	6083	0.3993	0.1732	2.31	18.73
82	283	chromatin	137	207	0.4841	0.0059	82.13	247.96
82	283	regulation of long-term synaptic potentiation	1	61	0.0035	0.0017	2.03	0.41
82	283	DNA-binding transcription activator activity, RNA polymerase II-specific	126	483	0.4452	0.0138	32.37	159.81
82	283	progesterone receptor signaling pathway	56	66	0.1979	0.0019	105.29	108.47
82	283	signaling receptor binding	83	1444	0.2933	0.0411	7.13	46.36
82	283	oxidoreductase activity, acting on paired donors, with incorporation or reduction of molecular oxygen, reduced flavin or flavoprotein as one donor, and incorporation of one atom of oxygen	1	92	0.0035	0.0026	1.35	0.28
82	283	androgen binding	81	88	0.2862	0.0025	114.22	165.29
82	283	response to testosterone	9	24	0.0318	0.0007	46.53	12.83
82	283	choloyl-CoA hydrolase activity	3	573	0.0106	0.0163	0.65	0.07
82	283	bile acid biosynthetic process	106	520	0.3746	0.0148	25.29	119.79
82	283	positive regulation of transcription by RNA polymerase III	70	73	0.2473	0.0021	118.99	145.8
82	283	glucosylceramidase activity	12	3857	0.0424	0.1098	0.39	0.0
82	283	nuclear cortisol receptor activity	2	49	0.0071	0.0014	5.06	1.23
82	283	basolateral part of cell	2	49	0.0071	0.0014	5.06	1.23
82	283	estrogen receptor signaling pathway	70	186	0.2473	0.0053	46.7	98.61
82	283	heme binding	110	5655	0.3887	0.161	2.41	19.66
82	283	cellular response to testosterone stimulus	70	81	0.2473	0.0023	107.24	137.53
82	283	digestion	43	317	0.1519	0.009	16.83	38.81
82	283	POU domain binding	49	52	0.1731	0.0015	116.93	100.16
82	283	intracellular membrane-bounded organelle	2	19	0.0071	0.0005	13.06	2.0
82	283	negative regulation of DNA-templated transcription	2	80	0.0071	0.0023	3.1	0.87
82	283	cholesterol catabolic process	5	1254	0.0177	0.0357	0.49	0.01
82	283	core promoter sequence-specific DNA binding	2	141	0.0071	0.004	1.76	0.5
82	283	prostate gland growth	12	16	0.0424	0.0005	93.07	21.98
82	283	spermatogenesis	18	26	0.0636	0.0007	85.91	31.76
82	283	bile acid metabolic process	3	229	0.0106	0.0065	1.63	0.55
82	283	carboxylic ester hydrolase activity	3	572	0.0106	0.0163	0.65	0.07
82	283	transcription cis-regulatory region binding	11	16	0.0389	0.0005	85.31	19.49
82	283	angiogenesis	1	83	0.0035	0.0024	1.5	0.31
82	283	peroxisomal matrix	1	1220	0.0035	0.0347	0.1	0.0
83	103	negative regulation of endothelial cell proliferation	7	71	0.068	0.002	33.61	8.76
83	103	regulation of ventricular cardiac muscle cell action potential	7	64	0.068	0.0018	37.29	9.09
83	103	peptidase activator activity	7	64	0.068	0.0018	37.29	9.09
83	103	regulation of blood coagulation	7	65	0.068	0.0019	36.72	9.04
83	103	efflux transmembrane transporter activity	1	941	0.0097	0.0268	0.36	0.03
83	103	positive regulation of calcium ion transport into cytosol	7	64	0.068	0.0018	37.29	9.09
83	103	inward rectifier potassium channel inhibitor activity	7	65	0.068	0.0019	36.72	9.04
83	103	sphingolipid translocation	1	79	0.0097	0.0022	4.32	0.68
83	103	positive regulation of cell migration	7	223	0.068	0.0064	10.7	5.35
83	103	sarcolemma	7	81	0.068	0.0023	29.46	8.35
83	103	canonical Wnt signaling pathway	7	67	0.068	0.0019	35.62	8.94
83	103	T cell costimulation	7	73	0.068	0.0021	32.69	8.68
83	103	caveolin-mediated endocytosis	7	65	0.068	0.0019	36.72	9.04
83	103	regulation of entry of bacterium into host cell	7	65	0.068	0.0019	36.72	9.04
83	103	carboxylic acid transport	16	37	0.1553	0.0011	147.43	30.97
83	103	focal adhesion	7	78	0.068	0.0022	30.6	8.47
83	103	positive regulation of cold-induced thermogenesis	7	65	0.068	0.0019	36.72	9.04
83	103	positive regulation of protein ubiquitination	7	65	0.068	0.0019	36.72	9.04
83	103	negative regulation of canonical Wnt signaling pathway	7	67	0.068	0.0019	35.62	8.94
83	103	angiotensin-activated signaling pathway	7	66	0.068	0.0019	36.16	8.99
83	103	caveolar macromolecular signaling complex	7	64	0.068	0.0018	37.29	9.09
83	103	vacuolar membrane	9	40	0.0874	0.0011	76.71	14.55
83	103	positive regulation of ERAD pathway	7	65	0.068	0.0019	36.72	9.04
83	103	lateral plasma membrane	1	164	0.0097	0.0047	2.08	0.42
83	103	cytoplasmic vesicle	1	26	0.0097	0.0007	13.11	1.13
83	103	apoptotic signaling pathway	7	164	0.068	0.0047	14.55	6.24
83	103	negative regulation of transcription by RNA polymerase II	7	416	0.068	0.0118	5.74	3.63
83	103	ABC-type glutathione S-conjugate transporter activity	79	2783	0.767	0.0792	9.68	65.0
83	103	xenobiotic metabolic process	13	499	0.1262	0.0142	8.88	8.56
83	103	ATPase binding	7	285	0.068	0.0081	8.37	4.66
83	103	regulation of cell communication by electrical coupling involved in cardiac conduction	7	64	0.068	0.0018	37.29	9.09
83	103	receptor-mediated endocytosis of virus by host cell	7	65	0.068	0.0019	36.72	9.04
83	103	regulation of cardiac muscle cell action potential involved in regulation of contraction	7	65	0.068	0.0019	36.72	9.04
83	103	cell junction	2	87	0.0194	0.0025	7.84	1.57
83	103	ABC-type xenobiotic transporter activity	80	3551	0.7767	0.1011	7.68	58.26
83	103	acrosomal membrane	7	64	0.068	0.0018	37.29	9.09
83	103	positive regulation of gene expression	7	432	0.068	0.0123	5.52	3.53
83	103	cilium	7	219	0.068	0.0062	10.9	5.4
83	103	positive regulation of intrinsic apoptotic signaling pathway	7	65	0.068	0.0019	36.72	9.04
83	103	caveola assembly	7	73	0.068	0.0021	32.69	8.68
83	103	carboxylic acid transmembrane transporter activity	1	87	0.0097	0.0025	3.92	0.65
83	103	protein-containing complex binding	7	246	0.068	0.007	9.7	5.07
83	103	oxysterol binding	7	423	0.068	0.012	5.64	3.59
83	103	lytic vacuole	9	37	0.0874	0.0011	82.93	14.88
83	103	response to xenobiotic stimulus	6	98	0.0583	0.0028	20.87	6.33
83	103	nitric-oxide synthase binding	7	65	0.068	0.0019	36.72	9.04
83	103	molecular adaptor activity	1	17	0.0097	0.0005	20.06	1.31
83	103	protein kinase binding	7	330	0.068	0.0094	7.23	4.25
83	103	apical plasma membrane	1	5067	0.0097	0.1443	0.07	0.0
83	103	cyclic nucleotide transport	1	84	0.0097	0.0024	4.06	0.66
83	103	regulation of ruffle assembly	7	65	0.068	0.0019	36.72	9.04
83	103	phospholipid translocation	1	85	0.0097	0.0024	4.01	0.66
83	103	negative regulation of anoikis	7	65	0.068	0.0019	36.72	9.04
83	103	positive regulation of canonical NF-kappaB signal transduction	7	68	0.068	0.0019	35.1	8.9
83	103	negative regulation of pinocytosis	7	68	0.068	0.0019	35.1	8.9
83	103	ATPase-coupled lipid transmembrane transporter activity	1	79	0.0097	0.0022	4.32	0.68
83	103	cellular response to hyperoxia	7	65	0.068	0.0019	36.72	9.04
83	103	small GTPase binding	7	70	0.068	0.002	34.09	8.81
83	103	positive regulation of extrinsic apoptotic signaling pathway	7	67	0.068	0.0019	35.62	8.94
83	103	transmembrane transporter binding	7	211	0.068	0.006	11.31	5.51
83	103	response to calcium ion	7	69	0.068	0.002	34.59	8.85
83	103	protein-macromolecule adaptor activity	7	64	0.068	0.0018	37.29	9.09
83	103	cellular response to misfolded protein	7	65	0.068	0.0019	36.72	9.04
83	103	regulation of cytosolic calcium ion concentration	7	75	0.068	0.0021	31.82	8.59
83	103	caveola	1	1185	0.0097	0.0337	0.29	0.01
83	103	lipid transport	73	4600	0.7087	0.131	5.41	40.51
83	103	cell differentiation	7	459	0.068	0.0131	5.2	3.38
83	103	glutathione transmembrane transporter activity	71	789	0.6893	0.0225	30.68	92.06
83	103	transepithelial transport	1	102	0.0097	0.0029	3.34	0.59
83	103	positive regulation of gap junction assembly	7	64	0.068	0.0018	37.29	9.09
83	103	xenobiotic transport across blood-brain barrier	1	102	0.0097	0.0029	3.34	0.59
83	103	post-transcriptional regulation of gene expression	7	64	0.068	0.0018	37.29	9.09
83	103	basolateral plasma membrane	71	3332	0.6893	0.0949	7.26	47.61
83	103	negative regulation of necroptotic process	7	64	0.068	0.0018	37.29	9.09
83	103	negative regulation of protein ubiquitination	7	66	0.068	0.0019	36.16	8.99
83	103	signaling receptor binding	7	1444	0.068	0.0411	1.65	0.88
83	103	response to bacterium	7	73	0.068	0.0021	32.69	8.68
83	103	protein heterodimerization activity	7	308	0.068	0.0088	7.75	4.44
83	103	endosome	7	134	0.068	0.0038	17.81	6.83
83	103	regulation of heart rate by cardiac conduction	7	64	0.068	0.0018	37.29	9.09
83	103	positive regulation of cholesterol efflux	7	245	0.068	0.007	9.74	5.08
83	103	regulation of membrane repolarization during action potential	7	65	0.068	0.0019	36.72	9.04
83	103	protein tyrosine kinase inhibitor activity	7	65	0.068	0.0019	36.72	9.04
83	103	export across plasma membrane	1	162	0.0097	0.0046	2.1	0.42
83	103	cell cortex	7	64	0.068	0.0018	37.29	9.09
83	103	endomembrane system	3	50	0.0291	0.0014	20.46	3.36
83	103	insulin receptor internalization	7	64	0.068	0.0018	37.29	9.09
83	103	negative regulation of potassium ion transmembrane transport	7	65	0.068	0.0019	36.72	9.04
84	128	GTP binding	44	50	0.3438	0.0014	241.43	103.73
84	128	1-alkyl-2-acetylglycerophosphocholine esterase activity	31	32	0.2422	0.0009	265.78	75.8
84	128	organic anion transport	9	62	0.0703	0.0018	39.83	11.83
84	128	sarcolemma	2	81	0.0156	0.0023	6.77	1.45
84	128	cholesterol efflux	24	528	0.1875	0.015	12.47	18.82
84	128	leukotriene transport	14	271	0.1094	0.0077	14.17	11.82
84	128	phosphatidylcholine biosynthetic process	18	150	0.1406	0.0043	32.92	21.7
84	128	mitochondrial calcium ion homeostasis	44	44	0.3438	0.0013	274.35	110.93
84	128	calcium ion transport	28	29	0.2188	0.0008	264.89	68.19
84	128	phosphatidylcholine-sterol O-acyltransferase activity	32	33	0.25	0.0009	266.04	78.34
84	128	focal adhesion	1	78	0.0078	0.0022	3.52	0.61
84	128	ATPase-coupled transmembrane transporter activity	10	67	0.0781	0.0019	40.95	13.22
84	128	inflammatory response	1	105	0.0078	0.003	2.61	0.5
84	128	ligand-gated monoatomic ion channel activity	44	44	0.3438	0.0013	274.35	110.93
84	128	recycling endosome membrane	5	1550	0.0391	0.0441	0.89	0.17
84	128	phosphatidylserine binding	43	77	0.3359	0.0022	153.21	86.43
84	128	apoptotic signaling pathway	44	164	0.3438	0.0047	73.61	70.78
84	128	sulfotransferase activity	4	28	0.0312	0.0008	39.19	5.49
84	128	ABC-type glutathione S-conjugate transporter activity	19	2783	0.1484	0.0792	1.87	2.23
84	128	early endosome membrane	5	384	0.0391	0.0109	3.57	1.87
84	128	negative regulation of canonical NF-kappaB signal transduction	1	248	0.0078	0.0071	1.11	0.22
84	128	chloride channel complex	5	380	0.0391	0.0108	3.61	1.89
84	128	intestinal cholesterol absorption	4	188	0.0312	0.0054	5.84	2.3
84	128	basal plasma membrane	3	44	0.0234	0.0013	18.71	3.25
84	128	calcium channel complex	16	16	0.125	0.0005	274.35	39.44
84	128	transmembrane transport	18	127	0.1406	0.0036	38.88	23.06
84	128	ABC-type xenobiotic transporter activity	19	3551	0.1484	0.1011	1.47	1.24
84	128	androgen metabolic process	4	1056	0.0312	0.0301	1.04	0.27
84	128	cholesterol homeostasis	42	1948	0.3281	0.0555	5.92	20.91
84	128	cilium	6	219	0.0469	0.0062	7.52	3.8
84	128	negative regulation of intestinal cholesterol absorption	24	24	0.1875	0.0007	274.35	59.52
84	128	cholesterol transport	2	68	0.0156	0.0019	8.07	1.59
84	128	protein-containing complex binding	2	246	0.0156	0.007	2.23	0.65
84	128	phosphatidylcholine metabolic process	6	589	0.0469	0.0168	2.79	1.67
84	128	sterol ester esterase activity	18	2104	0.1406	0.0599	2.35	3.2
84	128	response to xenobiotic stimulus	6	98	0.0469	0.0028	16.8	5.78
84	128	cholesterol transfer activity	24	937	0.1875	0.0267	7.03	13.26
84	128	ATP-binding cassette (ABC) transporter complex	24	24	0.1875	0.0007	274.35	59.52
84	128	apical plasma membrane	31	5067	0.2422	0.1443	1.68	2.65
84	128	phospholipid transport	2	35	0.0156	0.001	15.68	2.14
84	128	cholesterol binding	44	1642	0.3438	0.0468	7.35	25.79
84	128	negative regulation of intestinal phytosterol absorption	24	24	0.1875	0.0007	274.35	59.52
84	128	very-low-density lipoprotein particle remodeling	18	593	0.1406	0.0169	8.33	11.18
84	128	response to glucocorticoid	2	40	0.0156	0.0011	13.72	2.03
84	128	negative regulation of sequestering of calcium ion	43	43	0.3359	0.0012	274.35	108.31
84	128	melanosome	44	71	0.3438	0.002	170.02	91.48
84	128	extracellular matrix	2	179	0.0156	0.0051	3.07	0.86
84	128	calcium channel activity	16	17	0.125	0.0005	258.21	38.21
84	128	protein-containing complex	2	462	0.0156	0.0132	1.19	0.3
84	128	calcium ion binding	44	1460	0.3438	0.0416	8.27	27.87
84	128	sterol transport	6	52	0.0469	0.0015	31.66	7.43
84	128	calcium-dependent protein binding	44	44	0.3438	0.0013	274.35	110.93
84	128	innate immune response	2	99	0.0156	0.0028	5.54	1.29
84	128	high-density lipoprotein particle	18	603	0.1406	0.0172	8.19	11.06
84	128	apolipoprotein A-I binding	18	20	0.1406	0.0006	246.92	42.16
84	128	lipid transport	14	4600	0.1094	0.131	0.83	0.1
84	128	cell differentiation	12	459	0.0938	0.0131	7.17	6.89
84	128	platelet-activating factor acetyltransferase activity	20	20	0.1562	0.0006	274.35	49.44
84	128	late endosome membrane	44	205	0.3438	0.0058	58.89	65.96
84	128	lipid binding	3	1476	0.0234	0.042	0.56	0.04
84	128	basolateral plasma membrane	25	3332	0.1953	0.0949	2.06	3.42
84	128	lysosomal membrane	45	2454	0.3516	0.0699	5.03	19.76
84	128	lipoprotein metabolic process	10	215	0.0781	0.0061	12.76	8.14
84	128	receptor complex	24	191	0.1875	0.0054	34.47	29.43
84	128	high-density lipoprotein particle remodeling	18	768	0.1406	0.0219	6.43	9.36
84	128	leukotriene metabolic process	13	15	0.1016	0.0004	237.77	29.95
84	128	cholesterol metabolic process	32	6083	0.25	0.1732	1.44	1.75
84	128	cell adhesion	1	19	0.0078	0.0005	14.44	1.17
84	128	response to nutrient levels	2	20	0.0156	0.0006	27.44	2.62
84	128	triglyceride homeostasis	6	755	0.0469	0.0215	2.18	1.23
84	128	protein heterodimerization activity	24	308	0.1875	0.0088	21.38	24.34
84	128	reverse cholesterol transport	18	776	0.1406	0.0221	6.36	9.29
84	128	lipid metabolic process	7	1633	0.0547	0.0465	1.18	0.41
84	128	calcium-dependent phospholipid binding	44	45	0.3438	0.0013	268.25	109.27
84	128	response to nutrient	6	26	0.0469	0.0007	63.31	9.35
84	128	regulation of high-density lipoprotein particle assembly	18	19	0.1406	0.0005	259.91	43.15
84	128	tissue development	16	476	0.125	0.0136	9.22	10.63
84	128	ABC-type transporter activity	27	245	0.2109	0.007	30.23	31.55
84	128	apical part of cell	2	104	0.0156	0.003	5.28	1.26
84	128	animal organ development	16	351	0.125	0.01	12.51	12.62
84	128	estrogen metabolic process	4	1660	0.0312	0.0473	0.66	0.07
84	128	intracellularly ATP-gated chloride channel activity	5	380	0.0391	0.0108	3.61	1.89
85	148	phosphatidylcholine binding	57	737	0.3851	0.021	18.35	55.69
85	148	heat shock protein binding	58	134	0.3919	0.0038	102.7	104.81
85	148	nuclear receptor activity	18	205	0.1216	0.0058	20.83	18.03
85	148	phospholipid homeostasis	1	762	0.0068	0.0217	0.31	0.02
85	148	positive regulation of D-glucose import across plasma membrane	2	25	0.0135	0.0007	18.98	2.3
85	148	positive regulation of cell population proliferation	2	218	0.0135	0.0062	2.18	0.63
85	148	positive regulation of cell migration	2	223	0.0135	0.0064	2.13	0.62
85	148	bile acid and bile salt transport	1	143	0.0068	0.0041	1.66	0.34
85	148	cholesterol efflux	59	528	0.3986	0.015	26.51	67.46
85	148	cellular response to estradiol stimulus	1	368	0.0068	0.0105	0.64	0.1
85	148	cellular response to dexamethasone stimulus	1	95	0.0068	0.0027	2.5	0.48
85	148	positive regulation of insulin secretion involved in cellular response to glucose stimulus	57	96	0.3851	0.0027	140.88	113.76
85	148	triglyceride-rich lipoprotein particle remodeling	57	57	0.3851	0.0016	237.28	140.8
85	148	positive regulation of insulin receptor signaling pathway	57	114	0.3851	0.0032	118.64	107.67
85	148	androgen receptor signaling pathway	1	86	0.0068	0.0024	2.76	0.52
85	148	11-beta-hydroxysteroid dehydrogenase (NADP+) activity	7	947	0.0473	0.027	1.75	0.97
85	148	positive regulation of ERK1 and ERK2 cascade	2	89	0.0135	0.0025	5.33	1.26
85	148	positive regulation of phagocytosis	58	132	0.3919	0.0038	104.26	105.31
85	148	regulation of low-density lipoprotein particle clearance	59	96	0.3986	0.0027	145.83	119.3
85	148	response to steroid hormone	1	23	0.0068	0.0007	10.32	1.03
85	148	DNA-templated transcription	71	681	0.4797	0.0194	24.74	80.45
85	148	signal transduction	1	91	0.0068	0.0026	2.61	0.5
85	148	negative regulation of apoptotic process	61	225	0.4122	0.0064	64.33	95.47
85	148	chemorepellent activity	1	75	0.0068	0.0021	3.16	0.57
85	148	phosphatidylcholine biosynthetic process	58	150	0.3919	0.0043	91.75	101.19
85	148	positive regulation of substrate adhesion-dependent cell spreading	1	75	0.0068	0.0021	3.16	0.57
85	148	negative regulation of tumor necrosis factor-mediated signaling pathway	58	167	0.3919	0.0048	82.41	97.86
85	148	protein stabilization	60	136	0.4054	0.0039	104.68	109.28
85	148	endocytic vesicle	1	82	0.0068	0.0023	2.89	0.53
85	148	regulation of protein metabolic process	2	18	0.0135	0.0005	26.36	2.59
85	148	negative regulation of gene expression	9	363	0.0608	0.0103	5.88	4.6
85	148	cellular response to insulin stimulus	1	84	0.0068	0.0024	2.82	0.52
85	148	response to ethanol	2	23	0.0135	0.0007	20.63	2.38
85	148	enzyme binding	58	350	0.3919	0.01	39.32	76.69
85	148	steroid binding	13	1674	0.0878	0.0477	1.84	1.6
85	148	negative regulation of tumor necrosis factor production	61	97	0.4122	0.0028	149.22	124.5
85	148	intracellular glucose homeostasis	57	92	0.3851	0.0026	147.01	115.36
85	148	inflammatory response	57	105	0.3851	0.003	128.81	110.52
85	148	high-density lipoprotein particle receptor binding	59	133	0.3986	0.0038	105.26	107.54
85	148	cellular response to lipoprotein particle stimulus	58	132	0.3919	0.0038	104.26	105.31
85	148	phospholipid catabolic process	57	57	0.3851	0.0016	237.28	140.8
85	148	triglyceride catabolic process	1	1003	0.0068	0.0286	0.24	0.01
85	148	negative regulation of heterotypic cell-cell adhesion	1	75	0.0068	0.0021	3.16	0.57
85	148	positive regulation of protein secretion	2	23	0.0135	0.0007	20.63	2.38
85	148	high-density lipoprotein particle assembly	58	134	0.3919	0.0038	102.7	104.81
85	148	intracellular receptor signaling pathway	6	24	0.0405	0.0007	59.32	9.19
85	148	female pregnancy	1	16	0.0068	0.0005	14.83	1.18
85	148	lung development	2	21	0.0135	0.0006	22.6	2.45
85	148	negative regulation of transcription by RNA polymerase II	69	416	0.4662	0.0118	39.36	92.6
85	148	multicellular organism growth	2	17	0.0135	0.0005	27.91	2.64
85	148	positive regulation of phospholipid efflux	1	82	0.0068	0.0023	2.89	0.53
85	148	negative regulation of canonical NF-kappaB signal transduction	59	248	0.3986	0.0071	56.45	88.31
85	148	dendrite	7	1498	0.0473	0.0427	1.11	0.35
85	148	nervous system development	2	218	0.0135	0.0062	2.18	0.63
85	148	negative regulation of cholesterol import	58	58	0.3919	0.0017	237.28	143.38
85	148	triglyceride metabolic process	2	590	0.0135	0.0168	0.8	0.15
85	148	regulation of DNA-templated transcription	2	26	0.0135	0.0007	18.25	2.27
85	148	regulation of protein stability	3	78	0.0203	0.0022	9.13	2.35
85	148	chylomicron	59	131	0.3986	0.0037	106.87	108.05
85	148	high-density lipoprotein particle clearance	57	57	0.3851	0.0016	237.28	140.8
85	148	very-low-density lipoprotein particle assembly	1	79	0.0068	0.0022	3.0	0.55
85	148	apolipoprotein receptor binding	57	59	0.3851	0.0017	229.23	137.57
85	148	nuclear speck	59	268	0.3986	0.0076	52.24	86.08
85	148	response to estrogen	1	109	0.0068	0.0031	2.18	0.43
85	148	glucocorticoid catabolic process	2	70	0.0135	0.002	6.78	1.45
85	148	positive regulation of Rho protein signal transduction	1	75	0.0068	0.0021	3.16	0.57
85	148	bile acid nuclear receptor activity	60	95	0.4054	0.0027	149.86	122.53
85	148	transcription coactivator binding	7	297	0.0473	0.0085	5.59	3.55
85	148	negative regulation of interleukin-1 beta production	3	77	0.0203	0.0022	9.24	2.37
85	148	vitamin transport	1	78	0.0068	0.0022	3.04	0.55
85	148	positive regulation of lipid catabolic process	57	57	0.3851	0.0016	237.28	140.8
85	148	receptor ligand activity	59	61	0.3986	0.0017	229.5	142.71
85	148	branching morphogenesis of an epithelial tube	2	46	0.0135	0.0013	10.32	1.79
85	148	phospholipid binding	5	82	0.0338	0.0023	14.47	4.58
85	148	negative regulation of cell adhesion molecule production	1	75	0.0068	0.0021	3.16	0.57
85	148	positive regulation of gene expression	3	432	0.0203	0.0123	1.65	0.56
85	148	very-low-density lipoprotein particle	59	133	0.3986	0.0038	105.26	107.54
85	148	amyloid-beta formation	1	75	0.0068	0.0021	3.16	0.57
85	148	cellular response to fatty acid	59	94	0.3986	0.0027	148.93	120.13
85	148	cholesterol homeostasis	124	1948	0.8378	0.0555	15.1	130.49
85	148	bile acid binding	7	34	0.0473	0.001	48.85	10.0
85	148	lipid transporter activity	3	87	0.0203	0.0025	8.18	2.22
85	148	nuclear receptor-mediated bile acid signaling pathway	60	95	0.4054	0.0027	149.86	122.53
85	148	cholesterol transport	6	68	0.0405	0.0019	20.94	6.35
85	148	response to glucose	57	58	0.3851	0.0017	233.19	139.04
85	148	protein-containing complex binding	2	246	0.0135	0.007	1.93	0.56
85	148	cellular response to lipopolysaccharide	57	101	0.3851	0.0029	133.91	111.9
85	148	response to xenobiotic stimulus	1	98	0.0068	0.0028	2.42	0.47
85	148	cholesterol import	1	80	0.0068	0.0023	2.97	0.54
85	148	cholesterol transfer activity	57	937	0.3851	0.0267	14.43	49.76
85	148	steroid catabolic process	5	962	0.0338	0.0274	1.23	0.42
85	148	negative regulation of cell population proliferation	2	97	0.0135	0.0028	4.89	1.2
85	148	low-density lipoprotein particle remodeling	57	643	0.3851	0.0183	21.03	59.1
85	148	G protein-coupled receptor signaling pathway	2	98	0.0135	0.0028	4.84	1.19
85	148	cholesterol binding	59	1642	0.3986	0.0468	8.53	38.62
85	148	postsynapse	2	1209	0.0135	0.0344	0.39	0.02
85	148	negative regulation of type II interferon production	59	94	0.3986	0.0027	148.93	120.13
85	148	RNA polymerase II transcription regulator complex	60	100	0.4054	0.0028	142.37	120.47
85	148	response to glucocorticoid	2	40	0.0135	0.0011	11.86	1.91
85	148	fatty acid homeostasis	57	93	0.3851	0.0026	145.43	114.95
85	148	positive regulation of transcription by RNA polymerase II	10	282	0.0676	0.008	8.41	6.44
85	148	integrin-mediated signaling pathway	1	75	0.0068	0.0021	3.16	0.57
85	148	DNA-binding transcription factor activity, RNA polymerase II-specific	2	18	0.0135	0.0005	26.36	2.59
85	148	negative regulation of interleukin-1 production	57	91	0.3851	0.0026	148.62	115.78
85	148	sequence-specific DNA binding	4	90	0.027	0.0026	10.55	3.23
85	148	low-density lipoprotein particle	1	74	0.0068	0.0021	3.21	0.57
85	148	chenodeoxycholic acid binding	59	94	0.3986	0.0027	148.93	120.13
85	148	spherical high-density lipoprotein particle	59	133	0.3986	0.0038	105.26	107.54
85	148	osteoblast differentiation	2	27	0.0135	0.0008	17.58	2.24
85	148	phospholipid efflux	59	158	0.3986	0.0045	88.6	101.93
85	148	early endosome	2	257	0.0135	0.0073	1.85	0.53
85	148	RNA polymerase II cis-regulatory region sequence-specific DNA binding	68	466	0.4595	0.0133	34.62	87.08
85	148	cellular response to glucose stimulus	2	88	0.0135	0.0025	5.39	1.27
85	148	ecdysone receptor signaling pathway	12	17	0.0811	0.0005	167.49	24.92
85	148	regulation of Cdc42 protein signal transduction	2	78	0.0135	0.0022	6.08	1.37
85	148	innate immune response	57	99	0.3851	0.0028	136.61	112.63
85	148	amyloid-beta binding	1	79	0.0068	0.0022	3.0	0.55
85	148	high-density lipoprotein particle	3	603	0.0203	0.0172	1.18	0.33
85	148	positive regulation of MAPK cascade	2	82	0.0135	0.0023	5.79	1.33
85	148	response to lipopolysaccharide	1	17	0.0068	0.0005	13.96	1.16
85	148	negative regulation of monocyte chemotactic protein-1 production	57	110	0.3851	0.0031	122.95	108.89
85	148	negative regulation of cytokine production involved in immune response	58	132	0.3919	0.0038	104.26	105.31
85	148	positive regulation of DNA-templated transcription	4	326	0.027	0.0093	2.91	1.3
85	148	lipid transport	2	4600	0.0135	0.131	0.1	0.0
85	148	transcription coregulator binding	59	95	0.3986	0.0027	147.36	119.71
85	148	nuclear retinoid X receptor binding	57	91	0.3851	0.0026	148.62	115.78
85	148	cell differentiation	60	459	0.4054	0.0131	31.02	72.96
85	148	cell-cell junction assembly	57	91	0.3851	0.0026	148.62	115.78
85	148	autophagy	7	1314	0.0473	0.0374	1.26	0.5
85	148	cellular response to amyloid-beta	3	40	0.0203	0.0011	17.8	3.19
85	148	cellular response to steroid hormone stimulus	1	172	0.0068	0.0049	1.38	0.29
85	148	lipase inhibitor activity	58	60	0.3919	0.0017	229.37	140.14
85	148	negative regulation of interleukin-2 production	57	91	0.3851	0.0026	148.62	115.78
85	148	lipid binding	3	1476	0.0203	0.042	0.48	0.02
85	148	defense response to bacterium	57	91	0.3851	0.0026	148.62	115.78
85	148	positive regulation of adipose tissue development	57	91	0.3851	0.0026	148.62	115.78
85	148	integrin binding	2	72	0.0135	0.0021	6.59	1.43
85	148	regulation of gene expression	2	1316	0.0135	0.0375	0.36	0.01
85	148	positive regulation of interleukin-17 production	59	94	0.3986	0.0027	148.93	120.13
85	148	cell development	2	183	0.0135	0.0052	2.59	0.74
85	148	neuronal cell body	2	162	0.0135	0.0046	2.93	0.83
85	148	NADP binding	3	88	0.0203	0.0025	8.09	2.21
85	148	regulation of transcription by RNA polymerase II	3	97	0.0203	0.0028	7.34	2.09
85	148	7-beta-hydroxysteroid dehydrogenase (NADP+) activity	7	947	0.0473	0.027	1.75	0.97
85	148	lipoprotein metabolic process	58	215	0.3919	0.0061	64.01	90.33
85	148	DNA-binding transcription factor activity	2	45	0.0135	0.0013	10.55	1.81
85	148	receptor complex	59	191	0.3986	0.0054	73.29	96.04
85	148	negative regulation of inflammatory response	61	386	0.4122	0.011	37.5	79.62
85	148	high-density lipoprotein particle remodeling	59	768	0.3986	0.0219	18.23	57.65
85	148	estrogen response element binding	1	153	0.0068	0.0044	1.55	0.32
85	148	diacylglycerol catabolic process	57	63	0.3851	0.0018	214.68	132.97
85	148	toll-like receptor 9 signaling pathway	57	91	0.3851	0.0026	148.62	115.78
85	148	positive regulation of interleukin-8 production	57	57	0.3851	0.0016	237.28	140.8
85	148	response to estradiol	1	57	0.0068	0.0016	4.16	0.67
85	148	cholesterol metabolic process	3	6083	0.0203	0.1732	0.12	0.0
85	148	cell adhesion	7	19	0.0473	0.0005	87.42	12.01
85	148	chromatin	3	207	0.0203	0.0059	3.44	1.24
85	148	endoplasmic reticulum lumen	1	52	0.0068	0.0015	4.56	0.7
85	148	DNA-binding transcription activator activity, RNA polymerase II-specific	67	483	0.4527	0.0138	32.91	84.12
85	148	negative regulation of very-low-density lipoprotein particle remodeling	61	136	0.4122	0.0039	106.43	111.79
85	148	signaling receptor binding	10	1444	0.0676	0.0411	1.64	1.07
85	148	sterol binding	1	52	0.0068	0.0015	4.56	0.7
85	148	response to nutrient levels	1	20	0.0068	0.0006	11.86	1.09
85	148	negative regulation of interleukin-6 production	57	158	0.3851	0.0045	85.6	97.22
85	148	triglyceride homeostasis	4	755	0.027	0.0215	1.26	0.4
85	148	protein heterodimerization activity	64	308	0.4324	0.0088	49.3	92.15
85	148	intracellular triglyceride homeostasis	59	96	0.3986	0.0027	145.83	119.3
85	148	high-density lipoprotein particle binding	58	133	0.3919	0.0038	103.47	105.06
85	148	positive regulation of stress fiber assembly	1	75	0.0068	0.0021	3.16	0.57
85	148	positive regulation of ammonia assimilation cycle	57	91	0.3851	0.0026	148.62	115.78
85	148	reverse cholesterol transport	59	776	0.3986	0.0221	18.04	57.38
85	148	positive regulation of cholesterol metabolic process	1	80	0.0068	0.0023	2.97	0.54
85	148	circadian rhythm	2	73	0.0135	0.0021	6.5	1.42
85	148	negative regulation of lipid catabolic process	58	58	0.3919	0.0017	237.28	143.38
85	148	lipid metabolic process	1	1633	0.0068	0.0465	0.15	0.0
85	148	response to nutrient	1	26	0.0068	0.0007	9.13	0.98
85	148	positive regulation of cholesterol efflux	1	245	0.0068	0.007	0.97	0.19
85	148	core promoter sequence-specific DNA binding	7	141	0.0473	0.004	11.78	5.62
85	148	phosphatidylcholine-sterol O-acyltransferase activator activity	58	132	0.3919	0.0038	104.26	105.31
85	148	prostate gland growth	2	16	0.0135	0.0005	29.66	2.69
85	148	response to hypoxia	1	20	0.0068	0.0006	11.86	1.09
85	148	protein homodimerization activity	67	390	0.4527	0.0111	40.76	90.78
85	148	ecdysone binding	12	19	0.0811	0.0005	149.86	24.01
85	148	apolipoprotein A-I receptor binding	1	75	0.0068	0.0021	3.16	0.57
85	148	positive regulation of phosphatidylinositol 3-kinase/protein kinase B signal transduction	2	94	0.0135	0.0027	5.05	1.22
85	148	positive regulation of phosphatidic acid biosynthetic process	59	94	0.3986	0.0027	148.93	120.13
85	148	cellular response to bile acid	60	95	0.4054	0.0027	149.86	122.53
85	148	bile acid metabolic process	16	229	0.1081	0.0065	16.58	14.49
85	148	transcription corepressor binding	7	155	0.0473	0.0044	10.72	5.34
85	148	negative regulation of ERK1 and ERK2 cascade	2	82	0.0135	0.0023	5.79	1.33
85	148	euchromatin	59	172	0.3986	0.0049	81.39	99.26
85	148	transcription cis-regulatory region binding	2	16	0.0135	0.0005	29.66	2.69
85	148	regulation of cell population proliferation	2	413	0.0135	0.0118	1.15	0.28
86	261	steroid metabolic process	1	321	0.0038	0.0091	0.42	0.04
86	261	organic anion transport	3	62	0.0115	0.0018	6.51	1.95
86	261	bile acid and bile salt transport	69	143	0.2644	0.0041	64.92	109.5
86	261	intercellular canaliculus	68	147	0.2605	0.0042	62.24	106.2
86	261	cellular response to dexamethasone stimulus	1	95	0.0038	0.0027	1.42	0.29
86	261	ABC-type heme transporter activity	41	41	0.1571	0.0012	134.55	88.71
86	261	bilirubin transmembrane transporter activity	68	68	0.2605	0.0019	134.55	148.9
86	261	response to steroid hormone	1	23	0.0038	0.0007	5.85	0.8
86	261	leukotriene transport	69	271	0.2644	0.0077	34.26	86.12
86	261	DNA-templated transcription	3	681	0.0115	0.0194	0.59	0.05
86	261	negative regulation of gene expression	3	363	0.0115	0.0103	1.11	0.29
86	261	monooxygenase activity	2	196	0.0077	0.0056	1.37	0.37
86	261	ATPase-coupled transmembrane transporter activity	4	67	0.0153	0.0019	8.03	2.8
86	261	melanosome membrane	41	41	0.1571	0.0012	134.55	88.71
86	261	glutathione metabolic process	2	19	0.0077	0.0005	14.16	2.06
86	261	monoterpenoid metabolic process	2	71	0.0077	0.002	3.79	1.01
86	261	vacuolar membrane	4	40	0.0153	0.0011	13.45	3.66
86	261	alkaloid metabolic process	1	57	0.0038	0.0016	2.36	0.46
86	261	heart development	2	16	0.0077	0.0005	16.82	2.21
86	261	xenobiotic catabolic process	4	191	0.0153	0.0054	2.82	1.26
86	261	female pregnancy	1	16	0.0038	0.0005	8.41	0.95
86	261	ABC-type glutathione S-conjugate transporter activity	182	2783	0.6973	0.0792	8.8	137.22
86	261	xenobiotic metabolic process	29	499	0.1111	0.0142	7.82	16.81
86	261	multivesicular body membrane	41	44	0.1571	0.0013	125.37	84.6
86	261	oxidoreductase activity, acting on paired donors, with incorporation or reduction of molecular oxygen	1	156	0.0038	0.0044	0.86	0.16
86	261	alkaloid catabolic process	2	102	0.0077	0.0029	2.64	0.76
86	261	xenobiotic transmembrane transport	68	187	0.2605	0.0053	48.93	97.17
86	261	response to estrogen	2	109	0.0077	0.0031	2.47	0.71
86	261	xenobiotic export from cell	68	160	0.2605	0.0046	57.18	102.94
86	261	transmembrane transport	12	127	0.046	0.0036	12.71	9.65
86	261	ABC-type xenobiotic transporter activity	182	3551	0.6973	0.1011	6.9	118.2
86	261	central nervous system development	13	1381	0.0498	0.0393	1.27	0.64
86	261	cellular response to lipopolysaccharide	1	101	0.0038	0.0029	1.33	0.28
86	261	lytic vacuole	4	37	0.0153	0.0011	14.55	3.79
86	261	prostaglandin transport	2	26	0.0077	0.0007	10.35	1.8
86	261	response to xenobiotic stimulus	2	98	0.0077	0.0028	2.75	0.78
86	261	glucosylceramide catabolic process	20	3041	0.0766	0.0866	0.88	0.13
86	261	apical plasma membrane	123	5067	0.4713	0.1443	3.27	35.95
86	261	glycosyltransferase activity	13	704	0.0498	0.02	2.48	2.6
86	261	transmembrane transporter activity	3	79	0.0115	0.0022	5.11	1.67
86	261	response to toxic substance	2	39	0.0077	0.0011	6.9	1.47
86	261	arachidonate metabolic process	9	36	0.0345	0.001	33.64	11.32
86	261	cellular response to tumor necrosis factor	1	149	0.0038	0.0042	0.9	0.17
86	261	protein domain specific binding	2	91	0.0077	0.0026	2.96	0.83
86	261	response to insulin	2	16	0.0077	0.0005	16.82	2.21
86	261	beta-glucosidase activity	13	2348	0.0498	0.0669	0.74	0.05
86	261	fatty acid metabolic process	4	1010	0.0153	0.0288	0.53	0.02
86	261	response to lipopolysaccharide	1	17	0.0038	0.0005	7.91	0.92
86	261	galactosylceramidase activity	20	3865	0.0766	0.1101	0.7	0.01
86	261	heme catabolic process	68	101	0.2605	0.0029	90.59	122.34
86	261	lipid transport	105	4600	0.4023	0.131	3.07	27.27
86	261	glutathione transmembrane transporter activity	9	789	0.0345	0.0225	1.53	0.87
86	261	transepithelial transport	3	102	0.0115	0.0029	3.96	1.39
86	261	xenobiotic detoxification by transmembrane export across the plasma membrane	2	35	0.0077	0.001	7.69	1.55
86	261	xenobiotic transport across blood-brain barrier	3	102	0.0115	0.0029	3.96	1.39
86	261	oxidative demethylation	2	163	0.0077	0.0046	1.65	0.47
86	261	basolateral plasma membrane	56	3332	0.2146	0.0949	2.26	8.31
86	261	canalicular bile acid transport	2	1083	0.0077	0.0308	0.25	0.0
86	261	vitamin D3 25-hydroxylase activity	1	18	0.0038	0.0005	7.47	0.9
86	261	retinol metabolic process	4	473	0.0153	0.0135	1.14	0.33
86	261	lysosomal membrane	48	2454	0.1839	0.0699	2.63	9.18
86	261	toxin transmembrane transporter activity	68	92	0.2605	0.0026	99.45	127.05
86	261	gene expression	2	124	0.0077	0.0035	2.17	0.63
86	261	xenobiotic transmembrane transporter activity	3	36	0.0115	0.001	11.21	2.62
86	261	response to estradiol	1	57	0.0038	0.0016	2.36	0.46
86	261	cholesterol metabolic process	32	6083	0.1226	0.1732	0.71	0.0
86	261	oxidoreductase activity, acting on paired donors, with incorporation or reduction of molecular oxygen, reduced flavin or flavoprotein as one donor, and incorporation of one atom of oxygen	12	92	0.046	0.0026	17.55	11.33
86	261	glucosylceramidase activity	20	3857	0.0766	0.1098	0.7	0.01
86	261	carbohydrate metabolic process	13	798	0.0498	0.0227	2.19	2.15
86	261	heme binding	13	5655	0.0498	0.161	0.31	0.0
86	261	xenobiotic transport	2	48	0.0077	0.0014	5.61	1.3
86	261	ABC-type transporter activity	1	245	0.0038	0.007	0.55	0.08
86	261	bile acid metabolic process	2	229	0.0077	0.0065	1.18	0.29
86	261	endomembrane system	1	50	0.0038	0.0014	2.69	0.51
86	261	estrogen metabolic process	2	1660	0.0077	0.0473	0.16	0.0
86	261	brush border membrane	2	31	0.0077	0.0009	8.68	1.65
87	453	glucocorticoid metabolic process	1	45	0.0022	0.0013	1.72	0.35
87	453	3-hydroxy-2-methylbutyryl-CoA dehydrogenase activity	297	436	0.6556	0.0124	52.81	300.0
87	453	mitochondrial tRNA methylation	17	64	0.0375	0.0018	20.59	17.35
87	453	L-isoleucine catabolic process	17	64	0.0375	0.0018	20.59	17.35
87	453	mitochondrial tRNA 3'-end processing	17	64	0.0375	0.0018	20.59	17.35
87	453	protein homotetramerization	17	67	0.0375	0.0019	19.67	16.98
87	453	oxidoreductase activity, acting on the CH-OH group of donors, NAD or NADP as acceptor	1	274	0.0022	0.0078	0.28	0.01
87	453	(3S)-3-hydroxyacyl-CoA dehydrogenase (NAD+) activity	359	975	0.7925	0.0278	28.54	300.0
87	453	mitochondrial tRNA 5'-end processing	18	71	0.0397	0.002	19.65	17.94
87	453	acyl-CoA metabolic process	1	585	0.0022	0.0167	0.13	0.0
87	453	oxidoreductase activity, acting on NAD(P)H, quinone or similar compound as acceptor	1	77	0.0022	0.0022	1.01	0.2
87	453	fatty acid beta-oxidation	19	279	0.0419	0.0079	5.28	8.29
87	453	mitochondrion organization	17	69	0.0375	0.002	19.1	16.74
87	453	cardiolipin dehydrogenase (NAD+) activity	17	64	0.0375	0.0018	20.59	17.35
87	453	quinone binding	6	538	0.0132	0.0153	0.86	0.16
87	453	vitamin K metabolic process	1	32	0.0022	0.0009	2.42	0.47
87	453	tRNA processing	3	19	0.0066	0.0005	12.24	2.75
87	453	prostaglandin E2 9-reductase activity	4	303	0.0088	0.0086	1.02	0.26
87	453	xenobiotic metabolic process	1	499	0.0022	0.0142	0.16	0.0
87	453	C21-steroid hormone metabolic process	17	89	0.0375	0.0025	14.81	14.74
87	453	androgen metabolic process	349	1056	0.7704	0.0301	25.62	300.0
87	453	positive regulation of reactive oxygen species metabolic process	1	47	0.0022	0.0013	1.65	0.34
87	453	mitochondrial ribonuclease P complex	18	71	0.0397	0.002	19.65	17.94
87	453	brexanolone metabolic process	17	64	0.0375	0.0018	20.59	17.35
87	453	ursodeoxycholate 7-beta-dehydrogenase (NAD+) activity	17	70	0.0375	0.002	18.83	16.63
87	453	15-hydroxyprostaglandin dehydrogenase (NADP+) activity	4	302	0.0088	0.0086	1.03	0.26
87	453	mitochondrial nucleoid	18	169	0.0397	0.0048	8.26	11.04
87	453	15-hydroxyprostaglandin-D dehydrogenase (NADP+) activity	4	313	0.0088	0.0089	0.99	0.24
87	453	fatty acid biosynthetic process	5	807	0.011	0.023	0.48	0.01
87	453	fatty acid metabolic process	335	1010	0.7395	0.0288	25.71	300.0
87	453	tRNA binding	17	64	0.0375	0.0018	20.59	17.35
87	453	tRNA 3'-terminal CCA addition	17	64	0.0375	0.0018	20.59	17.35
87	453	chenodeoxycholate 7-alpha-dehydrogenase (NAD+) activity	17	65	0.0375	0.0019	20.27	17.23
87	453	cholate 7-alpha-dehydrogenase (NAD+) activity	297	438	0.6556	0.0125	52.57	300.0
87	453	isoursodeoxycholate 7-beta-dehydrogenase (NAD+) activity	17	70	0.0375	0.002	18.83	16.63
87	453	epithelial cell differentiation	3	96	0.0066	0.0027	2.42	0.89
87	453	peroxisome	1	1627	0.0022	0.0463	0.05	0.0
87	453	carbonyl reductase (NADPH) activity	7	327	0.0155	0.0093	1.66	0.88
87	453	testosterone dehydrogenase (NAD+) activity	302	1038	0.6667	0.0296	22.55	300.0
87	453	chromosome	1	85	0.0022	0.0024	0.91	0.17
87	453	bile acid biosynthetic process	17	520	0.0375	0.0148	2.53	3.31
87	453	estradiol 17-beta-dehydrogenase [NAD(P)+] activity	364	2847	0.8035	0.0811	9.91	300.0
87	453	lipid metabolic process	9	1633	0.0199	0.0465	0.43	0.0
87	453	androstan-3-alpha,17-beta-diol dehydrogenase (NAD+) activity	359	943	0.7925	0.0269	29.51	300.0
87	453	oxidoreductase activity, acting on the CH-CH group of donors, NAD or NADP as acceptor	1	16	0.0022	0.0005	4.85	0.73
87	453	estrogen metabolic process	354	1660	0.7815	0.0473	16.53	300.0
87	453	all-trans-retinol dehydrogenase (NADP+) activity	3	25	0.0066	0.0007	9.3	2.4
88	456	steroid biosynthetic process	6	557	0.0132	0.0159	0.83	0.14
88	456	steroid metabolic process	3	321	0.0066	0.0091	0.72	0.1
88	456	regulation of protein catabolic process	357	1256	0.7829	0.0358	21.89	300.0
88	456	lysosome organization	372	1281	0.8158	0.0365	22.36	300.0
88	456	regulation of low-density lipoprotein particle clearance	2	96	0.0044	0.0027	1.6	0.45
88	456	regulation of protein metabolic process	15	18	0.0329	0.0005	64.18	25.5
88	456	response to ethanol	1	23	0.0022	0.0007	3.35	0.59
88	456	steroid binding	3	1674	0.0066	0.0477	0.14	0.0
88	456	progesterone metabolic process	4	906	0.0088	0.0258	0.34	0.0
88	456	cholesterol biosynthetic process	5	2414	0.011	0.0687	0.16	0.0
88	456	7-dehydrocholesterol reductase activity	5	170	0.011	0.0048	2.27	1.15
88	456	alcohol metabolic process	3	119	0.0066	0.0034	1.94	0.7
88	456	regulation of TOR signaling	372	1275	0.8158	0.0363	22.47	300.0
88	456	Delta14-sterol reductase activity	5	303	0.011	0.0086	1.27	0.45
88	456	positive regulation of gene expression	2	432	0.0044	0.0123	0.36	0.01
88	456	regulation of macroautophagy	372	1271	0.8158	0.0362	22.54	300.0
88	456	cytoskeleton	1	184	0.0022	0.0052	0.42	0.04
88	456	glucosylceramide catabolic process	403	3041	0.8838	0.0866	10.21	300.0
88	456	cholesterol binding	3	1642	0.0066	0.0468	0.14	0.0
88	456	steroid 17-alpha-monooxygenase activity	6	846	0.0132	0.0241	0.55	0.02
88	456	negative regulation of macrophage derived foam cell differentiation	2	39	0.0044	0.0011	3.95	1.04
88	456	hexosyltransferase activity	15	15	0.0329	0.0004	77.01	28.4
88	456	lyase activity	6	326	0.0132	0.0093	1.42	0.6
88	456	calcium ion binding	2	1460	0.0044	0.0416	0.11	0.0
88	456	regulation of membrane potential	372	1212	0.8158	0.0345	23.64	300.0
88	456	steryl-beta-glucosidase activity	92	640	0.2018	0.0182	11.07	67.19
88	456	beta-glucosidase activity	287	2348	0.6294	0.0669	9.41	219.91
88	456	brassinosteroid biosynthetic process	2	772	0.0044	0.022	0.2	0.0
88	456	innate immune response	2	99	0.0044	0.0028	1.56	0.43
88	456	galactosylceramidase activity	403	3865	0.8838	0.1101	8.03	300.0
88	456	negative regulation of macromolecule metabolic process	372	1208	0.8158	0.0344	23.72	300.0
88	456	autophagy	372	1314	0.8158	0.0374	21.8	300.0
88	456	protein catabolic process	372	1210	0.8158	0.0345	23.68	300.0
88	456	glucosyltransferase activity	357	1332	0.7829	0.0379	20.64	300.0
88	456	lysosomal membrane	403	2454	0.8838	0.0699	12.65	300.0
88	456	response to estradiol	1	57	0.0022	0.0016	1.35	0.28
88	456	cholesterol metabolic process	387	6083	0.8487	0.1732	4.9	221.66
88	456	hormone biosynthetic process	4	713	0.0088	0.0203	0.43	0.01
88	456	signaling receptor binding	372	1444	0.8158	0.0411	19.84	300.0
88	456	sterol binding	1	52	0.0022	0.0015	1.48	0.31
88	456	response to nutrient levels	1	20	0.0022	0.0006	3.85	0.64
88	456	androgen binding	2	88	0.0044	0.0025	1.75	0.5
88	456	response to testosterone	1	24	0.0022	0.0007	3.21	0.57
88	456	glucosylceramidase activity	403	3857	0.8838	0.1098	8.05	300.0
88	456	lipid metabolic process	1	1633	0.0022	0.0465	0.05	0.0
88	456	heme binding	6	5655	0.0132	0.161	0.08	-0.0
88	456	response to hypoxia	1	20	0.0022	0.0006	3.85	0.64
89	95	(3S)-3-hydroxyacyl-CoA dehydrogenase (NAD+) activity	17	975	0.1789	0.0278	6.45	8.99
89	95	monooxygenase activity	72	196	0.7579	0.0056	135.79	146.94
89	95	sterol metabolic process	63	603	0.6632	0.0172	38.62	87.56
89	95	response to light stimulus	69	141	0.7263	0.004	180.89	150.97
89	95	skotomorphogenesis	3	43	0.0316	0.0012	25.79	3.66
89	95	oxidoreductase activity, acting on paired donors, with incorporation or reduction of molecular oxygen	70	156	0.7368	0.0044	165.87	149.95
89	95	androgen metabolic process	17	1056	0.1789	0.0301	5.95	8.47
89	95	brassinosteroid biosynthetic process	73	772	0.7684	0.022	34.95	101.4
89	95	fatty acid metabolic process	17	1010	0.1789	0.0288	6.22	8.76
89	95	brassinosteroid homeostasis	73	626	0.7684	0.0178	43.11	108.38
89	95	oxidoreductase activity, acting on paired donors, with incorporation or reduction of molecular oxygen, reduced flavin or flavoprotein as one donor, and incorporation of one atom of oxygen	1	92	0.0105	0.0026	4.02	0.66
89	95	estradiol 17-beta-dehydrogenase [NAD(P)+] activity	17	2847	0.1789	0.0811	2.21	2.81
89	95	heme binding	73	5655	0.7684	0.161	4.77	38.39
89	95	androstan-3-alpha,17-beta-diol dehydrogenase (NAD+) activity	17	943	0.1789	0.0269	6.66	9.21
89	95	microtubule bundle formation	3	42	0.0316	0.0012	26.4	3.69
89	95	estrogen metabolic process	17	1660	0.1789	0.0473	3.79	5.68
90	248	3-beta-hydroxysteroid 3-dehydrogenase (NADP+) activity	119	895	0.4798	0.0255	18.83	121.11
90	248	central nervous system neuron development	9	72	0.0363	0.0021	17.7	8.66
90	248	cholesterol biosynthetic process	117	2414	0.4718	0.0687	6.86	67.85
90	248	cholesterol biosynthetic process via lathosterol	2	269	0.0081	0.0077	1.05	0.25
90	248	glycoside catabolic process	9	73	0.0363	0.0021	17.46	8.61
90	248	glycolipid biosynthetic process	9	144	0.0363	0.0041	8.85	6.03
90	248	zymosterol biosynthetic process	2	201	0.0081	0.0057	1.41	0.38
90	248	5-alpha-androstane-3-beta,17-beta-diol dehydrogenase (NADP+) activity	119	1008	0.4798	0.0287	16.72	114.73
90	248	regulation of actin filament polymerization	9	72	0.0363	0.0021	17.7	8.66
90	248	androgen metabolic process	2	1056	0.0081	0.0301	0.27	0.0
90	248	brain development	2	209	0.0081	0.006	1.36	0.36
90	248	central nervous system development	110	1381	0.4435	0.0393	11.28	85.97
90	248	embryonic organ development	2	66	0.0081	0.0019	4.29	1.1
90	248	glucosylceramide catabolic process	121	3041	0.4879	0.0866	5.63	60.97
90	248	glycosyltransferase activity	112	704	0.4516	0.02	22.53	122.29
90	248	regulation of microtubule polymerization	9	72	0.0363	0.0021	17.7	8.66
90	248	steryl-beta-glucosidase activity	16	640	0.0645	0.0182	3.54	4.83
90	248	beta-glucosidase activity	106	2348	0.4274	0.0669	6.39	57.33
90	248	estrogen biosynthetic process	119	1149	0.4798	0.0327	14.67	107.79
90	248	galactosylceramidase activity	121	3865	0.4879	0.1101	4.43	49.56
90	248	regulation of membrane lipid distribution	9	72	0.0363	0.0021	17.7	8.66
90	248	glucosyltransferase activity	9	1332	0.0363	0.0379	0.96	0.22
90	248	cholesterol metabolic process	121	6083	0.4879	0.1732	2.82	29.45
90	248	glucosylceramidase activity	121	3857	0.4879	0.1098	4.44	49.66
90	248	estradiol 17-beta-dehydrogenase [NAD(P)+] activity	119	2847	0.4798	0.0811	5.92	62.08
90	248	carbohydrate metabolic process	121	798	0.4879	0.0227	21.47	130.68
90	248	bile acid metabolic process	9	229	0.0363	0.0065	5.57	4.4
90	248	cholesterol biosynthetic process via desmosterol	2	288	0.0081	0.0082	0.98	0.22
91	138	retinoic acid binding	35	35	0.2536	0.001	254.47	86.24
91	138	steroid biosynthetic process	1	557	0.0072	0.0159	0.46	0.05
91	138	steroid metabolic process	16	321	0.1159	0.0091	12.68	12.7
91	138	bilirubin conjugation	28	30	0.2029	0.0009	237.51	65.99
91	138	amyloid precursor protein catabolic process	2	23	0.0145	0.0007	22.13	2.43
91	138	cellular response to estradiol stimulus	1	368	0.0072	0.0105	0.69	0.12
91	138	response to steroid hormone	1	23	0.0072	0.0007	11.06	1.06
91	138	flavone metabolic process	40	40	0.2899	0.0011	254.47	98.95
91	138	response to ethanol	1	23	0.0072	0.0007	11.06	1.06
91	138	enzyme binding	118	350	0.8551	0.01	85.79	222.09
91	138	steroid binding	30	1674	0.2174	0.0477	4.56	11.64
91	138	peptide antigen binding	78	79	0.5652	0.0022	251.25	197.7
91	138	inflammatory response	2	105	0.0145	0.003	4.85	1.19
91	138	cholesterol biosynthetic process	4	2414	0.029	0.0687	0.42	0.01
91	138	skin development	78	82	0.5652	0.0023	242.06	193.35
91	138	sterol 3-beta-glucosyltransferase activity	2	21	0.0145	0.0006	24.24	2.51
91	138	sterol metabolic process	17	603	0.1232	0.0172	7.17	9.56
91	138	Delta24-sterol reductase activity	80	86	0.5797	0.0024	236.72	196.47
91	138	response to light stimulus	1	141	0.0072	0.004	1.8	0.37
91	138	DNA damage response	2	19	0.0145	0.0005	26.79	2.6
91	138	xenobiotic catabolic process	2	191	0.0145	0.0054	2.66	0.76
91	138	fatty acid binding	2	18	0.0145	0.0005	28.27	2.65
91	138	enzyme inhibitor activity	40	40	0.2899	0.0011	254.47	98.95
91	138	xenobiotic metabolic process	46	499	0.3333	0.0142	23.46	49.4
91	138	cholesterol biosynthetic process via lathosterol	77	269	0.558	0.0077	72.84	128.3
91	138	liver development	13	31	0.0942	0.0009	106.71	23.24
91	138	androgen metabolic process	2	1056	0.0145	0.0301	0.48	0.04
91	138	response to xenobiotic stimulus	2	98	0.0145	0.0028	5.19	1.24
91	138	negative regulation of cell population proliferation	3	97	0.0217	0.0028	7.87	2.17
91	138	sterol biosynthetic process	2	80	0.0145	0.0023	6.36	1.4
91	138	response to toxic substance	3	39	0.0217	0.0011	19.57	3.31
91	138	response to glucocorticoid	1	40	0.0072	0.0011	6.36	0.84
91	138	UDP-glycosyltransferase activity	15	21	0.1087	0.0006	181.77	31.7
91	138	protein-containing complex	3	462	0.0217	0.0132	1.65	0.56
91	138	FAD binding	80	94	0.5797	0.0027	216.57	188.9
91	138	brassinosteroid biosynthetic process	1	772	0.0072	0.022	0.33	0.02
91	138	fatty acid metabolic process	2	1010	0.0145	0.0288	0.5	0.04
91	138	cellular response to glucocorticoid stimulus	15	32	0.1087	0.0009	119.28	27.7
91	138	response to lipopolysaccharide	3	17	0.0217	0.0005	44.91	4.41
91	138	heme catabolic process	28	101	0.2029	0.0029	70.55	43.89
91	138	glucuronosyltransferase activity	54	54	0.3913	0.0015	254.47	135.12
91	138	digestive tract development	2	50	0.0145	0.0014	10.18	1.78
91	138	retinoic acid metabolic process	5	107	0.0362	0.003	11.89	4.17
91	138	gene expression	2	124	0.0145	0.0035	4.1	1.07
91	138	cholesterol metabolic process	2	6083	0.0145	0.1732	0.08	0.0
91	138	endoplasmic reticulum lumen	28	52	0.2029	0.0015	137.02	54.03
91	138	protein heterodimerization activity	17	308	0.1232	0.0088	14.05	14.19
91	138	Delta24(24-1) sterol reductase activity	78	85	0.5652	0.0024	233.51	189.91
91	138	carbohydrate metabolic process	2	798	0.0145	0.0227	0.64	0.08
91	138	lipid metabolic process	1	1633	0.0072	0.0465	0.16	0.0
91	138	response to nutrient	1	26	0.0072	0.0007	9.79	1.01
91	138	cellular response to testosterone stimulus	2	81	0.0145	0.0023	6.28	1.39
91	138	tissue development	78	476	0.5652	0.0136	41.7	108.99
91	138	protein homodimerization activity	36	390	0.2609	0.0111	23.49	38.23
91	138	flavonoid metabolic process	9	16	0.0652	0.0005	143.14	17.72
91	138	oxidoreductase activity, acting on the CH-CH group of donors, NAD or NADP as acceptor	4	16	0.029	0.0005	63.62	6.4
91	138	endoplasmic reticulum chaperone complex	28	28	0.2029	0.0008	254.47	68.63
91	138	bile acid metabolic process	5	229	0.0362	0.0065	5.56	2.66
91	138	estrogen metabolic process	47	1660	0.3406	0.0473	7.2	27.09
91	138	cholesterol biosynthetic process via desmosterol	77	288	0.558	0.0082	68.04	125.65
92	314	sterol 14-demethylase activity	242	2241	0.7707	0.0638	12.08	224.4
92	314	cholesterol biosynthetic process	1	2414	0.0032	0.0687	0.05	0.0
92	314	ergosterol biosynthetic process	240	396	0.7643	0.0113	67.78	300.0
92	314	perinuclear endoplasmic reticulum	58	94	0.1847	0.0027	69.01	95.26
92	314	methyltransferase activity	128	767	0.4076	0.0218	18.66	127.99
92	314	cortical endoplasmic reticulum	58	100	0.1847	0.0028	64.87	92.92
92	314	methylation	128	978	0.4076	0.0278	14.64	113.87
92	314	heme binding	242	5655	0.7707	0.161	4.79	126.94
93	291	estrogen 16-alpha-hydroxylase activity	2	240	0.0069	0.0068	1.01	0.23
93	291	G protein-coupled receptor activity	1	338	0.0034	0.0096	0.36	0.03
93	291	intracellular cholesterol transport	2	57	0.0069	0.0016	4.23	1.09
93	291	cellular response to cholesterol	1	173	0.0034	0.0049	0.7	0.12
93	291	sterol 14-demethylase activity	7	2241	0.0241	0.0638	0.38	0.0
93	291	positive regulation of cell migration	1	223	0.0034	0.0064	0.54	0.07
93	291	presynapse	125	1207	0.4296	0.0344	12.5	103.01
93	291	lipid hydroxylation	2	164	0.0069	0.0047	1.47	0.4
93	291	retinoic acid 4-hydroxylase activity	2	100	0.0069	0.0028	2.41	0.7
93	291	magnesium ion binding	43	681	0.1478	0.0194	7.62	24.4
93	291	cellular response to peptide hormone stimulus	6	269	0.0206	0.0077	2.69	1.6
93	291	negative regulation of gene expression	1	363	0.0034	0.0103	0.33	0.02
93	291	spinal cord dorsal/ventral patterning	1	79	0.0034	0.0022	1.53	0.32
93	291	progesterone metabolic process	47	906	0.1615	0.0258	6.26	23.06
93	291	cholesterol biosynthetic process	6	2414	0.0206	0.0687	0.3	0.0
93	291	commissural neuron axon guidance	1	129	0.0034	0.0037	0.94	0.18
93	291	cytoplasmic vesicle	2	26	0.0069	0.0007	9.28	1.71
93	291	xenobiotic catabolic process	2	191	0.0069	0.0054	1.26	0.33
93	291	manganese ion binding	41	476	0.1409	0.0136	10.39	28.46
93	291	heart looping	1	135	0.0034	0.0038	0.89	0.17
93	291	smoothened signaling pathway	1	1536	0.0034	0.0437	0.08	0.0
93	291	xenobiotic metabolic process	46	499	0.1581	0.0142	11.12	33.29
93	291	steroid hydroxylase activity	46	153	0.1581	0.0044	36.28	58.22
93	291	dendrite	126	1498	0.433	0.0427	10.15	92.59
93	291	cortisol metabolic process	6	192	0.0206	0.0055	3.77	2.26
93	291	patched binding	1	1613	0.0034	0.0459	0.07	0.0
93	291	alkaloid catabolic process	2	102	0.0069	0.0029	2.37	0.68
93	291	cholesterol 24-hydroxylase activity	125	1202	0.4296	0.0342	12.55	103.23
93	291	positive regulation of gene expression	1	432	0.0034	0.0123	0.28	0.01
93	291	cholesterol homeostasis	1	1948	0.0034	0.0555	0.06	0.0
93	291	protein kinase A catalytic subunit binding	1	76	0.0034	0.0022	1.59	0.33
93	291	nucleoside diphosphate metabolic process	41	475	0.1409	0.0135	10.42	28.5
93	291	oxysterol binding	1	423	0.0034	0.012	0.29	0.01
93	291	9+0 non-motile cilium	1	74	0.0034	0.0021	1.63	0.34
93	291	cholesterol import	2	80	0.0069	0.0023	3.02	0.85
93	291	cholesterol transfer activity	2	937	0.0069	0.0267	0.26	0.0
93	291	ciliary membrane	1	77	0.0034	0.0022	1.57	0.32
93	291	ventral midline determination	1	74	0.0034	0.0021	1.63	0.34
93	291	cholesterol binding	2	1642	0.0069	0.0468	0.15	0.0
93	291	postsynapse	125	1209	0.4296	0.0344	12.48	102.92
93	291	oxysterol 7-alpha-hydroxylase activity	1	393	0.0034	0.0112	0.31	0.02
93	291	steroid 17-alpha-monooxygenase activity	1	846	0.0034	0.0241	0.14	0.0
93	291	protein sequestering activity	1	153	0.0034	0.0044	0.79	0.14
93	291	centriole	1	76	0.0034	0.0022	1.59	0.33
93	291	midgut development	1	77	0.0034	0.0022	1.57	0.32
93	291	caveola	1	1185	0.0034	0.0337	0.1	0.0
93	291	endoplasmic reticulum-Golgi intermediate compartment	1	76	0.0034	0.0022	1.59	0.33
93	291	coenzyme A diphosphatase activity	117	1023	0.4021	0.0291	13.8	100.71
93	291	positive regulation of multicellular organism growth	1	74	0.0034	0.0021	1.63	0.34
93	291	positive regulation of DNA-templated transcription	1	326	0.0034	0.0093	0.37	0.03
93	291	C21-steroid hormone biosynthetic process	6	194	0.0206	0.0055	3.73	2.24
93	291	determination of left/right asymmetry in lateral mesoderm	1	128	0.0034	0.0036	0.94	0.18
93	291	glucocorticoid biosynthetic process	6	215	0.0206	0.0061	3.37	2.03
93	291	oxidative demethylation	2	163	0.0069	0.0046	1.48	0.41
93	291	contact inhibition	1	75	0.0034	0.0021	1.61	0.33
93	291	positive regulation of branching involved in ureteric bud morphogenesis	1	74	0.0034	0.0021	1.63	0.34
93	291	retinoic acid metabolic process	2	107	0.0069	0.003	2.26	0.65
93	291	coenzyme A catabolic process	115	635	0.3952	0.0181	21.85	122.77
93	291	hydroperoxy icosatetraenoate dehydratase activity	2	512	0.0069	0.0146	0.47	0.03
93	291	peroxisome	3	1627	0.0103	0.0463	0.22	0.0
93	291	positive regulation of organ growth	1	74	0.0034	0.0021	1.63	0.34
93	291	cAMP-dependent protein kinase inhibitor activity	1	74	0.0034	0.0021	1.63	0.34
93	291	regulation of heart morphogenesis	1	74	0.0034	0.0021	1.63	0.34
93	291	cholesterol metabolic process	7	6083	0.0241	0.1732	0.14	-0.0
93	291	regulation of long-term synaptic potentiation	43	61	0.1478	0.0017	85.07	75.85
93	291	hormone biosynthetic process	1	713	0.0034	0.0203	0.17	0.0
93	291	smooth muscle tissue development	1	214	0.0034	0.0061	0.56	0.08
93	291	oxygen binding	2	95	0.0069	0.0027	2.54	0.73
93	291	cholesterol monooxygenase (side-chain-cleaving) activity	6	176	0.0206	0.005	4.11	2.44
93	291	bile acid biosynthetic process	1	520	0.0034	0.0148	0.23	0.01
93	291	positive regulation of cholesterol metabolic process	2	80	0.0069	0.0023	3.02	0.85
93	291	forebrain morphogenesis	1	74	0.0034	0.0021	1.63	0.34
93	291	lipid metabolic process	1	1633	0.0034	0.0465	0.07	0.0
93	291	heme binding	142	5655	0.488	0.161	3.03	38.07
93	291	somite development	1	265	0.0034	0.0075	0.46	0.05
93	291	negative regulation of DNA-templated transcription	1	80	0.0034	0.0023	1.51	0.31
93	291	cholesterol catabolic process	125	1254	0.4296	0.0357	12.03	100.92
93	291	mesenchymal to epithelial transition involved in metanephric renal vesicle formation	1	74	0.0034	0.0021	1.63	0.34
93	291	aflatoxin metabolic process	2	92	0.0069	0.0026	2.62	0.75
93	291	late endosome	1	102	0.0034	0.0029	1.18	0.24
93	291	estrogen metabolic process	2	1660	0.0069	0.0473	0.15	0.0
93	291	peroxisomal matrix	117	1220	0.4021	0.0347	11.57	91.7
94	219	sterol 14-demethylase activity	81	2241	0.3699	0.0638	5.8	39.75
94	219	diacylglycerol lipase activity	41	101	0.1872	0.0029	65.09	63.73
94	219	cholesterol efflux	2	528	0.0091	0.015	0.61	0.07
94	219	cellular response to insulin stimulus	8	84	0.0365	0.0024	15.27	7.23
94	219	cholesterol biosynthetic process	8	2414	0.0365	0.0687	0.53	0.01
94	219	lipid droplet	92	1587	0.4201	0.0452	9.3	63.79
94	219	triglyceride catabolic process	87	1003	0.3973	0.0286	13.91	74.83
94	219	triacylglycerol lipase activity	89	2063	0.4064	0.0587	6.92	50.6
94	219	triglyceride metabolic process	2	590	0.0091	0.0168	0.54	0.05
94	219	negative regulation of cholesterol biosynthetic process	2	78	0.0091	0.0022	4.11	1.07
94	219	ergosterol biosynthetic process	4	396	0.0183	0.0113	1.62	0.63
94	219	cholesterol homeostasis	2	1948	0.0091	0.0555	0.16	0.0
94	219	monoacylglycerol lipase activity	92	1012	0.4201	0.0288	14.58	81.52
94	219	SREBP-SCAP-Insig complex	8	79	0.0365	0.0022	16.24	7.44
94	219	sterol ester esterase activity	89	2104	0.4064	0.0599	6.78	49.89
94	219	oxysterol binding	8	423	0.0365	0.012	3.03	2.28
94	219	lipid catabolic process	6	1122	0.0274	0.032	0.86	0.15
94	219	sterol biosynthetic process	2	80	0.0091	0.0023	4.01	1.05
94	219	negative regulation of cargo loading into COPII-coated vesicle	2	71	0.0091	0.002	4.52	1.14
94	219	cholesterol binding	2	1642	0.0091	0.0468	0.2	0.0
94	219	retinyl-palmitate esterase activity	41	123	0.1872	0.0035	53.45	59.43
94	219	methyltransferase activity	74	767	0.3379	0.0218	15.47	66.09
94	219	cholesterol O-acyltransferase activity	2	211	0.0091	0.006	1.52	0.42
94	219	protein sequestering activity	8	153	0.0365	0.0044	8.38	5.24
94	219	response to insulin	1	16	0.0046	0.0005	10.02	1.02
94	219	caveola	92	1185	0.4201	0.0337	12.45	75.22
94	219	response to lipid	1	28	0.0046	0.0008	5.73	0.79
94	219	positive regulation of cholesterol biosynthetic process	1	22	0.0046	0.0006	7.29	0.89
94	219	regulation of transcription by RNA polymerase II	1	97	0.0046	0.0028	1.65	0.34
94	219	diacylglycerol catabolic process	1	63	0.0046	0.0018	2.55	0.49
94	219	cholesterol metabolic process	98	6083	0.4475	0.1732	2.58	20.51
94	219	methylation	74	978	0.3379	0.0278	12.13	58.32
94	219	fatty-acyl-CoA binding	2	210	0.0091	0.006	1.53	0.42
94	219	heme binding	81	5655	0.3699	0.161	2.3	13.28
94	219	negative regulation of protein exit from endoplasmic reticulum	2	71	0.0091	0.002	4.52	1.14
94	219	SREBP-SCAP complex retention in endoplasmic reticulum	8	78	0.0365	0.0022	16.45	7.49
94	219	SREBP signaling pathway	8	94	0.0365	0.0027	13.65	6.85
