i	j	len_i	len_j	identity
7296	1639	696	524	0.23728813559322035
18024	16049	1501	292	0.20408163265306123
14628	9144	245	707	0.5555555555555556
6717	5697	261	227	0.27906976744186046
27651	2082	501	188	0.5833333333333334
1952	6140	1352	399	0.25
14328	15247	628	299	0.3333333333333333
33118	1739	739	524	0.35714285714285715
13031	27493	1268	697	0.4666666666666667
14446	29439	163	211	0.5
18231	425	540	552	0.4166666666666667
10463	27696	544	254	0.27419354838709675
22298	18210	477	190	0.2261904761904762
10189	14110	304	1286	0.3783783783783784
22059	6698	1271	345	0.21568627450980393
6078	24898	513	500	0.2857142857142857
6338	23526	313	1487	0.2777777777777778
2847	30108	512	1261	0.29411764705882354
8180	24807	1352	1281	0.9658119658119658
5164	19213	500	512	0.22727272727272727
23700	12601	515	505	0.375
4558	3003	570	414	0.2631578947368421
14935	18965	188	511	0.6737967914438503
5229	15256	1305	1326	0.6491487786824575
6619	24911	361	345	0.3181818181818182
18217	29714	476	528	0.49471458773784355
23909	10659	535	1188	0.24074074074074073
24260	23283	525	959	0.36363636363636365
13730	17496	190	293	0.44
4679	11215	463	658	0.4666666666666667
35005	16043	573	506	0.2184873949579832
10708	30294	1534	521	0.2463768115942029
24867	17691	465	231	0.24210526315789474
14392	21252	556	1321	0.18604651162790697
3665	15010	605	298	0.2727272727272727
2103	20673	285	409	0.2702702702702703
26290	17546	889	292	0.8
4337	13826	584	1272	0.26666666666666666
20622	13934	284	346	0.43478260869565216
32717	25928	747	496	0.21100917431192662
30071	9363	495	1287	0.2391304347826087
17359	9150	317	546	0.2714285714285714
16162	17219	192	782	0.21052631578947367
28077	26175	845	1322	0.26785714285714285
23723	14373	460	478	0.3225806451612903
9065	33392	490	501	0.2702702702702703
32343	5957	722	338	0.3076923076923077
3087	7185	396	1295	0.28888888888888886
10016	10484	369	416	0.2978723404255319
27666	4163	546	315	0.23076923076923078
25216	25009	418	345	0.4117647058823529
30674	34676	1070	576	0.2857142857142857
16476	752	242	545	0.24242424242424243
7507	17486	463	1409	0.47368421052631576
22293	7310	1335	569	0.27631578947368424
19234	28492	616	663	0.32
10365	29735	261	211	0.30994152046783624
212	17261	477	728	0.4444444444444444
32806	11708	530	256	0.2777777777777778
33271	6973	1020	464	0.4583333333333333
19558	33270	1275	356	0.2631578947368421
13035	10016	95	369	0.34615384615384615
24504	10587	508	345	0.2727272727272727
34757	37	545	502	0.3333333333333333
21243	32021	464	323	0.30303030303030304
1276	7331	255	1203	0.2903225806451613
23788	20153	650	1235	0.26506024096385544
15692	3796	521	294	0.32142857142857145
15785	5161	394	507	0.5879396984924623
5613	31849	358	503	0.3333333333333333
4535	34911	406	592	0.3191489361702128
8241	8414	871	615	0.3
31148	10821	536	422	0.3333333333333333
17370	34581	544	553	0.4090909090909091
27730	13880	334	235	0.3225806451612903
13182	20428	394	1532	0.43478260869565216
26148	24472	527	469	0.36
28711	33919	260	850	0.47619047619047616
29588	7930	456	533	0.6592427616926503
16246	14725	408	521	0.36
4196	22156	250	865	0.27586206896551724
1378	15080	504	328	0.21739130434782608
14432	471	477	337	0.2692307692307692
4652	3858	1245	261	0.40816326530612246
15003	4417	1286	255	0.35185185185185186
2058	21654	379	516	0.19718309859154928
4643	33695	507	325	0.34782608695652173
15597	18250	1524	617	0.3888888888888889
31812	14040	418	454	0.4230769230769231
8671	30976	651	1340	0.23711340206185566
15925	30996	93	737	0.32
26677	12478	494	192	0.26666666666666666
6181	6352	500	414	0.35294117647058826
28249	23219	558	258	0.3157894736842105
27759	26941	339	522	0.21153846153846154
30606	3550	291	1537	0.24731182795698925
6449	3972	1520	335	0.18604651162790697
26386	22236	540	454	0.25
7161	16295	415	448	0.28
12556	12465	165	362	0.5833333333333334
29400	9186	544	128	0.42857142857142855
27648	12025	256	258	0.3522727272727273
18254	30318	514	1273	0.2727272727272727
16371	4940	406	343	0.5
29041	6416	857	594	0.2033898305084746
3315	967	292	312	0.2513089005235602
6112	15491	1544	505	0.3018867924528302
10899	26634	762	1276	0.2807017543859649
31826	31546	517	438	0.2916666666666667
14008	26282	154	383	0.5
3842	10789	519	540	0.2647058823529412
24836	141	727	265	0.24210526315789474
25586	17380	499	508	0.20902612826603326
29819	18694	1490	1321	0.3381679389312977
27722	31894	554	507	0.3333333333333333
10144	12445	512	502	0.47619047619047616
19445	14267	863	223	0.29347826086956524
3832	3994	292	312	0.3021978021978022
20552	3746	510	514	0.25
3286	31246	374	1188	0.25925925925925924
32954	34807	908	262	0.3157894736842105
10317	3727	532	394	0.3888888888888889
33281	5250	1458	549	0.21374045801526717
12178	4490	1325	399	0.23414634146341465
4453	15414	429	504	0.4375
26461	7856	403	423	0.5833333333333334
16135	2604	192	404	0.30434782608695654
5372	27474	507	466	0.28205128205128205
34261	20733	1276	242	0.37037037037037035
17089	13386	562	524	0.3037974683544304
20590	15642	1264	159	0.2982456140350877
17407	25938	255	501	0.4090909090909091
8577	19660	1366	585	0.2903225806451613
29964	20720	737	509	0.20512820512820512
4754	610	318	187	0.3181818181818182
30034	6552	1282	538	0.24242424242424243
4801	13969	507	301	0.2857142857142857
33153	17380	347	508	0.14705882352941177
8680	22872	1245	1288	0.6279620853080569
4508	16009	434	535	0.4375
24217	18676	536	1283	0.21978021978021978
10338	28716	1336	431	0.38461538461538464
19825	34664	492	786	0.34782608695652173
512	19620	1271	600	0.3018867924528302
6788	8800	238	227	0.4642857142857143
17332	7564	899	516	0.3684210526315789
7014	10187	1195	558	0.2608695652173913
17848	18465	458	362	0.28
13803	22471	1279	650	0.2408026755852843
13342	17300	1332	1527	0.35066864784546803
33122	32016	367	356	0.2826086956521739
16457	3329	394	304	0.4666666666666667
6048	27759	510	339	0.3870967741935484
18132	2889	116	806	0.3333333333333333
232	21859	220	489	0.20833333333333334
8573	17167	1505	542	0.3939393939393939
10589	28956	851	387	0.3103448275862069
28028	633	386	644	0.2564102564102564
9768	2361	448	486	0.24541284403669725
24196	9705	861	345	0.3170731707317073
28166	8352	1273	349	0.21052631578947367
2741	20202	1075	1228	0.3473108477666363
23897	2614	570	508	0.35294117647058826
23449	13767	1556	1299	0.35316265060240964
16353	6736	404	428	0.3
23178	26632	357	1292	0.5454545454545454
10128	15514	213	292	0.25773195876288657
10649	11603	461	310	0.2962962962962963
27020	1624	222	557	0.6
11754	21770	547	276	0.35294117647058826
26982	16263	343	223	0.3076923076923077
17485	10433	484	1290	0.21428571428571427
7084	25070	410	349	0.4
2537	30847	712	547	0.24242424242424243
14577	13079	473	192	0.36666666666666664
30166	22915	567	612	0.28125
20000	14915	1284	223	0.2912621359223301
14609	1550	532	503	0.20161290322580644
12656	26113	188	273	0.5
21512	18258	1181	277	0.2702702702702703
4549	18292	343	1276	0.5
23012	33384	417	100	0.32558139534883723
26193	21702	544	475	0.19672131147540983
1808	7559	1364	465	0.25396825396825395
17118	11702	440	335	0.32075471698113206
17397	2507	486	524	0.4166666666666667
7104	28479	1298	509	0.2318840579710145
22654	20557	717	1319	0.225
28599	33516	430	1020	0.25688073394495414
7578	25244	1323	260	0.2411764705882353
12457	16693	556	513	0.3870967741935484
2908	28577	348	414	0.24324324324324326
110	34073	544	765	0.48
12912	23869	293	447	0.21568627450980393
28265	4585	510	327	0.32142857142857145
21639	20572	312	450	0.375
8167	19681	505	585	0.35294117647058826
33234	20269	778	346	0.5
26764	21376	486	524	0.26582278481012656
26371	19376	1531	543	0.25
8341	12572	417	265	0.4166666666666667
27554	24847	650	473	0.4666666666666667
11405	19723	208	571	0.2711864406779661
26612	26	332	246	0.2398190045248869
19914	18803	1279	490	0.3888888888888889
13774	28173	164	748	0.3157894736842105
21118	30473	622	619	0.6837121212121212
28952	28977	524	582	0.5623762376237624
14005	33500	292	283	0.2857142857142857
31010	11120	320	658	0.3333333333333333
5557	18598	507	509	0.25
33780	21966	473	898	0.2708333333333333
6120	15392	549	379	0.3870967741935484
20343	14722	659	556	0.27906976744186046
13050	9656	505	585	0.23214285714285715
1600	3028	498	526	0.24
16046	31138	317	271	0.4
4772	29846	580	255	0.2542372881355932
27160	12742	534	293	0.20833333333333334
25164	32399	1209	508	0.19230769230769232
26191	15989	522	292	0.30952380952380953
9671	363	317	394	0.35714285714285715
6985	27862	315	251	0.20869565217391303
14341	11526	223	408	0.3225806451612903
33944	30444	795	1338	0.3181818181818182
3291	16331	928	853	0.6469893742621016
7953	29914	1276	253	0.2571428571428571
8738	30450	516	339	0.2727272727272727
34808	20794	933	403	0.3
29004	33081	793	1447	0.3
27966	29223	442	509	0.38461538461538464
10430	31108	564	345	0.29411764705882354
29495	16986	335	555	0.5
16203	18173	451	192	0.6844919786096256
34163	31758	127	540	0.2857142857142857
15679	17996	394	1275	0.2421875
28827	5077	334	410	0.2698412698412698
18725	15367	273	529	0.3076923076923077
17807	22010	405	1274	0.2962962962962963
20952	5280	1326	1333	0.6345998383185125
9068	9884	483	466	0.27184466019417475
15155	25102	123	1216	0.5454545454545454
10014	14021	482	232	0.3409090909090909
4209	27188	515	847	0.38095238095238093
26712	21684	493	316	0.3611111111111111
30534	27248	438	335	0.2786885245901639
4080	13555	562	505	0.2182890855457227
27534	25524	604	647	0.6677908937605397
1280	24928	255	1355	0.6363636363636364
31259	386	263	448	0.34210526315789475
23052	19569	1229	695	0.25
25558	27460	808	524	0.2564102564102564
14453	31996	534	362	0.24489795918367346
14380	17887	448	317	0.5625
28562	31827	468	418	0.26582278481012656
1902	25484	259	468	0.3684210526315789
22028	26497	1552	375	0.2972972972972973
10816	30630	335	278	0.3225806451612903
8364	35004	616	673	0.375
1767	25822	394	524	0.27906976744186046
1776	5501	793	687	0.3235294117647059
28089	8893	495	461	0.24873096446700507
30257	11909	1325	1302	0.8953488372093024
3295	17049	1317	466	0.46153846153846156
24844	21453	481	346	0.26666666666666666
13871	29799	446	260	0.30952380952380953
21420	22118	496	560	0.47058823529411764
24846	18235	480	1529	0.24489795918367346
27627	16532	513	448	0.30409356725146197
5367	30822	1539	280	0.2833333333333333
1270	3413	515	544	0.9359223300970874
22935	14694	343	1508	0.23333333333333334
4496	2638	356	355	0.25
2033	16205	919	410	0.28125
13065	1335	292	342	0.5
9986	15633	261	1330	0.4117647058823529
8272	31035	494	361	0.37777777777777777
7496	14284	403	188	0.2727272727272727
30476	16793	894	478	0.3055555555555556
24175	10996	257	550	0.4444444444444444
7506	10732	492	657	0.5454545454545454
20384	7084	280	410	0.27906976744186046
1682	20444	518	296	0.23076923076923078
24596	25995	411	471	0.25
12997	4980	190	1265	0.4444444444444444
15915	6678	94	496	0.2926829268292683
19764	7933	500	533	0.2052401746724891
2691	22754	500	373	0.3783783783783784
34913	28074	744	333	0.3142857142857143
24285	4519	452	688	0.3076923076923077
33158	22362	826	507	0.5
829	27528	1531	485	0.32558139534883723
32125	6916	316	468	0.23076923076923078
28411	23736	1244	505	0.22826086956521738
30129	10026	448	341	0.46153846153846156
28540	11543	645	1320	0.1941747572815534
34193	17700	264	631	0.2459016393442623
31686	30465	759	356	0.3
28545	17589	685	192	0.3157894736842105
21122	16088	356	505	0.23076923076923078
5679	18279	628	566	0.4
29543	15981	237	194	0.4444444444444444
30455	24837	337	260	0.43478260869565216
22046	1880	721	260	0.3142857142857143
32394	21300	1502	501	0.5
11917	31952	1474	502	0.2463768115942029
13901	23253	556	1348	0.16279069767441862
16931	22304	444	531	0.3125
18327	18105	820	363	0.24074074074074073
665	33857	1323	1041	0.3783783783783784
12521	5610	332	272	0.21370967741935484
15817	26635	365	494	0.36
32019	15749	654	1508	0.28125
31201	32166	754	543	0.2727272727272727
29371	1130	515	1329	0.4166666666666667
6098	19283	655	365	0.3958333333333333
14522	26502	802	1329	0.3333333333333333
15945	20067	556	1259	0.25925925925925924
24184	31015	1517	277	0.5
34794	22528	727	547	0.36
27885	21678	499	265	0.4166666666666667
23056	29736	657	567	0.3392857142857143
17754	20094	453	491	0.9017632241813602
16475	15108	292	505	0.22972972972972974
7907	12621	299	394	0.29411764705882354
20679	7835	350	393	0.2222222222222222
12133	12552	412	293	0.36363636363636365
14180	31732	293	620	0.6153846153846154
18120	34382	232	879	0.28
18546	6588	271	516	0.25
12721	19414	1285	555	0.2826086956521739
14908	23650	556	927	0.35294117647058826
11759	19809	333	729	0.2972972972972973
927	35005	530	573	0.1956521739130435
8295	17977	423	1510	0.32727272727272727
2982	3573	483	522	0.23826714801444043
19145	8275	496	513	0.2727272727272727
32170	6723	418	533	0.40540540540540543
803	18634	483	311	0.2826086956521739
30762	31373	312	791	0.3076923076923077
28866	22328	479	551	0.3191489361702128
12082	3367	536	1642	0.2289156626506024
16546	31308	1306	277	0.225
7476	4282	413	312	0.2647058823529412
26260	32227	1338	346	0.23333333333333334
4855	3513	270	463	0.26136363636363635
9943	9777	1338	458	0.22660098522167488
19912	5582	1230	1291	0.2413793103448276
16265	7762	394	583	0.4989517819706499
27274	14790	350	320	0.5555555555555556
34247	24928	772	1355	0.2619047619047619
29524	29014	1475	1394	0.4444444444444444
19487	28103	1328	532	0.25862068965517243
20013	3947	293	261	0.35714285714285715
6503	13617	631	191	0.3181818181818182
13829	17343	556	353	0.4666666666666667
5320	10292	434	404	0.35294117647058826
15719	11391	448	1542	0.2361111111111111
4919	10258	320	709	0.35294117647058826
175	26772	260	323	0.3076923076923077
29524	30796	1475	1318	0.3448275862068966
19087	2139	1222	379	0.2982456140350877
15170	18881	163	1257	0.27692307692307694
18528	29755	1326	539	0.3125
4664	15297	476	165	0.5454545454545454
17337	12964	332	231	0.2122905027932961
27861	7521	578	538	0.5555555555555556
14733	9764	536	477	0.35
17408	9321	513	875	0.23529411764705882
4679	3908	463	238	0.2962962962962963
10873	20159	293	1337	0.24324324324324326
18914	28780	736	254	0.29535864978902954
8149	30716	411	289	0.3333333333333333
19928	26378	1325	1340	0.23083264633140974
17841	32798	238	900	0.21428571428571427
32361	28688	261	469	0.25
5271	2612	570	479	0.24285714285714285
28313	21123	466	276	0.2916666666666667
16408	1695	365	1109	0.19318181818181818
5985	15002	597	505	0.1686746987951807
1359	17662	881	596	0.3333333333333333
2636	11481	507	585	0.358974358974359
30834	34010	563	486	0.46153846153846156
28981	18229	343	487	0.42857142857142855
11894	28566	867	355	0.26666666666666666
32225	5979	128	529	0.7142857142857143
30802	22803	1492	260	0.21238938053097345
26761	21843	429	1321	0.5294117647058824
21040	6855	481	475	0.4444444444444444
10539	21614	621	534	0.25
26977	32471	555	574	0.35714285714285715
18888	26244	639	317	0.2676056338028169
2404	29807	717	464	0.23423423423423423
5771	20612	555	221	0.2692307692307692
16541	21186	1510	431	0.25
7597	26488	522	865	0.30434782608695654
33724	75	300	590	0.21875
30276	27082	410	373	0.34210526315789475
3552	12293	509	1126	0.2641509433962264
33976	23709	570	600	0.3076923076923077
32669	28969	525	566	0.36363636363636365
3382	13340	294	448	0.2727272727272727
17501	8586	1319	509	0.2641509433962264
18876	28712	611	859	0.5714285714285714
31766	7957	340	1547	0.2982456140350877
1891	15682	320	538	0.36666666666666664
10379	20365	439	653	0.36585365853658536
896	26738	515	1325	0.26666666666666666
6108	14725	361	521	0.265625
7435	30241	479	268	0.3181818181818182
7698	10090	550	1066	0.2736842105263158
32661	19127	313	652	0.34615384615384615
33349	17919	1107	293	0.42105263157894735
27229	31621	260	1274	0.32075471698113206
30947	15973	485	394	0.5454545454545454
29935	9479	1554	553	0.20454545454545456
25138	12491	724	1509	0.625
33308	8946	283	519	0.3125
4575	18104	345	165	0.3333333333333333
27193	22274	845	1309	0.3
33275	17509	756	165	0.3333333333333333
168	18536	497	396	0.36363636363636365
19566	32089	728	326	0.3
9738	29264	618	353	0.32727272727272727
31741	22618	398	473	0.2
21786	24720	1251	522	0.34782608695652173
29841	21088	514	1527	0.21929824561403508
12363	15650	265	1332	0.36363636363636365
25098	15306	1236	1330	0.246218487394958
26920	2860	501	1325	0.3548387096774194
20852	30996	1106	737	0.47368421052631576
24984	25302	424	598	0.27419354838709675
9968	32461	703	528	0.391304347826087
2426	8273	341	483	0.22916666666666666
32918	21757	1020	520	0.22448979591836735
6577	28855	345	501	0.3684210526315789
6534	34468	855	561	0.28
29945	1005	680	528	0.3333333333333333
9447	26868	345	509	0.22727272727272727
10116	4903	298	672	0.25
30768	17368	521	497	0.36666666666666664
22187	26049	341	326	0.2608695652173913
5263	21532	429	396	0.5218446601941747
34971	24904	771	396	0.2857142857142857
20752	31978	1247	532	0.3333333333333333
2352	4484	1147	555	0.2708333333333333
15385	18833	425	517	0.7142857142857143
14908	5923	556	251	0.36
28440	6451	571	1521	0.44
6586	29076	405	631	0.3055555555555556
10902	19625	261	845	0.20833333333333334
1897	3014	292	221	0.4666666666666667
21258	3677	356	361	0.3
19226	23492	1267	245	0.3076923076923077
24565	28225	647	653	0.21818181818181817
9540	16003	865	292	0.3181818181818182
34810	27004	807	593	0.3888888888888889
11800	11140	427	296	0.2972972972972973
11473	5175	558	375	0.25806451612903225
25070	15783	349	692	0.2765957446808511
32615	9379	277	395	0.3684210526315789
15216	30221	1333	506	0.38461538461538464
16644	30118	521	292	0.325
16733	615	319	371	0.3333333333333333
30490	18850	480	986	0.26666666666666666
10353	4840	277	524	0.42857142857142855
28949	22646	516	312	0.3076923076923077
19605	27807	344	398	0.5
16390	29939	290	523	0.32558139534883723
19799	13055	1325	453	0.21153846153846154
25211	31667	491	735	0.20754716981132076
6989	15545	539	191	0.5
24993	23524	557	375	0.3611111111111111
19390	19348	497	345	0.2962962962962963
1437	25939	562	884	0.6
17988	530	362	192	0.3125
3214	32553	419	392	0.22727272727272727
18756	15081	505	1509	0.21296296296296297
23089	14352	266	1307	0.45
12460	16425	191	192	0.6010362694300518
8963	6367	458	499	0.2631578947368421
2583	20246	363	346	0.25
28889	2186	294	1359	0.27040816326530615
23911	8612	497	367	0.2127659574468085
5906	19340	434	443	0.44
21411	27230	474	513	0.6666666666666666
11510	13159	342	505	0.2553191489361702
8661	23976	1327	566	0.32
34789	32885	851	306	0.3055555555555556
17860	10783	518	1312	0.5714285714285714
16840	31578	276	533	0.21568627450980393
19342	22198	520	897	0.45454545454545453
7547	30692	579	182	0.4117647058823529
4934	9224	542	1320	0.23595505617977527
14785	26044	793	1297	0.25806451612903225
23971	5918	564	505	0.19491525423728814
25858	912	552	1303	0.24719101123595505
17331	8099	540	507	0.42105263157894735
29804	24155	894	1382	0.25757575757575757
17181	24970	840	345	0.24528301886792453
24344	7100	252	1256	0.34615384615384615
15323	30898	484	1304	0.2261904761904762
1640	21496	516	568	0.46153846153846156
14507	4142	263	277	0.32142857142857145
30426	19804	619	275	0.2692307692307692
26758	7646	370	490	0.3235294117647059
9160	2971	505	167	0.2866666666666667
2438	19946	262	447	0.5454545454545454
32284	7610	542	351	0.2641509433962264
6369	15387	227	394	0.3404255319148936
8890	25470	487	256	0.32608695652173914
29729	24314	475	859	0.5
27467	10126	1254	790	0.21739130434782608
27189	6489	869	473	0.6428571428571429
32069	26746	666	351	0.5714285714285714
18333	2144	1467	447	0.30952380952380953
24283	14238	628	292	0.3064516129032258
29057	29143	837	554	0.2857142857142857
15473	23768	497	1215	0.3548387096774194
6511	24073	312	317	0.38461538461538464
23506	3968	1424	542	0.225
26092	18080	866	631	0.24358974358974358
12439	8005	325	505	0.4
29800	6007	411	449	0.48
13900	1399	529	522	0.19696969696969696
3314	21856	420	510	0.27122641509433965
15962	8252	630	349	0.25287356321839083
13448	4496	318	356	0.5171232876712328
13576	14152	365	292	0.2909090909090909
15269	21532	164	396	0.5
9670	185	520	569	0.3448275862068966
18171	9482	521	865	0.2641509433962264
8519	16426	260	448	0.38095238095238093
11435	7204	398	421	0.46153846153846156
1689	8637	499	681	0.2708333333333333
973	23477	1333	730	0.2909090909090909
15593	21218	556	566	0.2261904761904762
1034	11419	562	503	0.2894736842105263
17391	3434	613	299	0.28846153846153844
8307	27588	1295	221	0.46153846153846156
34477	7448	555	404	0.30434782608695654
4165	31211	568	555	0.35294117647058826
29378	23726	515	508	0.2248995983935743
33635	7146	1020	301	0.6363636363636364
29622	33019	456	274	0.2702702702702703
14519	2841	448	615	0.3103448275862069
34173	19767	930	320	0.28846153846153844
30018	2041	404	558	0.4583333333333333
3986	31390	656	381	0.2923076923076923
26320	27936	458	533	0.38461538461538464
7075	32130	445	406	0.42105263157894735
29069	4816	589	882	0.24615384615384617
5294	21109	1260	933	0.24193548387096775
9721	4304	260	513	0.3225806451612903
8270	18023	851	505	0.42857142857142855
21311	24962	461	458	0.75
34770	19326	298	1264	0.45
29734	33131	542	360	0.3181818181818182
28193	6499	615	767	0.375
7498	14091	327	244	0.3125
28185	29593	626	456	0.2765957446808511
14974	27119	154	1129	0.25806451612903225
22212	29720	520	528	0.28125
26131	27262	1356	342	0.2727272727272727
6231	20483	476	508	0.2375
27968	20481	558	501	0.2727272727272727
16704	24530	306	441	0.24390243902439024
10003	31081	445	258	0.2564102564102564
4399	5978	694	335	0.2830188679245283
5594	6109	1285	334	0.2702702702702703
28303	6328	478	508	0.2457627118644068
24421	8527	394	458	0.625
3930	21603	271	527	0.42857142857142855
8010	26922	498	849	0.27906976744186046
23173	27717	1045	851	0.4230769230769231
3371	18850	923	986	0.2542372881355932
20476	23045	487	413	0.3191489361702128
6789	33253	392	357	0.16363636363636364
13942	10140	301	512	0.4074074074074074
31600	14696	373	332	0.5
7092	22945	1324	330	0.25
24088	7529	1502	391	0.3389830508474576
18256	14821	317	332	0.45454545454545453
28122	1720	420	273	0.34782608695652173
17527	1897	365	292	0.29411764705882354
11823	17909	1252	232	0.3235294117647059
20249	22270	1287	1478	0.3442892358258012
23004	400	493	174	0.35294117647058826
11888	9388	1392	331	0.3111111111111111
26265	4560	846	543	0.2366412213740458
9297	2009	383	256	0.5
6013	34765	222	551	0.3333333333333333
14098	24654	1310	561	0.2328767123287671
27514	29730	664	536	0.21348314606741572
22340	10315	1330	863	0.225
24251	20423	394	225	0.36363636363636365
21258	5567	356	555	0.32142857142857145
3447	10196	509	1326	0.25882352941176473
10316	3261	504	398	0.2727272727272727
5346	17832	277	1276	0.3142857142857143
29039	27788	375	377	0.38461538461538464
31828	28969	547	566	0.3
27143	17902	518	853	0.7142857142857143
14127	33577	825	588	0.34375
7459	22621	257	420	0.4074074074074074
28174	7267	559	507	0.2222222222222222
18562	31891	377	471	0.5
34533	20212	785	365	0.4666666666666667
2976	14451	1477	362	0.34375
25903	3590	838	515	0.36666666666666664
503	13397	162	1509	0.38235294117647056
19753	13843	845	243	0.35294117647058826
8993	16745	515	592	0.2462686567164179
18969	21503	451	529	0.5460674157303371
7863	506	1227	1324	0.6436213991769547
32596	28223	250	1351	0.21428571428571427
11514	8466	530	724	0.4
24917	34903	658	935	0.22105263157894736
15080	32785	328	343	0.45454545454545453
23210	4723	1226	694	0.2692307692307692
26022	2772	1080	1317	0.20833333333333334
28588	1228	556	487	0.391304347826087
30130	5102	1363	571	0.3157894736842105
20516	28133	663	261	0.3157894736842105
26504	27373	538	543	0.647834274952919
18973	7548	540	374	0.3548387096774194
26544	1366	343	345	0.8
21284	11263	599	401	0.5
30152	23714	1283	348	0.22727272727272727
5775	28620	316	674	0.22950819672131148
6937	15945	1193	556	0.2413793103448276
28552	26243	1305	1307	0.6854961832061068
34338	5154	225	1215	0.5
25936	20334	350	538	0.3333333333333333
22250	14520	1313	1333	0.6717674062739097
21827	11018	1274	468	0.30952380952380953
5005	33455	569	786	0.47058823529411764
7472	34773	513	805	0.3076923076923077
33420	12707	178	362	0.2564102564102564
22896	23009	473	862	0.2328767123287671
9679	15484	1465	453	0.4117647058823529
6737	9597	244	1241	0.32
16775	12928	252	522	0.3181818181818182
11370	10018	420	419	0.24050632911392406
4938	11609	261	335	0.2391304347826087
32382	30405	670	516	0.3235294117647059
29419	21181	541	382	0.29508196721311475
20718	9893	747	374	0.2323943661971831
28820	4475	1320	584	0.36666666666666664
30731	28980	553	365	0.225
19845	18001	1348	448	0.21311475409836064
3681	23064	503	1187	0.5263157894736842
33248	4862	713	196	0.43478260869565216
20342	30260	303	509	0.375
29616	2464	456	407	0.25625
3728	24165	344	533	0.42105263157894735
18813	5028	260	494	0.28
5917	33231	479	481	0.2727272727272727
25197	30324	859	515	0.22794117647058823
2688	29473	534	493	0.5
12336	21071	643	457	0.391304347826087
31170	32857	503	219	0.5333333333333333
9886	4054	293	453	0.29577464788732394
29525	6783	403	447	0.25
22507	5526	718	554	0.3150684931506849
33066	11308	147	357	0.23214285714285715
2565	16236	821	642	0.35
28688	28797	469	410	0.2857142857142857
34345	34258	193	295	0.4375
10403	23848	499	1416	0.3333333333333333
24435	18539	345	547	0.3125
25389	26789	334	567	0.4444444444444444
22175	3431	488	483	0.21311475409836064
21931	4319	463	429	0.32
21606	6193	524	223	0.23076923076923078
25333	18621	1062	832	0.3333333333333333
16514	9854	448	1236	0.1774193548387097
21847	5341	1221	506	0.21761658031088082
9268	22925	645	648	0.25862068965517243
20331	25687	1328	410	0.34375
8450	5552	492	506	0.35
20288	24686	731	292	0.38095238095238093
21527	8375	255	668	0.3181818181818182
34497	6124	936	396	0.3235294117647059
27748	33324	256	341	0.3103448275862069
23712	1194	348	505	0.225
23763	20241	349	528	0.3888888888888889
11813	14037	1253	220	0.28
22395	31868	762	497	0.4117647058823529
12583	14846	292	365	0.2909090909090909
9015	10154	1247	530	0.23076923076923078
5057	19385	585	695	0.23076923076923078
6628	33271	349	1020	0.2903225806451613
34506	2473	283	260	0.34615384615384615
22070	8588	344	1469	0.29069767441860467
24688	10109	1439	295	0.34782608695652173
10633	11851	503	515	0.38235294117647056
10848	28683	256	316	0.5555555555555556
2863	26926	466	353	0.391304347826087
23874	15566	509	220	0.24444444444444444
29111	18673	323	388	0.24324324324324326
29420	15335	465	394	0.3448275862068966
34996	15674	664	245	0.22807017543859648
20281	30737	598	522	0.512087912087912
12715	24106	271	483	0.6666666666666666
28874	30256	487	1666	0.29411764705882354
18466	25026	422	282	0.2727272727272727
32958	34567	267	359	0.34782608695652173
27437	10620	408	475	0.42857142857142855
13087	9070	451	401	0.25
16384	3419	1328	529	0.28125
31495	24327	516	531	0.24444444444444444
6723	33810	533	209	0.34210526315789475
8170	18681	363	365	0.42857142857142855
5496	10506	501	369	0.4
17877	29446	505	515	0.3
33643	9656	992	585	0.47619047619047616
28670	6010	455	360	0.36363636363636365
14551	29565	1508	528	0.24761904761904763
22910	1747	445	292	0.46153846153846156
27190	3490	520	675	0.26666666666666666
25982	32899	535	1300	0.42857142857142855
24507	15451	479	293	0.2857142857142857
25307	5348	1326	464	0.5714285714285714
24570	14715	1217	292	0.24107142857142858
1847	20885	292	486	0.2894736842105263
6493	21973	503	330	0.38461538461538464
9571	9017	1330	1159	0.3310104529616725
2510	18800	473	577	0.4117647058823529
30962	9095	417	516	0.3114754098360656
30743	29399	372	465	0.2702702702702703
344	5192	271	570	0.2608695652173913
1245	16772	495	478	0.7095435684647303
14133	9798	213	458	0.7156398104265402
34588	27738	437	298	0.625
7286	18881	1321	1257	0.25258964143426293
15573	19736	226	1315	0.2553191489361702
7985	3129	516	507	0.22244897959183674
15626	27513	192	1279	0.2608695652173913
29957	4116	555	501	0.21296296296296297
7265	32756	499	265	0.2558139534883721
1077	33775	1027	110	0.2857142857142857
15855	9409	362	583	0.32
19088	28130	815	1152	0.6036745406824147
102	23122	412	1252	0.25
15765	27300	228	542	0.2571428571428571
12275	5610	921	272	0.36
34307	23632	777	440	0.43478260869565216
4435	34475	405	788	0.2631578947368421
33248	33267	713	774	0.35294117647058826
1332	25588	914	1344	0.28
30810	2853	375	666	0.47058823529411764
25354	24464	255	730	0.3076923076923077
16623	1064	754	483	0.37037037037037035
23402	4427	1255	345	0.3023255813953488
22596	15802	408	524	0.3076923076923077
6793	21791	833	509	0.35
8743	2905	300	1545	0.25
23088	22187	378	341	0.38461538461538464
11474	30449	345	411	0.25
31361	11945	1200	555	0.5086042065009561
8837	4135	361	258	0.26356589147286824
29994	2423	1325	548	0.4
19231	13211	564	1508	0.29310344827586204
2870	13072	1492	164	0.16666666666666666
2746	20682	451	945	0.2185792349726776
20321	33776	270	363	0.2676056338028169
26098	31024	347	1515	0.2857142857142857
16601	2399	478	466	0.25396825396825395
12524	18750	1508	514	0.36666666666666664
23394	3132	288	475	0.2857142857142857
21753	17905	1323	190	0.2564102564102564
8157	24118	392	1215	0.1958041958041958
28636	26215	500	501	0.35445544554455444
28818	25339	345	487	0.42857142857142855
22219	12243	493	377	0.29310344827586204
32519	32605	348	277	0.23397435897435898
24074	34031	512	788	0.22
17479	5414	524	352	0.391304347826087
27820	5172	550	340	0.34615384615384615
28220	11826	414	1327	0.4
19252	21050	348	260	0.3055555555555556
6723	5247	533	507	0.26037735849056604
21490	19375	253	598	0.375
20086	29223	282	509	0.3888888888888889
27925	10921	849	251	0.4375
29091	23038	367	734	0.25
29303	2775	528	717	0.30952380952380953
23105	28504	1238	349	0.24444444444444444
17993	3759	292	350	0.10526315789473684
4917	26621	221	1509	0.27884615384615385
23809	33625	1218	1020	0.30434782608695654
10484	2040	416	646	0.35294117647058826
9357	28716	551	431	0.42105263157894735
2280	8272	440	494	0.19469026548672566
4406	15466	415	448	0.2909090909090909
24007	23733	524	736	0.25757575757575757
25090	2122	860	322	0.3191489361702128
10055	29486	460	515	0.2602739726027397
24311	24380	478	576	0.21818181818181817
29094	5038	430	234	0.34782608695652173
9023	34698	576	521	0.3076923076923077
24048	26085	1380	1268	0.3159163987138264
20603	18264	1533	466	0.37037037037037035
16358	7434	293	310	0.24615384615384617
1698	12192	524	394	0.42105263157894735
32705	33930	464	595	0.2916666666666667
25361	7717	456	486	0.42857142857142855
17155	17058	1326	489	0.325
29246	14062	554	482	0.7272727272727273
18715	32191	1109	294	0.29411764705882354
13118	8037	448	288	0.37037037037037035
8895	4853	356	450	0.25
29625	11315	456	513	0.21074380165289255
29170	5753	415	796	0.41379310344827586
20944	22768	522	513	0.3225806451612903
4255	19029	547	509	0.2894736842105263
19657	10322	855	342	0.20224719101123595
11409	23690	854	320	0.2631578947368421
33341	14695	1171	394	0.5555555555555556
7953	13171	1276	165	0.38235294117647056
9101	15514	660	292	0.2641509433962264
32376	1722	261	736	0.3053097345132743
23651	24176	1325	243	0.22346368715083798
30631	8504	1537	1203	0.3296783625730994
5650	4308	1544	524	0.22
20269	26093	346	552	0.4090909090909091
31369	34451	1261	355	0.3157894736842105
26921	26832	520	558	0.3333333333333333
4833	8213	524	510	0.2676056338028169
20776	4860	431	263	0.17142857142857143
29489	30528	498	346	0.4
33905	22578	178	312	0.2413793103448276
8410	11925	491	508	0.22580645161290322
8456	28352	330	890	0.5454545454545454
32955	3631	178	358	0.2826086956521739
8137	33954	474	523	0.22916666666666666
10028	19931	413	547	0.3235294117647059
10790	10614	866	808	0.32608695652173914
21145	14776	1330	1287	0.23632038065027755
22676	34006	736	595	0.5
18615	5168	1293	562	0.24561403508771928
16423	12864	648	331	0.2608695652173913
17986	8203	506	1283	0.24719101123595505
19845	34962	1348	673	0.1926605504587156
6122	32936	650	772	0.2
11051	10105	347	297	0.23404255319148937
11219	22126	370	498	0.45
2699	1859	507	619	0.45
5323	2979	1322	772	0.2459016393442623
17344	13815	1328	448	0.23958333333333334
27301	1984	510	493	0.27314814814814814
32639	18983	518	1209	0.3116883116883117
19798	31650	500	295	0.26153846153846155
16048	26613	293	164	0.3
19492	29723	1152	528	0.3333333333333333
4782	3926	356	737	0.21621621621621623
10359	28809	503	558	0.6
27238	31735	499	411	0.46153846153846156
30437	13370	516	505	0.4375
22294	9415	1306	1297	0.22892561983471074
20485	20926	868	525	0.4
22634	26130	309	291	0.22627737226277372
8569	24283	508	628	0.3333333333333333
33749	6958	179	599	0.2711864406779661
20913	15842	565	839	0.38461538461538464
30570	8029	552	396	0.8
17529	29464	161	299	0.5384615384615384
16247	9232	1294	569	0.34782608695652173
6344	3316	1206	615	0.3333333333333333
19019	25175	516	234	0.23636363636363636
27402	16270	283	1504	0.2727272727272727
10466	21458	529	257	0.5384615384615384
20494	12440	1493	1517	0.6688654353562006
10442	32654	368	588	0.3103448275862069
33733	30593	178	371	0.2302158273381295
32686	20220	503	464	0.259825327510917
32595	1518	256	545	0.29545454545454547
5901	25771	222	411	0.75
33124	29965	368	502	0.4230769230769231
15776	14099	365	328	0.35714285714285715
23127	3188	474	261	0.2894736842105263
3312	18438	1215	246	0.23404255319148937
32433	30840	511	518	0.45454545454545453
18726	535	583	550	0.27380952380952384
7044	28241	1301	256	0.2916666666666667
8777	17332	1230	899	0.2571428571428571
23971	26427	564	534	0.25925925925925924
23982	2965	1260	433	0.22772277227722773
26252	3352	510	276	0.24489795918367346
12756	23758	192	728	0.39473684210526316
18913	4818	539	475	0.23443983402489627
25319	33046	536	1448	0.2926829268292683
29514	18331	227	1397	0.2413793103448276
7786	8432	582	499	0.3333333333333333
6336	25814	1273	259	0.3283582089552239
24457	22222	564	513	0.3125
23960	9454	501	531	0.23684210526315788
13045	33365	484	375	0.2777777777777778
26305	32773	1329	503	0.23770491803278687
2638	2969	355	302	0.2777777777777778
2550	8980	509	1306	0.35294117647058826
21826	31047	1329	626	0.3548387096774194
34034	29949	747	661	0.20833333333333334
9760	33784	416	621	0.5
9160	21493	505	540	0.4666666666666667
20875	10649	789	461	0.4
25752	19610	1298	204	0.35
22044	33247	467	238	0.3888888888888889
33404	34887	793	1311	0.29411764705882354
32102	19647	736	1292	0.24347826086956523
31122	1090	334	129	0.42857142857142855
24140	21708	883	494	0.5333333333333333
7183	27298	1215	521	0.3103448275862069
20163	1746	555	535	0.28
31102	17401	179	539	0.42424242424242425
14912	3365	315	547	0.3225806451612903
31486	11174	496	342	0.3157894736842105
34356	24916	561	502	0.25
9684	15872	1467	453	0.3548387096774194
2069	7202	504	391	0.23529411764705882
12503	1241	448	885	0.28888888888888886
28903	20558	513	522	0.252465483234714
27445	9924	1296	533	0.3076923076923077
27063	13362	316	452	0.4
26894	32887	584	816	0.36666666666666664
30907	4081	415	512	0.2571428571428571
9049	33992	1273	1021	0.4444444444444444
13588	21302	192	238	0.36666666666666664
31350	34437	495	277	0.25
24695	20562	478	345	0.27631578947368424
11349	30124	698	346	0.2222222222222222
34939	22434	565	292	0.42105263157894735
23218	17325	1144	360	0.2857142857142857
31731	12600	469	218	0.7142857142857143
16155	18284	479	465	0.36363636363636365
19562	14736	856	243	0.2033898305084746
19504	18940	1122	1541	0.2223168654173765
13584	32047	556	328	0.5
20777	31444	440	518	0.20512820512820512
22859	17921	528	853	0.2777777777777778
18860	7987	835	917	0.6811955168119551
24883	25856	253	552	0.5
22618	9599	473	261	0.2391304347826087
19035	2756	1039	521	0.5
18850	5179	986	368	0.3488372093023256
22699	28991	1542	552	0.21794871794871795
16806	31396	547	317	0.36666666666666664
14023	13242	792	448	0.25
17768	17800	394	394	0.850253807106599
8996	7158	435	258	0.25333333333333335
15681	15889	1510	521	0.36363636363636365
3326	34802	643	478	0.29310344827586204
14789	15259	521	504	0.2647058823529412
3440	6566	243	575	0.375
27086	21646	475	477	0.28
30959	6589	507	528	0.2596685082872928
9009	339	1241	505	0.2608695652173913
10350	26667	551	1331	0.28888888888888886
31175	31290	347	1325	0.3333333333333333
13071	18824	454	259	0.25396825396825395
21048	18704	656	643	0.6251993620414673
3877	5862	1323	555	0.29411764705882354
15218	35071	479	389	0.35294117647058826
2444	11473	508	558	0.23255813953488372
27386	11520	490	345	0.2727272727272727
2381	26017	503	536	0.5
32465	12210	520	219	0.17277486910994763
18970	2455	740	1496	0.2
607	19555	291	553	0.23404255319148937
7032	21957	1128	641	0.28205128205128205
18649	29776	519	851	0.2631578947368421
34361	32369	722	278	0.2087378640776699
8794	33044	1227	481	0.22916666666666666
30672	17880	547	190	0.2727272727272727
12636	7382	330	1511	0.27586206896551724
21671	10649	454	461	0.29577464788732394
30075	16860	553	1366	0.32727272727272727
12202	923	500	820	0.3076923076923077
22092	19334	858	479	0.2553191489361702
12659	11501	519	499	0.375
26574	28029	525	505	0.25925925925925924
33769	21491	595	251	0.2815533980582524
5684	26269	501	507	0.7495069033530573
6251	12109	533	523	0.23809523809523808
9215	31290	498	1325	0.34782608695652173
21207	16256	292	521	0.26153846153846155
447	17090	1284	1288	0.881578947368421
25137	15435	556	554	0.24444444444444444
29277	17497	511	244	0.32
21602	19788	515	338	0.3448275862068966
749	17141	228	731	0.2222222222222222
23563	15486	1490	1320	0.23601973684210525
4071	7747	522	1395	0.21212121212121213
30500	20106	512	1195	0.27941176470588236
10467	26569	656	501	0.24444444444444444
32933	20380	778	532	0.2275449101796407
7694	19335	580	508	0.2619047619047619
24087	14473	292	396	0.2571428571428571
14360	8753	505	1535	0.30357142857142855
31338	10039	541	716	0.24761904761904763
29817	24485	270	1348	0.2206896551724138
27252	30856	577	607	0.21774193548387097
14313	16217	505	556	0.2692307692307692
5365	34439	1404	255	0.35294117647058826
29278	34614	529	460	0.25
23709	5118	600	355	0.4375
7353	4047	277	797	0.3333333333333333
33127	13248	352	504	0.2857142857142857
9820	10783	1207	1312	0.7016317016317016
21503	34101	529	487	0.23214285714285715
28956	7617	387	1373	0.3225806451612903
13461	32035	223	398	0.32786885245901637
5959	33447	522	1456	0.391304347826087
29195	3646	271	547	0.30303030303030304
29716	8647	528	1275	0.2682926829268293
33636	27225	1048	520	0.24528301886792453
29936	3783	753	503	0.22666666666666666
30302	20196	508	843	0.1958762886597938
1426	25948	341	1333	0.3076923076923077
16676	197	391	794	0.23575129533678757
14280	4786	505	1246	0.25263157894736843
2968	27767	523	571	0.23809523809523808
22579	4178	276	1326	0.4583333333333333
3948	4523	302	556	0.4117647058823529
30937	2079	466	730	0.20600858369098712
18814	26795	488	532	0.23469387755102042
11795	8875	512	1524	0.36363636363636365
27548	24540	836	420	0.26666666666666666
25066	29395	581	465	0.2571428571428571
24739	24618	256	516	0.3076923076923077
5259	8715	222	1211	0.25
22791	7774	658	311	0.42857142857142855
11696	25759	499	414	0.25
34658	8345	277	535	0.375
14594	227	451	1318	0.26229508196721313
1489	19553	522	515	0.2727272727272727
30343	27795	308	1305	0.2857142857142857
34860	24856	283	501	0.2826086956521739
15051	16220	448	1291	0.3181818181818182
30187	22685	259	549	0.26153846153846155
10166	18064	357	378	0.336283185840708
12352	7395	749	613	0.3972602739726027
2111	27475	450	489	0.7819905213270142
1025	15772	388	453	1.0
13505	4409	1316	1333	0.3146417445482866
6612	2200	542	259	0.28
29257	3190	276	514	0.2
16038	2899	362	464	0.21621621621621623
26362	28767	365	570	0.35714285714285715
15357	14238	161	292	0.3181818181818182
3699	9183	533	714	0.3125
33023	18957	400	290	0.21818181818181817
15346	20899	315	621	0.2127659574468085
21015	15525	500	392	0.5913705583756346
19776	9388	1214	331	0.29577464788732394
34160	14486	99	164	0.2537313432835821
27103	19693	559	1296	0.5555555555555556
18032	3994	165	312	0.24074074074074073
11477	27997	891	257	0.5384615384615384
32481	3072	462	384	0.28846153846153844
22571	24979	1442	317	0.2558139534883721
34371	20888	486	499	0.2682926829268293
27284	26755	495	312	0.38095238095238093
9779	19653	708	1247	0.38235294117647056
24671	12050	604	331	0.32
31032	15792	566	447	0.32142857142857145
14768	19709	394	692	0.2916666666666667
9460	30344	811	339	0.3
3776	27045	239	531	0.47368421052631576
27296	34733	513	260	0.25
8787	25455	565	558	0.7759856630824373
15915	16711	94	470	0.578125
13325	21644	454	254	0.7142857142857143
5181	29477	553	460	0.35714285714285715
24318	6059	301	1545	0.37142857142857144
35103	12483	281	231	0.36363636363636365
3377	17593	413	648	0.1875
24718	2591	522	678	0.28
4769	12331	557	349	0.23880597014925373
14222	31417	448	296	0.2857142857142857
13689	21821	190	486	0.35
19869	1004	513	260	0.4166666666666667
13881	12453	536	394	0.2463768115942029
7688	31386	308	894	0.2222222222222222
15898	13402	505	1306	0.18604651162790697
25993	15684	474	305	0.24390243902439024
21077	18550	407	501	0.3333333333333333
24947	30556	492	512	0.23423423423423423
34973	23544	559	539	0.24242424242424243
20212	17141	365	731	0.2857142857142857
23569	33607	1543	790	0.2
32589	30540	255	512	0.2
6462	30768	560	521	0.3023255813953488
20986	13312	353	282	0.27586206896551724
24294	20507	292	469	0.34615384615384615
27127	2996	316	456	0.28846153846153844
14501	9563	452	847	0.8888888888888888
1062	17090	509	1288	0.32142857142857145
27366	19345	477	523	0.3448275862068966
9988	12857	484	294	0.2962962962962963
21618	15074	323	556	0.25
24893	16104	502	505	0.3125
32722	22122	299	560	0.41379310344827586
16864	32022	243	469	0.22641509433962265
32151	30200	417	277	0.4
11025	23080	408	387	0.3076923076923077
11092	9172	527	331	0.2777777777777778
32002	12061	512	383	0.2909090909090909
3849	34337	567	738	0.35714285714285715
2216	4871	1125	1558	0.391304347826087
3179	418	873	519	0.3333333333333333
27026	9010	1632	1218	0.2765957446808511
15167	4454	332	470	0.3448275862068966
9897	599	535	311	0.24
14334	33143	362	1451	0.2807017543859649
29885	24458	475	1273	0.24390243902439024
3961	31667	1264	735	0.3170731707317073
31972	1030	511	824	0.2621359223300971
433	34879	487	354	0.18681318681318682
26957	776	413	224	0.23728813559322035
1096	34695	556	785	0.2727272727272727
18005	35110	453	652	0.2
18788	1123	547	607	0.2235294117647059
32913	28218	770	320	0.4117647058823529
11748	7013	345	1248	0.23376623376623376
6312	34366	1294	530	0.3684210526315789
9758	15792	570	447	0.22727272727272727
12578	34501	443	309	0.3333333333333333
16542	23228	165	1322	0.22058823529411764
17519	26011	411	277	0.2857142857142857
5178	24448	373	366	0.6666666666666666
26609	30080	454	536	0.6365638766519823
15938	14801	362	479	0.6666666666666666
19659	5283	570	713	0.26865671641791045
2076	6127	522	348	0.22580645161290322
26560	24855	282	293	0.23076923076923078
24718	31195	522	703	0.3939393939393939
3677	619	361	394	0.4166666666666667
11231	5418	466	364	0.7142857142857143
32758	28436	526	735	0.5
21710	6249	618	523	0.2631578947368421
34613	2788	273	433	0.2894736842105263
15057	13855	478	518	0.5333333333333333
31162	17766	797	1508	0.36363636363636365
3051	4872	356	561	0.38461538461538464
18374	2156	327	1532	0.24561403508771928
11754	20610	547	1517	0.35714285714285715
1026	13576	260	365	0.23333333333333334
9449	26102	701	552	0.2830188679245283
5042	19613	495	579	0.4
10646	15759	373	160	0.3
25503	21740	625	1314	0.3939393939393939
25155	9171	364	536	0.42857142857142855
5139	32819	404	531	0.37209302325581395
22666	3519	998	349	0.5
6401	28645	487	694	0.2857142857142857
15213	4981	519	1278	0.3333333333333333
22321	25998	532	546	0.3111111111111111
21389	1941	362	1406	0.21794871794871795
17912	29527	502	487	0.3
32152	14951	1331	452	0.2916666666666667
23318	24603	281	221	0.3235294117647059
28301	12172	538	737	0.36024844720496896
24908	5616	381	260	0.23076923076923078
19357	16151	557	292	0.2553191489361702
4817	5376	628	545	0.2857142857142857
17561	10107	1320	298	0.2840909090909091
24903	10110	482	297	0.3684210526315789
25534	20753	255	1273	0.42857142857142855
23638	6982	440	788	0.23376623376623376
5997	340	338	627	0.2972972972972973
20202	29146	1228	878	0.39285714285714285
23587	17679	508	1508	0.27450980392156865
6699	8683	410	1271	0.32432432432432434
5721	12280	423	321	0.4
28244	29415	413	248	0.2857142857142857
33583	26741	1452	579	0.2112676056338028
6769	1721	507	549	0.25925925925925924
5873	23194	596	516	0.3235294117647059
6099	21261	315	1277	0.26666666666666666
25246	808	519	505	0.25
19126	27119	466	1129	0.21935483870967742
25414	5550	345	463	0.2972972972972973
15908	34151	546	807	0.48148148148148145
11113	24951	312	592	0.25
11108	9099	621	667	0.29545454545454547
17623	19734	505	1284	0.28421052631578947
17590	32317	165	420	0.6
9563	4146	847	1278	0.30357142857142855
10958	28486	537	418	0.32142857142857145
18085	27597	1509	534	0.3939393939393939
19644	31734	263	499	0.22413793103448276
5041	23666	415	537	0.28
16495	16160	220	292	0.8
32492	12815	493	505	0.23809523809523808
30006	7010	550	1292	0.20270270270270271
8879	19966	258	549	0.3548387096774194
443	25932	192	339	0.1686746987951807
21772	24896	512	502	0.22641509433962265
21596	28850	256	500	0.47619047619047616
21937	28220	1280	414	0.2876712328767123
8921	19689	850	1226	0.3333333333333333
21015	13163	500	223	0.3016759776536313
31392	20590	543	1264	0.36363636363636365
11641	26099	498	975	0.35294117647058826
20915	19100	436	455	0.3333333333333333
32178	15887	438	1320	0.34210526315789475
21357	24645	356	1323	0.2727272727272727
18369	25751	396	1402	0.2978723404255319
23921	7463	258	847	0.3148148148148148
13094	11791	314	513	0.2653061224489796
1763	30252	503	620	0.4166666666666667
13739	28734	232	345	0.25806451612903225
19092	4532	1279	487	0.35
26813	32722	375	299	0.5
9121	19846	1306	1335	0.843000773395205
15861	16559	1508	1509	0.9204244031830239
10101	27730	261	334	0.2647058823529412
24706	4847	354	466	0.21052631578947367
29430	31407	211	620	0.22340425531914893
26267	35020	375	501	0.2972972972972973
33201	27413	800	1314	0.34285714285714286
2409	23562	456	1532	0.34
5569	7167	421	1336	0.25862068965517243
16268	23265	1251	1478	0.3493516399694889
10901	2903	503	183	0.31756756756756754
26189	21731	523	313	0.32
28210	6943	250	658	0.2727272727272727
691	6462	160	560	0.3076923076923077
16956	14549	1252	648	0.2676056338028169
33467	33999	589	551	0.7945454545454546
14485	29214	292	142	0.4666666666666667
24518	25633	1269	1337	0.22892498066511988
30347	32798	371	900	0.35
9879	22607	414	550	0.4074074074074074
1609	31638	543	504	0.3157894736842105
6851	19361	441	697	0.3
27261	5626	350	265	0.18181818181818182
7606	9284	528	511	0.270042194092827
22828	20440	405	411	0.2878787878787879
22483	29840	547	528	0.265625
13557	34151	448	807	0.2923076923076923
31649	22826	294	1265	0.3333333333333333
31205	6397	562	475	0.23684210526315788
28715	29651	260	1323	0.2708333333333333
20900	4402	621	474	0.3225806451612903
19678	2928	509	276	0.391304347826087
7542	1480	365	345	0.3333333333333333
22483	7167	547	1336	0.30303030303030304
10771	15985	585	365	0.35714285714285715
33816	11432	313	1531	0.2909090909090909
10494	21691	362	470	0.391304347826087
27942	30281	221	530	0.3125
15194	26545	227	442	0.26229508196721313
12088	12215	533	472	0.23809523809523808
28320	25924	338	260	0.3584905660377358
1913	12931	514	292	0.3050847457627119
29463	28151	255	373	0.23045267489711935
25482	291	473	505	0.21428571428571427
14076	13486	1287	1509	0.22647527910685805
18241	4100	1325	520	0.24074074074074073
6668	12252	675	812	0.43478260869565216
23972	21363	1347	599	0.2542372881355932
12915	29986	165	291	0.22727272727272727
7468	17193	394	868	0.2962962962962963
32078	34584	535	890	0.23333333333333334
20539	25469	1318	637	0.25806451612903225
25725	7486	296	928	0.25
22801	23067	327	359	0.3076923076923077
30006	11306	550	449	0.3333333333333333
19493	5554	1190	523	0.3050847457627119
8778	20524	542	458	0.30434782608695654
7724	15635	260	332	0.22033898305084745
20013	7664	293	398	0.2037037037037037
11996	24464	320	730	0.3125
9264	33477	506	297	0.3125
25458	27409	1335	553	0.20987654320987653
9035	25146	863	722	0.4117647058823529
27724	12173	572	1325	0.25
31894	11353	507	470	0.36363636363636365
10935	32089	281	326	0.38461538461538464
18929	9194	1267	509	0.28169014084507044
12261	20616	548	1475	0.3333333333333333
29556	3513	528	463	0.3530701754385965
23529	628	1319	391	0.23529411764705882
31759	8947	514	552	0.35294117647058826
12787	25162	164	298	0.20930232558139536
33124	32438	368	670	0.23529411764705882
26813	32225	375	128	0.34615384615384615
27238	29088	499	396	0.35294117647058826
32027	10961	535	539	0.3783783783783784
5417	2022	696	515	0.24444444444444444
14452	19142	1320	234	0.21052631578947367
2142	18012	409	365	0.5
14735	18918	1306	599	0.288135593220339
11023	29971	544	1311	0.2553191489361702
32460	33476	528	1444	0.25
7419	7484	467	520	0.3170731707317073
17556	24042	505	736	0.25
2726	28925	926	656	0.24615384615384617
14322	27862	804	251	0.2830188679245283
6711	16222	534	1509	0.2857142857142857
19510	2112	310	475	0.3333333333333333
29473	17223	493	1190	0.3333333333333333
22844	5700	1307	254	0.26732673267326734
28774	7693	660	335	0.5882352941176471
15528	13754	1267	190	0.2638888888888889
22978	28060	1458	431	0.22950819672131148
10877	9124	311	1265	0.23595505617977527
13541	13562	165	556	0.26666666666666666
3890	22991	508	374	0.23076923076923078
34883	18421	368	462	0.3076923076923077
11034	21210	522	500	0.2116279069767442
19178	18961	261	327	0.24878048780487805
17520	33712	394	790	0.2457627118644068
6240	8885	1048	259	0.23076923076923078
26974	3885	474	889	0.23214285714285715
18174	8315	394	1494	0.30434782608695654
8696	16362	413	1509	0.35
9584	21108	552	925	0.3333333333333333
16223	25736	449	488	0.25806451612903225
32077	9317	498	1258	0.2903225806451613
17610	27146	192	480	0.225
24587	29621	406	456	0.2708333333333333
4949	6101	501	258	0.29545454545454547
26401	33791	441	782	0.3333333333333333
18233	24187	382	504	0.4117647058823529
29798	31984	538	528	0.5
21449	162	345	666	0.29577464788732394
6104	30044	334	1545	0.2898550724637681
23476	4150	1511	238	0.4230769230769231
35024	26064	536	313	0.5555555555555556
14275	28157	538	152	0.3181818181818182
13883	32421	394	336	0.2564102564102564
17598	21159	220	261	0.2692307692307692
18585	22135	1264	454	0.34146341463414637
8558	31807	344	509	0.24175824175824176
22527	3172	885	260	0.3064516129032258
3010	6525	469	310	0.23255813953488372
30119	1067	505	412	0.42105263157894735
8142	10353	259	277	0.2565789473684211
28920	29918	804	507	0.2857142857142857
44	28036	372	1401	0.25862068965517243
13259	8645	521	372	0.24489795918367346
19783	10418	615	249	0.24324324324324326
17958	6117	448	536	0.29411764705882354
23621	16409	236	232	0.518348623853211
5401	24369	499	1233	0.3333333333333333
10847	3393	382	475	0.38095238095238093
25974	20021	1325	229	0.3103448275862069
15344	28130	1525	1152	0.32
5976	6237	605	488	0.2903225806451613
71	13986	1763	362	0.3132530120481928
31248	5107	1837	511	0.42857142857142855
8696	14823	413	165	0.2982456140350877
34042	29167	786	665	0.3
608	528	220	394	0.24324324324324326
22516	7903	598	351	0.4230769230769231
27676	8662	524	498	0.2777777777777778
31306	4641	372	522	0.2631578947368421
15004	25104	801	307	0.21428571428571427
5854	6712	558	536	0.25
6763	20535	515	1267	0.24489795918367346
24088	19611	1502	347	0.2692307692307692
8986	25082	1134	360	0.2692307692307692
8725	9362	250	525	0.2413793103448276
4483	34767	345	282	0.35
555	10755	299	761	0.75
28842	23015	264	488	0.6
13962	9920	164	274	0.25
26981	28992	498	888	0.2345679012345679
14237	5681	524	579	0.34615384615384615
6584	9175	346	1494	0.27586206896551724
8071	25167	871	1302	0.3181818181818182
23038	28140	734	725	0.24285714285714285
20611	9163	487	256	0.625
16238	18151	365	232	0.20833333333333334
5521	16263	278	223	0.36363636363636365
18672	1757	1523	310	0.38095238095238093
19768	13464	570	556	0.27631578947368424
33931	33392	889	501	0.25675675675675674
12363	25673	265	1279	0.25396825396825395
19368	3576	588	522	0.391304347826087
15685	32432	446	469	0.2537634408602151
25289	7388	858	358	0.35
15799	32740	164	537	0.3269230769230769
4653	34621	559	831	0.34285714285714286
790	23664	537	330	0.225
20740	8649	554	508	0.2708333333333333
25351	27581	261	485	0.2830188679245283
23947	11322	473	1528	0.29411764705882354
30868	4783	421	393	0.2112676056338028
1093	4425	540	367	0.2631578947368421
903	17182	507	882	0.3111111111111111
14138	2610	1315	736	0.2857142857142857
3962	26081	516	508	0.22448979591836735
33201	18775	800	351	0.23404255319148937
32836	27225	501	520	0.3333333333333333
27759	26363	339	332	0.6193548387096774
5401	10006	499	849	0.391304347826087
18184	5478	454	401	0.8333333333333334
20310	5178	830	373	0.1875
33508	13316	103	190	0.6666666666666666
10182	21413	523	259	0.30952380952380953
25606	4332	222	569	0.2826086956521739
20327	28671	505	550	0.375
15639	3794	311	536	0.3125
16022	5650	425	1544	0.265625
28474	7601	1264	522	0.25925925925925924
29712	3606	525	515	0.20270270270270271
20269	11511	346	1350	0.25
7827	830	313	666	0.28888888888888886
8992	743	1282	528	0.28888888888888886
10736	32532	546	449	0.4583333333333333
22721	34275	1276	178	0.26666666666666666
33896	16990	250	450	0.20689655172413793
10942	24370	490	334	0.2926829268292683
8318	17613	439	425	0.6068181818181818
7736	1923	748	264	0.35294117647058826
21955	28136	656	264	0.375
17824	34331	1035	777	0.29411764705882354
4185	17232	516	971	0.3488372093023256
5050	32515	1214	333	0.26
29831	33474	460	773	0.2727272727272727
23601	3633	738	294	0.2631578947368421
32742	10936	540	312	0.27472527472527475
24096	10309	1481	1349	0.2379421221864952
16719	6743	450	1334	0.2857142857142857
7558	14968	878	507	0.38461538461538464
33346	168	772	497	0.325
2886	805	1072	1048	0.3034398034398034
16026	3013	1325	485	0.3013698630136986
30917	23853	498	505	0.17791411042944785
25098	9835	1236	1215	0.6488294314381271
11728	2317	1343	411	0.36666666666666664
27483	14713	724	394	0.3333333333333333
21089	16270	317	1504	0.24
27279	20967	585	466	0.19642857142857142
17777	5104	168	345	0.38461538461538464
24432	7825	220	407	0.5
32901	3451	368	487	0.2
11753	14626	542	454	0.26865671641791045
33801	3009	357	311	0.38461538461538464
26275	4517	571	645	0.32142857142857145
30480	18501	1551	756	0.20207253886010362
20361	21449	498	345	0.275
5661	29933	570	258	0.22857142857142856
522	24177	513	334	0.25
13151	19109	191	505	0.7142857142857143
19917	15897	256	394	0.2765957446808511
30403	24135	503	655	0.24561403508771928
32332	12807	348	362	0.2857142857142857
16064	9867	425	1288	0.28205128205128205
417	26872	224	339	0.34615384615384615
1566	15269	524	164	0.37142857142857144
22703	628	260	391	0.3333333333333333
21955	95	656	471	0.38
24659	20153	881	1235	0.25
6812	13447	419	394	0.3181818181818182
34721	15608	244	1307	0.22972972972972974
27513	32245	1279	1532	0.32130464954892435
3925	9330	277	768	0.3125
18338	6096	442	545	0.3333333333333333
2877	15169	330	372	0.35714285714285715
34062	27070	926	497	0.2926829268292683
24411	30045	475	760	0.4444444444444444
5564	6263	1289	1539	0.34296296296296297
33123	8749	819	763	0.3137254901960784
25844	4904	555	1313	0.3125
4081	28507	512	1535	0.19148936170212766
8566	15517	537	1511	0.3939393939393939
19115	17104	264	293	0.2692307692307692
20644	25752	366	1298	0.4666666666666667
21381	20844	657	1202	0.375
29671	17822	442	292	0.2571428571428571
15309	4894	526	200	0.2571428571428571
13284	8920	411	856	0.2857142857142857
7141	10184	345	344	0.2619047619047619
6924	10772	1282	222	0.3448275862068966
29462	30543	308	1312	0.30303030303030304
20580	26641	208	408	0.35714285714285715
7912	23480	346	534	0.35294117647058826
13607	29616	226	456	0.20454545454545456
20205	30365	1194	1447	0.3662447257383966
17367	7858	513	1145	0.24444444444444444
5925	10329	259	504	0.42105263157894735
19937	2643	503	330	0.2631578947368421
14091	21482	244	1311	0.6153846153846154
9720	5977	260	429	0.3333333333333333
16267	23313	519	668	0.4
25968	33650	851	1061	0.2125
3208	19584	335	692	0.25333333333333335
17050	11394	509	518	0.2035623409669211
2036	26502	241	1329	0.3235294117647059
29635	16374	528	804	0.3157894736842105
6207	30280	1320	514	0.5454545454545454
6678	9161	496	473	0.19333333333333333
7959	783	381	538	0.3157894736842105
4041	14567	132	528	0.23529411764705882
8566	12984	537	192	0.3888888888888889
26252	24395	510	337	0.23404255319148937
5507	16962	857	310	0.30952380952380953
4225	12959	528	453	0.325
29060	8440	516	504	0.23829787234042554
6027	21728	433	410	0.605568445475638
8029	2798	396	909	0.23809523809523808
30211	3318	716	312	0.24180327868852458
11009	28387	555	240	0.3125
25886	32514	291	260	0.23684210526315788
1932	25082	638	360	0.25
27961	11325	944	277	0.2807017543859649
23196	14071	363	484	0.375
12265	18021	407	1325	0.25210084033613445
18340	29229	435	312	0.4117647058823529
9740	2270	654	597	0.5454545454545454
16107	19340	292	443	0.3333333333333333
32695	27000	441	418	0.25
31393	3996	378	310	0.2894736842105263
5748	18335	346	501	0.4
25101	8993	1328	515	0.2765957446808511
27474	13071	466	454	0.2647058823529412
34459	16328	774	244	0.34375
1279	25067	750	476	0.5384615384615384
23534	31436	1321	547	0.29411764705882354
31763	22546	440	708	0.2549019607843137
32924	21076	1023	499	0.24242424242424243
25452	17723	344	1508	0.2962962962962963
11784	1708	218	538	0.3076923076923077
20897	14353	383	365	0.2558139534883721
1920	18411	511	515	0.21428571428571427
3839	30912	553	846	0.26
34696	23424	669	538	0.36
15254	10461	505	348	0.3
6562	16243	341	220	0.375
15804	17467	220	268	0.22167487684729065
34975	3664	458	520	0.19047619047619047
14379	25455	394	558	0.34782608695652173
23252	11384	1293	277	0.2631578947368421
11540	15502	339	165	0.42105263157894735
20840	23513	579	569	0.5
1848	23047	513	895	0.43333333333333335
9312	12336	1269	643	0.43478260869565216
32258	20254	441	1147	0.2702702702702703
11505	32141	343	311	0.24390243902439024
2487	5915	901	428	0.3
3681	15245	503	362	0.8571428571428571
14339	1306	628	477	0.30434782608695654
34501	31325	309	520	0.625
44	21740	372	1314	0.41935483870967744
13203	8551	188	508	0.2
22331	11630	261	551	0.2857142857142857
21206	3903	348	1524	0.2857142857142857
1436	9680	256	1460	0.28888888888888886
9283	7269	504	1317	0.19047619047619047
34491	23913	933	554	0.34782608695652173
4753	24483	248	536	0.3125
25925	6621	430	469	0.6
22056	19776	509	1214	0.35294117647058826
21142	8942	1346	437	0.3333333333333333
10322	28630	342	474	0.30303030303030304
31929	20793	1295	331	0.30303030303030304
11416	23384	268	998	0.37254901960784315
14630	11491	319	490	0.5
24797	20107	256	1296	0.1891891891891892
19301	8345	494	535	0.2571428571428571
11646	117	534	489	0.25
25663	2122	735	322	0.26
11932	20854	503	335	0.2777777777777778
14476	6822	484	435	0.30612244897959184
32517	9217	539	498	0.20833333333333334
21703	5099	507	356	0.30434782608695654
15597	22728	1524	499	0.34375
20939	11002	535	449	0.5
5814	22003	1323	509	0.43478260869565216
29270	746	472	528	0.25296442687747034
17380	13741	508	362	0.19130434782608696
16353	4442	404	1286	0.4
22969	16820	870	271	0.27450980392156865
7080	83	579	412	0.2916666666666667
3155	25292	339	380	0.2727272727272727
28719	27502	256	516	0.4
10901	27133	503	862	0.42105263157894735
32314	24819	646	419	0.3
23018	24598	500	1543	0.23846153846153847
6647	31423	1293	502	0.2909090909090909
14783	10659	556	1188	0.23214285714285715
29575	4830	456	526	0.5203619909502263
2189	19327	539	499	0.2727272727272727
1315	20887	517	336	0.4
17113	6863	299	487	0.3333333333333333
4862	22400	196	277	0.32432432432432434
11148	24606	921	1560	0.43333333333333335
10545	4915	358	846	0.3125
6101	22147	258	316	0.36
31636	2031	678	313	0.5714285714285714
28267	10813	489	504	0.2242152466367713
28455	10295	1212	601	0.38095238095238093
3509	6636	651	558	0.2988505747126437
21698	13470	549	529	0.38095238095238093
12450	26822	1520	400	0.3050847457627119
17384	18449	277	482	0.20833333333333334
19490	15567	517	1333	0.42857142857142855
6285	3252	238	328	0.3076923076923077
25749	32174	531	529	0.23674911660777384
10065	3572	809	502	0.375
23647	250	615	519	0.2962962962962963
28023	5742	238	1214	0.30303030303030304
19303	31478	332	272	0.2564102564102564
13085	6356	1301	658	0.23918575063613232
1686	13562	421	556	0.3125
11195	19124	400	1310	0.4166666666666667
5369	31035	1387	361	0.25
7569	20208	1351	553	0.2708333333333333
26048	30863	247	569	0.21428571428571427
32053	17367	373	513	0.3793103448275862
5972	25396	460	413	0.2727272727272727
12116	24315	312	316	0.21875
24998	24209	422	539	0.24242424242424243
12227	29214	495	142	0.2692307692307692
2924	17255	484	941	0.2463768115942029
28818	30478	345	516	0.3684210526315789
17262	14827	1100	1303	0.22580645161290322
17600	4039	223	465	0.35294117647058826
9904	6337	355	283	0.28205128205128205
5616	22530	260	508	0.35
27131	14910	359	648	0.18947368421052632
3996	25369	310	600	0.27450980392156865
34247	27435	772	1479	0.3114754098360656
35095	31118	800	590	0.3125
15443	31212	292	1332	0.34146341463414637
19585	5174	650	372	0.25862068965517243
25873	2275	498	254	0.25333333333333335
32905	33870	178	837	0.288135593220339
9663	7882	293	452	0.4444444444444444
29428	11329	221	484	0.2222222222222222
10955	13886	544	362	0.35714285714285715
12630	8269	192	862	0.3103448275862069
2796	27746	438	1360	0.22033898305084745
5135	28533	513	498	0.2413793103448276
13232	9691	1333	1524	0.34985207100591714
16900	20955	1280	332	0.34782608695652173
4391	5703	520	553	0.8119349005424955
25434	26041	496	317	0.2826086956521739
21373	18101	440	218	0.36
34058	30025	789	1324	0.2413793103448276
810	34246	468	569	0.27906976744186046
27498	7374	574	249	0.36666666666666664
27160	9806	534	1229	0.4
9712	6566	386	575	0.34782608695652173
6922	6618	1343	1542	0.33860759493670883
18749	35103	365	281	0.2903225806451613
22535	26928	238	481	0.3225806451612903
17310	25103	469	373	0.38095238095238093
31823	31001	408	310	0.27906976744186046
2455	11285	1496	472	0.4827586206896552
18049	26409	164	919	0.5555555555555556
9427	26327	1251	521	0.325
2541	25938	552	501	0.22527472527472528
21724	15569	407	448	0.22448979591836735
3230	31143	396	267	0.3157894736842105
17601	24408	191	376	0.2631578947368421
1325	22142	318	569	0.42857142857142855
19861	20378	1264	753	0.20689655172413793
18372	32218	361	894	0.2073170731707317
6436	14939	649	1070	0.2569832402234637
8807	19692	1304	1233	0.6485188150520417
29039	21028	375	335	0.5384615384615384
17656	27313	192	513	0.3125
5851	12316	566	276	0.1917808219178082
28948	13853	459	293	0.3333333333333333
26684	31749	424	507	0.24193548387096775
33849	24504	533	508	0.25925925925925924
3683	33768	536	777	0.3888888888888889
10418	4300	249	567	0.3225806451612903
20389	33213	541	336	0.5555555555555556
26436	8889	507	452	0.5454545454545454
34359	1897	176	292	0.23529411764705882
11386	12632	910	163	0.30357142857142855
13154	3776	326	239	0.3023255813953488
16350	2167	631	348	0.2
29913	3313	1531	433	0.21052631578947367
23617	13048	410	316	0.3157894736842105
17955	24140	292	883	0.2796610169491525
30423	33103	518	373	0.2777777777777778
26014	8118	854	426	0.39400921658986177
2002	15855	475	362	0.5
24409	32033	1074	411	0.3939393939393939
29235	11638	220	313	0.3817204301075269
31102	22921	179	587	0.2391304347826087
22560	10716	464	256	0.28703703703703703
16951	5923	560	251	0.6666666666666666
18682	1798	1287	415	0.23076923076923078
25333	3253	1062	323	0.4166666666666667
10676	14045	549	191	0.6
14506	14752	362	338	0.375
13548	17634	220	292	0.8636363636363636
26837	33638	335	775	0.4117647058823529
1314	583	502	338	0.3235294117647059
31070	8671	548	651	0.3026315789473684
11350	554	1663	556	0.18604651162790697
14664	16540	144	191	0.38095238095238093
20018	18047	919	448	0.3333333333333333
27774	24672	1322	1409	0.254149377593361
22853	30080	1339	536	0.3225806451612903
16514	14300	448	299	0.3783783783783784
30585	19801	1321	466	0.2916666666666667
34120	26027	1386	361	0.36363636363636365
6705	481	320	535	0.25
33522	24525	533	461	0.3225806451612903
18525	19560	589	555	0.32786885245901637
7084	31571	410	502	0.2702702702702703
4183	22038	392	1337	0.21052631578947367
18119	21308	332	494	0.38461538461538464
18145	17114	192	876	0.5294117647058824
19581	12344	484	686	0.3939393939393939
9825	33901	1199	363	0.2962962962962963
15748	3720	232	1301	0.3125
26482	20944	555	522	0.25
9170	1668	397	661	0.27472527472527475
32595	19372	256	293	0.2318181818181818
17001	27431	518	533	0.3793103448275862
26515	25445	260	345	0.34782608695652173
2314	12446	711	330	0.375
22489	14572	1305	372	0.19083969465648856
35037	31177	778	423	0.21359223300970873
23494	33247	258	238	0.5454545454545454
19673	11140	776	296	0.2553191489361702
11870	19253	1326	1307	0.3741830065359477
6396	30853	1309	542	0.28
8384	16951	501	560	0.21333333333333335
11997	21996	1348	478	0.22388059701492538
5852	14565	553	232	0.3
23283	14636	959	505	0.42424242424242425
20125	27556	1350	785	0.2765957446808511
21713	24358	331	489	0.37037037037037035
17076	19270	1424	1281	0.37346437346437344
30393	7718	1545	254	0.38095238095238093
30837	3517	506	432	0.2857142857142857
4667	30947	436	485	0.3157894736842105
12749	32799	448	358	0.21875
7852	25013	480	1325	0.3125
34723	19553	929	515	0.3023255813953488
27073	3543	497	414	0.22549019607843138
9881	9002	801	693	0.5280665280665281
13126	22457	329	276	0.2608695652173913
26816	29987	334	1215	0.25
9386	20734	869	856	0.892271662763466
11819	5296	497	568	0.45454545454545453
31954	21799	1697	550	0.30303030303030304
11588	20539	256	1318	0.30434782608695654
3801	308	317	235	0.45454545454545453
29625	17925	456	218	0.45454545454545453
13722	11049	1509	449	0.2459016393442623
10383	32084	259	531	0.2631578947368421
5769	8480	1279	343	0.3142857142857143
28423	28141	263	1807	0.263681592039801
26436	28116	507	873	0.4375
31286	25121	525	1265	0.25675675675675674
305	2472	535	336	0.3103448275862069
34981	13068	468	320	0.4117647058823529
24451	922	1310	513	0.2236842105263158
21116	34801	249	889	0.375
12489	1174	365	255	0.2972972972972973
270	16306	235	454	0.3148148148148148
14828	22567	528	446	0.375
20453	8449	708	493	0.2571428571428571
6731	25136	335	532	0.2
32986	20061	394	1210	0.2777777777777778
10945	4278	573	737	0.2972972972972973
2996	19542	456	535	0.7505668934240363
19059	29879	526	582	0.6913123844731978
34097	34348	264	1207	0.19148936170212766
22140	28420	624	694	0.2857142857142857
8768	22461	379	308	0.3111111111111111
32124	23543	316	793	0.22727272727272727
12348	10805	748	221	0.391304347826087
26436	1253	507	825	0.22777777777777777
14969	14701	293	521	0.2558139534883721
8598	13840	1277	325	0.2127659574468085
1436	33071	256	289	0.2727272727272727
11074	8071	336	871	0.25
24024	2448	524	877	0.20987654320987653
24588	16763	1335	827	0.2857142857142857
35044	3184	320	348	0.30612244897959184
3143	7085	479	415	0.3333333333333333
1293	3161	255	460	0.5333333333333333
7588	27313	417	513	0.45454545454545453
29118	24920	362	698	0.28846153846153844
8099	16563	507	448	0.21321961620469082
31090	10035	512	345	0.31666666666666665
13467	609	158	342	0.2857142857142857
19733	27582	1241	569	0.3275862068965517
6617	34098	508	593	0.3488372093023256
17693	8989	1324	1311	0.2329635499207607
27448	6875	503	336	0.35294117647058826
33527	7715	485	53	0.5
18527	7471	1252	555	0.3333333333333333
6964	32619	1291	277	0.28
13018	13090	292	452	0.3157894736842105
17235	34284	729	1283	0.19387755102040816
13216	23456	448	581	0.23880597014925373
26853	19356	486	307	0.3103448275862069
10510	2582	1353	277	0.25
32529	13611	319	484	0.4166666666666667
31500	21666	612	1201	0.46153846153846156
15368	179	365	522	0.34782608695652173
835	5832	475	260	0.27848101265822783
7237	32381	476	149	0.4666666666666667
9774	5903	261	325	0.2777777777777778
33535	4918	797	529	0.19083969465648856
6638	16770	464	518	0.2894736842105263
15149	29933	293	258	0.24719101123595505
19400	17309	1315	201	0.32142857142857145
30426	3282	619	759	0.2727272727272727
6541	11449	1325	860	0.3958333333333333
2585	19042	484	1325	0.29411764705882354
23607	20493	450	1502	0.3220338983050847
27918	7595	529	256	0.2692307692307692
6225	3007	430	493	0.5
633	9069	644	462	0.35294117647058826
11174	21539	342	513	0.3235294117647059
23430	28686	291	544	0.2903225806451613
17583	6091	505	349	0.19631901840490798
24420	22460	1073	479	0.3333333333333333
11984	7460	499	260	0.26785714285714285
26265	26230	846	472	0.26515151515151514
29919	17814	870	1330	0.32558139534883723
25278	31342	561	375	0.29411764705882354
27639	10930	536	478	0.2
7409	8684	365	652	0.37037037037037035
3843	10446	520	277	0.42857142857142855
6796	27264	410	375	0.2702702702702703
31632	28715	759	260	0.5384615384615384
11879	24887	444	468	0.47058823529411764
23501	1888	458	412	0.32142857142857145
8562	31659	668	533	0.2
31989	7401	512	406	0.2675438596491228
26953	28880	555	481	0.3125
3012	4150	615	238	0.34210526315789475
17145	20593	567	1346	0.25882352941176473
810	34394	468	519	0.20353982300884957
14679	22170	365	453	0.25
34019	34282	264	178	0.25925925925925924
6241	28367	228	306	0.3333333333333333
16290	31583	205	264	0.3
22659	25223	495	500	0.23725055432372505
9742	3576	532	522	0.24390243902439024
763	10284	262	260	0.5384615384615384
33132	30755	823	1260	0.36
32495	10839	531	541	0.21428571428571427
4906	32220	504	173	0.30666666666666664
21013	15787	507	319	0.4166666666666667
21685	18229	841	487	0.23214285714285715
3299	33222	550	767	0.2542372881355932
14595	24814	192	483	0.25
26429	15400	277	274	0.2792207792207792
5166	30087	437	730	0.29411764705882354
29110	29366	257	307	0.38461538461538464
5768	32666	411	404	0.375
29299	20713	925	584	0.25773195876288657
7779	32595	885	256	0.2727272727272727
1164	6726	656	994	0.4375
26439	27023	1325	675	0.2047244094488189
2348	11	336	544	0.3684210526315789
5956	19962	343	665	0.3333333333333333
33314	13556	764	521	0.32
29898	22338	535	1338	0.23529411764705882
23812	3556	418	466	0.6363636363636364
14609	29783	532	281	0.3235294117647059
21756	31007	510	629	0.4666666666666667
23808	29657	1268	306	0.21621621621621623
7472	6385	513	417	0.2698412698412698
14532	143	232	556	0.21052631578947367
22371	23274	309	357	0.3064516129032258
19135	34208	334	622	0.2962962962962963
24503	6967	422	530	0.2978723404255319
3000	10758	1137	292	0.2571428571428571
32271	9204	277	515	0.24271844660194175
26818	7009	222	263	0.2702702702702703
16665	12839	525	301	0.5714285714285714
12290	7913	1611	522	0.24489795918367346
25748	14128	344	95	0.3235294117647059
29952	12489	894	365	0.6363636363636364
22146	7062	1200	538	0.36666666666666664
27162	3047	566	1300	0.3157894736842105
8075	29524	1324	1475	0.2909090909090909
29975	33043	512	132	0.4166666666666667
8823	32691	865	292	0.25
284	34757	550	545	0.21518987341772153
3183	28364	464	1466	0.27586206896551724
31649	33314	294	764	0.19753086419753085
11613	11380	811	266	0.30120481927710846
8413	6786	554	812	0.2714285714285714
25389	21092	334	500	0.24489795918367346
27437	16268	408	1251	0.3170731707317073
17930	26074	525	1325	0.30303030303030304
22469	19278	354	292	0.29411764705882354
29677	8740	508	1220	0.22093023255813954
9055	27049	537	530	0.5142857142857142
33573	19589	797	558	0.2826086956521739
20572	14243	450	1305	0.38461538461538464
13165	13743	220	317	0.22077922077922077
19043	22629	1322	512	0.26
8694	11653	557	255	0.24691358024691357
33023	21127	400	466	0.2676056338028169
7563	23084	684	381	0.36
31481	27359	524	364	0.3333333333333333
34989	18738	429	448	0.20512820512820512
27681	836	735	257	0.3408239700374532
34257	6977	296	370	0.21296296296296297
1656	24960	345	318	0.26
9524	3477	527	488	0.18867924528301888
3709	13100	454	192	0.4
17496	10547	293	411	0.2857142857142857
18783	16420	367	293	0.6153846153846154
9596	4065	1291	402	0.2564102564102564
19342	13369	520	394	0.23140495867768596
2117	23506	236	1424	0.32142857142857145
29661	6716	349	530	0.6363636363636364
14700	25486	1328	562	0.35294117647058826
15571	33483	300	1453	0.42105263157894735
18850	3078	986	348	0.21875
25007	25398	513	579	0.2857142857142857
27300	20490	542	587	0.24691358024691357
3525	849	402	323	0.3
16471	13309	331	292	0.46153846153846156
29036	14781	1063	365	0.39285714285714285
24100	12875	540	373	0.26582278481012656
12681	19279	628	475	0.18421052631578946
29413	11627	543	540	0.623574144486692
4880	12253	260	1051	0.2835820895522388
11389	33675	1526	793	0.47368421052631576
7821	24720	361	522	0.2777777777777778
2663	28082	655	464	0.37142857142857144
18291	17317	647	497	0.3111111111111111
8524	10546	377	292	0.25
16712	369	578	536	0.35135135135135137
21663	30561	394	1321	0.26153846153846155
10145	2617	512	493	0.22696629213483147
10073	21143	505	447	0.2434017595307918
3332	19736	418	1315	0.2835820895522388
32148	23467	497	225	0.20512820512820512
4776	20831	510	1460	0.24719101123595505
34432	14415	767	448	0.47058823529411764
12050	34118	331	1021	0.19672131147540983
4468	33104	496	808	0.45
10444	27258	319	692	0.3
26438	6025	376	632	0.5294117647058824
22898	14496	707	291	0.22727272727272727
13982	21750	374	482	0.23076923076923078
21696	23645	501	758	0.2647058823529412
19239	14316	533	226	0.3684210526315789
34766	31120	449	1329	0.36363636363636365
576	7518	406	1229	0.35294117647058826
22675	29207	574	263	0.19607843137254902
15751	15979	365	332	0.35294117647058826
2613	21032	356	1316	0.25925925925925924
24993	7430	557	256	0.3181818181818182
25288	16815	345	479	0.19672131147540983
18535	1619	536	424	0.2916666666666667
33873	24573	434	531	0.25
33705	33340	1020	358	0.24
29200	31903	1371	280	0.2
2873	19427	536	455	0.2191780821917808
12616	20992	232	412	0.3333333333333333
33678	5396	486	540	0.6153846153846154
6288	10970	1225	1325	0.7514546965918537
34944	480	144	374	0.2903225806451613
4290	13813	444	505	0.26851851851851855
13970	27800	1333	488	0.17857142857142858
6810	13472	457	505	0.24778761061946902
28523	4726	340	443	0.24691358024691357
10076	1556	544	473	0.28125
30095	21739	470	472	0.3103448275862069
2482	5735	276	556	0.2972972972972973
4800	3556	1319	466	0.21
11664	16509	251	161	0.1891891891891892
4616	14918	1356	1511	0.24518201284796573
16950	26714	1158	748	0.3684210526315789
25430	29564	345	528	0.2773109243697479
26505	28378	962	544	0.2894736842105263
20735	1106	1330	868	0.2
25526	7753	661	567	0.30612244897959184
35050	386	348	448	0.3684210526315789
4144	2982	1545	483	0.20238095238095238
4757	23442	497	275	0.21518987341772153
32953	6955	375	1543	0.24545454545454545
18994	19749	1294	553	0.5625
5669	18449	260	482	0.28125
28683	24996	316	1551	0.5454545454545454
25894	2019	1319	515	0.3
31063	10244	519	377	0.36
34961	14409	189	233	0.5714285714285714
8937	25624	528	631	0.24324324324324326
19331	9442	411	258	0.28169014084507044
19533	24453	489	667	0.26495726495726496
730	9265	543	449	0.4
8076	2737	535	427	0.5864864864864865
329	25826	235	519	0.75
5578	19968	1509	576	0.2366412213740458
13766	22534	747	392	0.3333333333333333
13876	27043	1320	258	0.24175824175824176
33590	9335	283	1319	0.36666666666666664
10548	12058	370	273	0.42105263157894735
14469	16563	299	448	0.5833333333333334
12735	7511	218	1020	0.2619047619047619
11885	3564	258	308	0.23383084577114427
30229	4793	396	356	0.2391304347826087
19048	4414	243	473	0.22950819672131148
16429	6435	532	636	0.3275862068965517
12937	31928	164	631	0.21428571428571427
21682	23405	888	239	0.3235294117647059
8402	15370	1287	186	0.3125
6556	18686	478	524	0.4
4574	12681	538	628	0.2619047619047619
20826	31841	1209	289	0.23809523809523808
29533	21518	515	539	0.23684210526315788
20032	9987	520	629	0.358974358974359
23887	20731	213	466	0.3888888888888889
28069	11051	778	347	0.2777777777777778
316	20526	505	1148	0.30357142857142855
16133	14517	505	201	0.2894736842105263
28581	18132	502	116	0.43478260869565216
23559	8801	325	610	0.38461538461538464
21729	31454	258	522	0.30952380952380953
30333	29186	257	282	0.3125
23510	20019	709	320	0.45
31914	7132	229	498	0.25333333333333335
11519	5372	561	507	0.325
18390	9175	541	1494	0.34285714285714286
12873	17251	242	926	0.2962962962962963
5011	4941	540	593	0.24242424242424243
1220	33238	1033	1021	0.23809523809523808
2044	26550	254	1322	0.24358974358974358
13943	2402	1508	483	0.17796610169491525
17079	30939	1282	510	0.46153846153846156
9740	23974	654	1264	0.23300970873786409
25722	14634	410	286	0.27906976744186046
19070	8774	305	503	0.5714285714285714
30454	32841	436	201	0.42857142857142855
33450	5934	891	350	0.24528301886792453
26003	23846	463	1237	0.36363636363636365
32910	694	266	1307	0.2235294117647059
15655	10868	320	377	0.2948717948717949
33694	9199	488	499	0.4146341463414634
29243	10434	238	329	0.4074074074074074
11740	9581	867	484	0.35294117647058826
31686	23514	759	1375	0.2289156626506024
2648	14340	271	505	0.2
31958	15187	277	165	0.4
4119	17324	736	621	0.4782608695652174
24211	15336	556	478	0.3333333333333333
2805	13551	512	381	0.3181818181818182
33940	23674	878	347	0.3170731707317073
25434	30780	496	261	0.23300970873786409
29795	3043	336	484	0.3076923076923077
2615	21238	539	464	0.2653061224489796
6764	34168	498	218	0.3333333333333333
17923	17256	362	765	0.37037037037037035
11393	24684	512	599	0.2692307692307692
24806	23940	394	396	0.42105263157894735
5101	33860	666	1282	0.2546583850931677
16487	24663	165	857	0.4
14607	33840	362	178	0.25
26597	23127	384	474	0.2972972972972973
22612	31906	396	471	0.3333333333333333
31595	432	373	338	0.32577903682719545
32888	9107	772	622	0.375
28829	10853	375	635	0.21568627450980393
15072	5052	477	507	0.38095238095238093
33720	18403	781	800	0.23236514522821577
13861	9846	362	1294	0.6666666666666666
12249	10312	505	504	0.625
23738	7754	801	1297	0.4074074074074074
15095	27172	232	870	0.38095238095238093
21641	7427	1327	257	0.5
31556	31379	503	246	0.3157894736842105
31393	13808	378	244	0.29577464788732394
10567	26928	536	481	0.5625
1471	15969	345	453	0.2361111111111111
2827	8381	508	401	0.3888888888888889
10559	8829	447	297	0.3333333333333333
33596	2568	888	375	0.2708333333333333
9624	3664	292	520	0.28888888888888886
10901	16925	503	497	0.2826086956521739
11798	33858	1222	129	0.38461538461538464
26571	1220	531	1033	0.2692307692307692
18576	5619	565	499	0.2826086956521739
14194	29438	448	211	0.3333333333333333
30894	31566	752	639	0.5
11178	14376	249	165	0.5
26920	9352	501	338	0.2826086956521739
11919	33476	272	1444	0.3870967741935484
22457	29718	276	528	0.25
4511	15061	409	394	0.44
24786	25261	873	255	0.6363636363636364
8664	7115	519	324	0.24390243902439024
1085	13261	252	448	0.38095238095238093
34256	33053	586	1023	0.30434782608695654
27511	9801	570	414	0.27586206896551724
6311	11627	1271	540	0.2826086956521739
31186	2558	518	449	0.42857142857142855
34827	32986	899	394	0.3269230769230769
7701	6107	456	312	0.4722222222222222
31604	8541	510	1329	0.5454545454545454
78	28278	472	349	0.3684210526315789
34212	27569	478	445	0.24528301886792453
24273	2846	425	1321	0.6363636363636364
34722	28112	523	345	0.3
15039	31596	394	373	0.30952380952380953
24984	22971	424	870	0.28846153846153844
6403	27884	479	280	0.3181818181818182
8774	16680	503	192	0.4666666666666667
31269	15237	872	453	0.6666666666666666
5493	18564	513	1298	0.27450980392156865
26781	16895	492	1254	0.24031007751937986
12387	358	543	292	0.23529411764705882
466	34245	587	351	0.5
7722	34063	255	1023	0.21052631578947367
471	24577	337	495	0.3333333333333333
13462	20702	502	567	0.2916666666666667
26794	23741	546	778	0.47058823529411764
6985	10143	315	523	0.2318840579710145
27923	16622	267	365	0.5
17124	27758	492	540	0.3888888888888889
23962	18059	1204	453	0.25
26047	13349	528	505	0.24074074074074073
27081	31619	540	512	0.3181818181818182
11712	24262	570	365	0.35714285714285715
31703	16631	517	505	0.35
20096	22567	473	446	0.5191489361702127
26091	9048	894	1322	0.32978723404255317
7804	15058	1686	219	0.3333333333333333
29268	10603	256	121	0.3225806451612903
6571	14054	334	484	0.2830188679245283
33314	26251	764	850	0.22727272727272727
22179	3411	510	260	0.35
10534	25500	756	945	0.28440366972477066
346	5969	444	405	0.3684210526315789
9524	30911	527	1270	0.4375
28532	5776	505	407	0.42857142857142855
4199	17241	799	971	0.2880921895006402
14533	24303	394	804	0.2
5245	2474	1312	556	0.3333333333333333
25187	26256	418	1353	0.23333333333333334
34144	18774	764	493	0.23728813559322035
3765	11486	521	500	0.26595744680851063
32398	28768	509	291	0.46153846153846156
701	13219	292	508	0.225
33957	18743	234	266	0.5
12762	2202	1509	515	0.325
33459	33804	1021	588	0.32608695652173914
15182	11107	306	259	0.37142857142857144
2363	23575	1055	503	0.275
15679	18	394	515	0.18781725888324874
10318	5691	1525	411	0.20588235294117646
18083	26177	406	407	0.2830188679245283
23142	25896	360	453	0.2926829268292683
26571	13127	531	1509	0.2826086956521739
33930	1007	595	528	0.3333333333333333
4496	5909	356	505	0.4375
18644	22812	1276	365	0.26666666666666666
22772	18121	312	1523	0.2571428571428571
14830	12748	804	1287	0.2564102564102564
29803	26473	1325	320	0.3333333333333333
304	17111	394	451	0.28378378378378377
11471	26681	509	682	0.3125
33176	6977	178	370	0.3076923076923077
4743	32975	463	570	0.28888888888888886
19284	22280	604	1243	0.25
7668	33638	518	775	0.35
16888	16393	1283	478	0.35294117647058826
29017	24712	547	506	0.35294117647058826
31695	15943	512	248	0.5555555555555556
22260	30071	1231	495	0.28
30193	1792	499	484	0.23839662447257384
31586	7619	322	219	0.38461538461538464
16896	4427	1268	345	0.3114754098360656
25078	14442	1289	1509	0.37404580152671757
15068	20691	448	557	0.31645569620253167
27028	23140	261	454	0.36666666666666664
33849	35104	533	203	0.2631578947368421
637	17258	615	941	0.275
16269	18827	251	476	0.24242424242424243
6095	26144	547	515	0.2571428571428571
22412	4982	469	1273	0.47368421052631576
11697	31231	501	397	0.32142857142857145
20569	23169	1258	289	0.2641509433962264
14323	17634	453	292	0.3684210526315789
11978	12462	356	163	0.30612244897959184
32702	13085	1342	1301	0.7765876052027544
15391	15863	484	159	0.21428571428571427
17393	13551	1244	381	0.3333333333333333
15021	13288	407	232	0.25
16364	23332	394	1533	0.391304347826087
10223	6991	1015	621	0.36
7856	5143	423	424	0.3333333333333333
32287	434	261	1317	0.2222222222222222
2769	31607	492	597	0.45
24326	20671	417	476	0.4090909090909091
32266	18004	1620	220	0.38461538461538464
32165	11984	511	499	0.4117647058823529
33497	18367	354	272	0.45454545454545453
26075	14555	654	192	0.41379310344827586
8404	3548	554	502	0.4
34454	27733	1199	364	0.47368421052631576
31347	2134	555	510	0.23076923076923078
32930	22759	375	362	0.19230769230769232
25802	11455	255	553	0.2564102564102564
29962	7888	441	1325	0.25
33961	30151	82	573	0.22
20686	551	256	1287	0.32
774	13811	394	317	0.42857142857142855
24866	6602	525	262	0.30434782608695654
21327	23697	516	335	0.21568627450980393
17019	12265	255	407	0.3090909090909091
17226	15541	932	165	0.27692307692307694
17655	30890	478	1323	0.2318840579710145
22485	23981	510	531	0.29310344827586204
12052	32687	444	200	0.37037037037037035
27783	13797	556	192	0.5882352941176471
27465	24399	518	1540	0.25
23925	26253	597	315	0.24358974358974358
18325	29538	805	208	0.3076923076923077
11789	8594	1253	377	0.2727272727272727
14979	6545	454	1282	0.25
17691	15453	231	521	0.375
28325	24961	467	260	0.24444444444444444
12849	9558	448	871	0.27586206896551724
9800	30997	415	312	0.3076923076923077
638	11574	1325	306	0.5384615384615384
27624	32741	521	1349	0.2535211267605634
8812	33882	1333	887	0.3
34995	20691	1117	557	0.3888888888888889
31891	19663	471	1333	0.36363636363636365
16447	3126	165	547	0.5
26109	6486	277	1314	0.3157894736842105
10704	3934	1354	1064	0.23728813559322035
14120	16665	527	525	0.9013282732447818
31230	6311	535	1271	0.2033898305084746
29481	21932	513	916	0.21153846153846154
17024	23656	630	238	0.3333333333333333
23613	16889	496	323	0.2727272727272727
22553	1299	292	540	0.24561403508771928
26985	7945	500	502	0.646
23009	13038	862	448	0.3333333333333333
11438	18652	413	509	0.20833333333333334
23272	21305	375	487	0.42857142857142855
33452	31948	236	504	0.2727272727272727
29290	5138	248	464	0.2962962962962963
24973	18777	1237	293	0.20270270270270271
30392	9492	1090	535	0.4
10982	22111	501	1232	0.21666666666666667
27644	26527	504	511	0.2742857142857143
4675	5184	405	1284	0.234375
10616	22519	817	349	0.36363636363636365
14956	20544	320	1310	0.3157894736842105
20766	19094	335	288	0.34782608695652173
17529	25916	161	520	0.5660377358490566
17776	29156	292	538	0.1875
23800	34140	1323	277	0.4090909090909091
29510	27131	1329	359	0.33962264150943394
10965	12051	1389	620	0.24390243902439024
1513	8194	525	1264	0.2807017543859649
15376	16491	226	529	0.34615384615384615
5247	13800	507	240	0.3333333333333333
10938	26020	493	811	0.2696629213483146
6750	6262	512	1544	0.3
4180	31010	1324	320	0.2727272727272727
3527	1727	363	502	0.2542372881355932
26018	34339	442	217	0.28
5455	6811	550	1252	0.32727272727272727
17200	10176	1039	194	0.28205128205128205
5525	25548	1308	503	0.40625
20274	15031	1255	365	0.28
16213	18623	529	867	0.2537313432835821
29042	8284	889	331	0.22641509433962265
8603	34520	1210	300	0.3
11180	1872	249	559	0.44
2303	23385	409	541	0.2876712328767123
21312	31205	1277	562	0.30952380952380953
30617	17852	522	320	0.25
29153	8854	398	543	0.2765957446808511
11602	29920	231	889	0.2753623188405797
28506	34305	364	1279	0.22972972972972974
34982	20293	935	528	0.25609756097560976
22752	31565	736	520	0.3225806451612903
14885	5869	505	407	0.391304347826087
28957	20176	1530	497	0.23076923076923078
23971	27014	564	260	0.6153846153846154
17026	10205	255	387	0.26851851851851855
19894	691	496	160	0.45454545454545453
6	34296	516	772	0.4090909090909091
8932	22536	692	259	0.21621621621621623
18793	30749	463	311	0.23684210526315788
35068	545	662	610	0.24528301886792453
32239	31265	683	716	0.4230769230769231
19635	598	494	465	0.24064171122994651
28209	19196	451	469	0.5833333333333334
15152	473	187	1283	0.5
24487	12358	473	271	0.3333333333333333
26983	28646	533	696	0.4230769230769231
25870	16377	895	845	0.38095238095238093
10700	25540	369	760	0.2857142857142857
24796	14456	536	311	0.25
17234	5191	971	553	0.3333333333333333
27671	15699	277	448	0.32142857142857145
33856	17816	1053	556	0.3333333333333333
18656	34861	469	366	0.5714285714285714
17617	27060	317	524	0.4666666666666667
12320	4486	495	1322	0.22522522522522523
11954	8953	540	504	0.27586206896551724
18978	7232	564	398	0.288135593220339
29841	29672	514	505	0.19760479041916168
17834	32243	445	796	0.3
12306	21013	508	507	0.6666666666666666
1271	9971	255	867	0.38461538461538464
3252	35059	328	171	0.6666666666666666
1450	12185	332	277	0.2692307692307692
6702	18488	864	317	0.25609756097560976
17641	8194	369	1264	0.25
28732	537	472	444	0.2766990291262136
15257	5911	231	499	0.4166666666666667
9875	965	693	312	0.2556390977443609
32347	14233	1382	804	0.38461538461538464
22407	27541	508	638	0.6153846153846154
20419	32662	1161	439	0.3170731707317073
24339	30388	526	716	0.37037037037037035
2079	21643	730	236	0.3181818181818182
5257	9574	750	413	0.3684210526315789
3672	17465	737	199	0.3125
25717	4678	1427	697	0.24193548387096775
30811	11901	1214	760	0.24358974358974358
12595	16389	192	292	0.8571428571428571
25007	826	513	1551	0.2903225806451613
7992	16315	1319	362	0.2564102564102564
25218	29029	492	822	0.32608695652173914
16198	2196	1509	504	0.24
13053	30201	449	1345	0.29577464788732394
6157	34153	1343	339	0.20833333333333334
13660	30987	220	344	0.23376623376623376
25501	20454	345	466	0.36
21172	10394	681	858	0.375
2764	34139	235	223	0.34782608695652173
8004	16601	621	478	0.21951219512195122
31537	19583	1068	1268	0.40625
13023	23620	1299	472	0.2553191489361702
3413	14272	544	1279	0.21428571428571427
7400	15464	330	165	0.16666666666666666
28453	21267	1424	621	0.3404255319148936
987	10968	775	509	0.24390243902439024
18094	7841	394	356	0.27755102040816326
25939	15931	884	453	0.3333333333333333
585	2752	521	547	0.4230769230769231
31147	10157	1531	927	0.3611111111111111
24339	5864	526	488	0.26732673267326734
16300	10334	332	249	0.22413793103448276
32762	5990	261	222	0.3103448275862069
22178	3935	359	217	0.20754716981132076
3917	23299	336	863	0.4230769230769231
10087	7038	1074	1329	0.2777777777777778
8246	31971	530	1396	0.39285714285714285
15248	20757	484	269	0.2571428571428571
22761	28751	361	256	0.26
12646	1399	804	522	0.23595505617977527
24757	23472	536	541	0.5855513307984791
8829	16429	297	532	0.29411764705882354
2587	31804	189	293	0.5454545454545454
28672	19314	261	346	0.2716049382716049
32118	12437	544	147	0.3235294117647059
12230	22784	562	242	0.2777777777777778
21212	30696	277	468	0.2682926829268293
18043	10508	232	1351	0.42857142857142855
4513	34808	580	933	0.22666666666666666
10159	29450	1415	378	0.2653061224489796
19377	17258	364	941	0.3888888888888889
24059	29758	258	462	0.45454545454545453
47	33158	442	826	0.5
24840	12159	466	269	0.25
1226	23860	500	1169	0.25
15649	21017	452	923	0.2765957446808511
4151	25394	567	872	0.32558139534883723
12443	34345	165	193	0.7142857142857143
32607	10101	277	261	0.3522727272727273
18555	21141	472	534	0.2916666666666667
26856	21104	256	237	0.22413793103448276
7239	6308	1552	756	0.35714285714285715
34288	4369	194	1234	0.26785714285714285
2868	8504	461	1203	0.25
13243	7015	394	431	0.2073170731707317
31809	12557	299	192	0.5
6471	2085	562	537	0.325
25467	32106	1330	318	0.23529411764705882
34460	16773	523	480	0.2054794520547945
3216	24009	876	507	0.23333333333333334
14465	4644	521	858	0.5263157894736842
857	13679	469	452	0.5
32204	5240	481	707	0.3055555555555556
30674	3978	1070	1325	0.23076923076923078
23653	27259	454	346	0.37037037037037035
24187	3820	504	435	0.2962962962962963
17420	34669	467	255	0.24074074074074073
2664	4612	547	393	0.1935483870967742
19916	5107	551	511	0.5555555555555556
14149	34044	165	480	0.2631578947368421
6364	6633	573	238	0.35
15139	34842	505	297	0.34615384615384615
25253	12416	511	221	0.7777777777777778
12656	34484	188	277	0.275
16302	11724	505	220	0.23529411764705882
27209	6914	540	317	0.16326530612244897
23459	30062	942	248	0.2523364485981308
27988	6822	345	435	0.3333333333333333
10932	11822	475	1313	0.3225806451612903
26316	33075	682	283	0.36
22119	10366	574	513	0.3076923076923077
34989	29033	429	688	0.3142857142857143
23089	20653	266	1231	0.2361111111111111
21276	24361	536	1140	0.2857142857142857
27023	28219	675	251	0.2711864406779661
21197	15775	388	161	0.7142857142857143
14019	24580	362	521	0.25
16651	23593	165	464	0.42105263157894735
29648	29327	541	528	0.24242424242424243
26023	12	792	544	0.275
2271	18643	371	252	0.2631578947368421
1068	33922	833	893	0.3114754098360656
8852	19781	655	1252	0.2222222222222222
430	19682	1326	570	0.3333333333333333
14541	14078	158	394	0.375
20637	1422	1494	345	0.5
18085	33506	1509	1048	0.26153846153846155
10139	6179	516	404	0.3333333333333333
2473	30170	260	623	0.2553191489361702
23308	10230	541	317	0.17333333333333334
9070	17366	401	222	0.44
24057	16374	1398	804	0.23636363636363636
15269	16793	164	478	0.3780487804878049
19680	6023	365	181	0.36363636363636365
26201	14249	521	192	0.3404255319148936
5059	21279	698	504	0.2702702702702703
31623	11331	910	494	0.25
31999	6249	908	523	0.20652173913043478
19686	2449	1288	238	0.37037037037037035
25005	5143	1320	424	0.24489795918367346
3664	21914	520	516	0.2165991902834008
22801	28462	327	314	0.6211180124223602
27297	7899	693	720	0.25210084033613445
14858	749	1509	228	0.2857142857142857
25066	3547	581	492	0.4444444444444444
19974	34365	346	950	0.27631578947368424
2698	20926	509	525	0.208955223880597
9802	21419	407	342	0.2948717948717949
32925	14470	842	402	0.23880597014925373
10039	3310	716	1531	0.22608695652173913
25747	29203	317	325	0.48148148148148145
33077	5903	783	325	0.25
14554	28307	163	258	0.19047619047619047
18991	25842	707	1877	0.34210526315789475
9700	8663	617	345	0.2074074074074074
22031	5409	520	836	0.2682926829268293
31185	3231	544	425	0.32432432432432434
26161	17206	511	1014	0.36
5575	26117	308	1464	0.25925925925925924
32887	28474	816	1264	0.375
8544	8838	1327	461	0.18811881188118812
31517	12983	317	448	0.29411764705882354
31972	25907	511	264	0.3333333333333333
12851	34357	521	324	0.28
16137	15880	519	506	0.22388059701492538
4695	17449	340	462	0.3333333333333333
28184	21195	503	455	0.24324324324324326
5871	7374	337	249	0.21333333333333335
27104	27757	1512	460	0.2972972972972973
23938	22826	484	1265	0.3333333333333333
12483	21019	231	486	0.5882352941176471
22578	1586	312	536	0.3333333333333333
19976	11092	350	527	0.38461538461538464
22919	28980	480	365	0.3888888888888889
9556	28866	1214	479	0.4666666666666667
2941	15301	655	448	0.2463768115942029
13086	24498	392	394	0.8807106598984772
10223	5623	1015	345	0.47058823529411764
7364	3574	717	522	0.2535211267605634
15928	9678	188	491	0.2962962962962963
18853	900	543	1440	0.3939393939393939
22496	7292	293	230	0.5
19996	29495	434	335	0.3125
30879	1490	332	542	0.1527777777777778
21749	13697	546	362	0.4375
13885	13356	332	293	0.30701754385964913
34292	16951	595	560	0.43478260869565216
31655	9263	295	260	0.275
1205	24681	540	1272	0.19480519480519481
34524	2849	468	507	0.2826086956521739
16741	11162	246	1324	0.2571428571428571
3939	18613	277	347	0.21862348178137653
13152	17778	1276	160	0.36363636363636365
3478	30471	488	1524	0.23893805309734514
546	4364	1320	585	0.2826086956521739
25470	17780	256	95	0.4
23607	7070	450	518	0.2857142857142857
1250	19168	522	293	0.5384615384615384
25331	15149	484	293	0.3684210526315789
24949	33327	465	178	0.23404255319148937
6527	20673	310	409	0.32
31762	34836	538	354	0.35135135135135137
5768	12217	411	567	0.3783783783783784
13033	32810	394	871	0.26666666666666666
30014	1408	292	594	0.2553191489361702
2605	16213	348	529	0.3018867924528302
34695	19983	785	848	0.23076923076923078
21860	32108	1234	320	0.24615384615384617
25781	10289	255	551	0.3684210526315789
1204	22726	259	364	0.3333333333333333
23062	23290	1236	1513	0.23447712418300654
19813	15479	1260	165	0.3
32850	18079	778	365	0.25
4063	16887	552	472	0.375
25373	1931	260	802	0.5
18362	14783	354	556	0.6666666666666666
9942	22399	1206	259	0.21739130434782608
25745	8995	222	1245	0.23529411764705882
5753	25048	796	526	0.2826086956521739
34125	14904	1023	320	0.24074074074074073
27350	15752	713	445	0.42857142857142855
20472	21580	626	710	0.22058823529411764
29436	8635	211	413	0.25806451612903225
13550	9081	226	476	0.2413793103448276
13258	9051	484	1386	0.3137254901960784
20250	34328	1218	1434	0.25301204819277107
8863	28184	1325	503	0.21666666666666667
9512	10357	500	516	0.256198347107438
20807	4444	1266	335	0.3508771929824561
34928	7758	489	536	0.29159212880143115
12067	20814	1066	285	0.3157894736842105
9536	1932	1289	638	0.23788546255506607
20885	27134	486	860	0.3090909090909091
26951	19880	523	437	0.34782608695652173
29032	17943	506	293	0.2692307692307692
9958	12316	533	276	0.3548387096774194
6997	8620	1331	1071	0.4980544747081712
12107	1716	291	507	0.3448275862068966
17489	15133	421	448	0.3333333333333333
15216	15133	1333	448	0.21568627450980393
1709	23544	1326	539	0.25862068965517243
5208	31234	741	1535	0.38095238095238093
8787	32920	565	279	0.4
30720	24507	577	479	0.38461538461538464
12057	25392	624	402	0.5384615384615384
32207	31054	160	416	0.35714285714285715
9012	10733	1266	500	0.18446601941747573
12665	14829	525	192	0.34285714285714286
2112	26777	475	679	0.5833333333333334
983	17685	989	543	0.5868725868725869
27069	14585	492	190	0.22
13292	13406	155	362	0.5384615384615384
4334	11604	445	292	0.45
28788	32108	261	320	0.6
21292	29985	1542	507	0.4117647058823529
16173	28020	484	428	0.22632794457274827
26533	2741	345	1075	1.0
24928	20506	1355	556	0.32
25831	34421	544	747	0.2727272727272727
2523	34121	417	782	0.4
7164	29596	241	456	0.2564102564102564
29943	2779	500	238	0.38461538461538464
16103	33993	322	104	0.34782608695652173
25926	2572	524	167	0.5555555555555556
3230	12442	396	293	0.29411764705882354
19082	28806	824	321	0.2542372881355932
26085	19959	1268	502	0.41025641025641024
18737	30234	197	1325	0.5714285714285714
10910	27686	1541	370	0.27450980392156865
19295	3574	479	522	0.36363636363636365
33880	9321	1443	875	0.22784810126582278
30381	29602	359	456	0.3076923076923077
5927	32811	251	221	0.3181818181818182
7416	11781	516	420	0.2033898305084746
8867	25760	501	550	0.20909090909090908
27103	21198	559	485	0.2682926829268293
29549	1632	515	488	0.23937360178970918
11722	29732	1320	763	0.3448275862068966
13233	29798	223	538	0.25
5910	16389	493	292	0.4666666666666667
21238	10747	464	261	0.3333333333333333
8096	5976	507	605	0.27586206896551724
7481	29451	935	351	0.2708333333333333
23785	5590	747	245	0.42105263157894735
34328	25171	1434	540	0.42857142857142855
33532	10479	1029	491	0.5333333333333333
24817	24943	386	733	0.21052631578947367
2877	11199	330	260	0.2
21967	9836	509	1317	0.21428571428571427
10624	9476	268	346	0.4666666666666667
11722	3362	1320	1377	0.6463320463320463
27497	20189	497	1503	0.20588235294117646
20284	29245	235	277	0.25
18925	11842	1300	554	0.2702702702702703
7704	8622	293	351	0.2440677966101695
13294	231	192	394	0.3333333333333333
16587	800	866	487	0.26595744680851063
30057	32612	469	261	0.34782608695652173
32679	376	558	394	0.375
32339	15589	292	232	0.22
14213	31176	521	334	0.23809523809523808
29736	26879	567	535	0.24489795918367346
28958	5203	569	430	0.2716049382716049
430	16037	1326	454	0.24
18226	13607	525	226	0.37037037037037035
3205	12113	343	1540	0.3170731707317073
9716	3608	373	243	0.3684210526315789
22873	2406	337	420	0.75
9527	2125	525	503	0.3076923076923077
19558	21699	1275	464	0.36363636363636365
5747	3213	502	438	0.32142857142857145
7136	27325	345	320	0.38461538461538464
11681	10573	356	237	0.25
18637	11627	411	540	0.3076923076923077
29841	23605	514	1322	0.325
2348	6103	336	617	0.4
19614	21156	570	334	0.36363636363636365
24154	24834	654	657	0.4
4434	28005	569	423	0.36
4254	19191	334	296	0.22440944881889763
30855	8817	524	1143	0.28
7996	17984	1265	191	0.6363636363636364
21575	34540	400	1123	0.6666666666666666
27116	34383	1338	887	0.26229508196721313
13752	13700	448	232	0.2571428571428571
3813	7163	277	335	0.5555555555555556
34665	5745	523	496	0.25
31697	18821	341	874	0.6363636363636364
27987	20741	291	665	0.2222222222222222
17017	34432	601	767	0.25
23190	8500	1510	416	0.2894736842105263
32531	34059	357	101	0.47058823529411764
32619	32276	277	1327	0.3111111111111111
11790	15251	645	223	0.4444444444444444
19037	12684	479	1349	0.42857142857142855
103	7746	474	476	0.40476190476190477
1571	30466	529	352	0.3125
7728	13587	1270	165	0.27906976744186046
27173	27134	492	860	0.2894736842105263
2981	21875	373	508	0.375
22914	13915	1114	628	0.24401913875598086
740	13185	528	317	0.25
18456	16673	272	373	0.2
4445	20170	812	500	0.42857142857142855
19679	33206	418	1021	0.2631578947368421
21228	401	569	1287	0.273972602739726
7460	21842	260	1323	0.2708333333333333
22371	25955	309	851	0.25
1908	11510	405	342	0.36363636363636365
12715	21660	271	632	0.29545454545454547
22147	31398	316	1278	0.1978021978021978
31096	2330	373	514	0.23880597014925373
8896	31555	503	291	0.24324324324324326
10183	30187	723	259	0.3333333333333333
21961	30308	525	1289	0.2631578947368421
27128	3671	568	277	0.25
34149	19617	195	268	0.4444444444444444
20676	1226	512	500	0.23949579831932774
13648	21739	362	472	0.3548387096774194
23173	4339	1045	260	0.35714285714285715
9784	18380	579	519	0.2413793103448276
2042	22226	1097	346	0.36666666666666664
24591	35014	370	112	0.36666666666666664
10876	25530	522	361	0.20689655172413793
12280	7657	321	475	0.4375
20203	20611	1198	487	0.6363636363636364
2072	17792	542	365	0.3333333333333333
27123	5688	399	1190	0.34782608695652173
32574	15574	443	394	0.2606837606837607
24352	29616	339	456	0.3333333333333333
19833	14164	487	524	0.31666666666666665
34412	19812	820	362	0.25
11469	7355	569	325	0.34375
24524	2450	465	396	0.34615384615384615
13244	6068	362	259	0.3
29083	33160	371	354	0.3548387096774194
1634	31631	539	731	0.22727272727272727
32771	10097	569	1267	0.5454545454545454
12465	22289	362	1293	0.26666666666666666
31684	34316	413	469	0.275
20339	21452	292	346	0.22388059701492538
9390	6439	1426	913	0.27722772277227725
33826	8697	487	321	0.38095238095238093
13447	2395	394	907	0.2903225806451613
30105	25400	925	506	0.2638888888888889
34232	7591	146	490	0.3125
269	20380	254	532	0.37037037037037035
2885	5706	261	601	0.3142857142857143
21842	30597	1323	548	0.5333333333333333
3023	6756	894	515	0.29069767441860467
34116	20478	992	276	0.22413793103448276
1473	20456	381	514	0.2235294117647059
13752	21029	448	1374	0.38461538461538464
13143	12618	643	484	0.25
18780	18130	496	524	0.3333333333333333
34883	20915	368	436	0.24444444444444444
28908	7710	516	503	0.23443983402489627
17868	9785	394	508	0.5
10321	17933	330	453	0.2903225806451613
7501	999	522	254	0.2653061224489796
33689	6709	1033	414	0.25
13538	22958	362	222	0.32558139534883723
20872	17763	1337	529	0.35294117647058826
9277	18564	512	1298	0.28125
16044	11224	1320	802	0.216
4668	20406	222	546	0.2765957446808511
22199	29074	918	928	0.2982456140350877
3324	8524	411	377	0.4
1900	30850	550	369	0.3333333333333333
3306	6942	533	612	0.375
25139	3525	538	402	0.23529411764705882
5643	27948	302	508	0.22727272727272727
25684	11729	277	1343	0.25
29218	23306	1528	1496	0.45265888456549935
20476	21779	487	1458	0.3333333333333333
12985	34962	452	673	0.28378378378378377
5147	30519	349	521	0.2719298245614035
8637	6089	681	520	0.3225806451612903
30688	6374	292	211	0.2835820895522388
29857	20341	1529	269	0.23853211009174313
30500	30837	512	506	0.23222748815165878
15184	14666	462	519	0.25806451612903225
9418	16911	510	521	0.3333333333333333
23819	25695	853	622	0.24242424242424243
12016	21648	508	377	0.4375
21283	29706	276	548	0.30434782608695654
31949	1983	501	614	0.21951219512195122
4283	31151	292	404	0.25396825396825395
7398	23032	465	662	0.2926829268292683
31368	30227	277	469	0.5
11193	18498	255	1307	0.46153846153846156
22846	8348	1264	292	0.21951219512195122
33288	6745	773	501	0.30303030303030304
26587	7011	371	1162	0.3103448275862069
21356	4648	1278	570	0.25862068965517243
19799	34914	1325	1195	0.27692307692307694
30210	26267	328	375	0.24691358024691357
27095	15635	1322	332	0.43333333333333335
15970	10421	1287	441	0.25
31612	25153	254	309	0.4166666666666667
4329	22329	549	550	0.2698412698412698
13647	28255	394	432	0.5833333333333334
28531	22426	535	475	0.35
15476	11343	1320	546	0.3548387096774194
5104	31891	345	471	0.4375
7492	30337	350	521	0.34
21323	6399	277	540	0.3225806451612903
29177	11545	513	507	0.2591170825335892
20187	26594	1494	573	0.2564102564102564
4561	7126	493	483	0.228643216080402
24832	21457	414	322	0.6666666666666666
32394	4029	1502	1325	0.35768072289156627
5933	14261	667	437	0.3157894736842105
9104	12	562	544	0.2564102564102564
9615	9779	345	708	0.2413793103448276
29686	34816	338	308	0.5
19103	25557	1451	654	0.2692307692307692
29305	12823	261	484	0.3333333333333333
13478	20748	1286	1221	0.8752922837100545
19643	19958	594	501	0.2549019607843137
28490	22561	659	494	0.29411764705882354
5851	532	566	481	0.5
33451	26489	887	565	0.2549019607843137
8359	19279	276	475	0.25
4090	24197	512	865	0.28888888888888886
3481	55	495	420	0.625
23543	7189	793	502	0.29850746268656714
18494	2043	1325	400	0.42857142857142855
15416	28292	232	413	0.875
25838	20848	364	569	0.24324324324324326
25086	26609	1450	454	0.2926829268292683
25006	28520	1323	548	0.3132530120481928
13842	11364	797	674	0.5833333333333334
31121	9114	470	222	0.5
12335	25204	425	335	0.22330097087378642
23611	27343	349	855	0.2682926829268293
10110	18905	297	496	0.24444444444444444
8227	8800	464	227	0.2857142857142857
760	4701	252	621	0.2631578947368421
1029	9436	535	510	0.325
31896	28621	505	666	0.2125
8898	5548	520	434	0.5
8992	27253	1282	869	0.27906976744186046
29886	27898	255	465	0.23076923076923078
11783	29779	234	511	0.19047619047619047
33385	27795	486	1305	0.2978723404255319
29494	25212	677	1254	0.28888888888888886
23285	14794	1542	365	0.2711864406779661
12176	27837	656	691	0.2978723404255319
486	32647	394	344	0.32142857142857145
15515	32881	448	354	0.2765957446808511
17645	26924	1286	556	0.24444444444444444
24049	2192	1472	535	0.21333333333333335
2481	31671	222	326	0.5833333333333334
24155	7416	1382	516	0.47058823529411764
31557	5247	259	507	0.2608695652173913
9311	34498	1275	277	0.3333333333333333
18312	30470	661	736	0.2692307692307692
33878	5127	368	1241	0.25862068965517243
34298	5796	738	573	0.20689655172413793
16071	30962	232	417	0.22077922077922077
5117	20479	575	312	0.2894736842105263
3458	22514	174	1542	0.2962962962962963
35063	706	354	474	0.34615384615384615
30727	29755	1275	539	0.1875
33597	30751	1021	560	0.3870967741935484
21726	27591	261	670	0.3076923076923077
23128	19308	516	468	0.25757575757575757
18953	10977	523	1502	0.4
2315	19927	728	1321	0.24417009602194786
17068	4025	1206	547	0.29411764705882354
31009	11080	840	475	0.21428571428571427
3382	19120	294	407	0.4
1789	18796	541	498	0.2558139534883721
31769	5407	495	344	0.31343283582089554
8311	33134	1294	366	0.30303030303030304
5037	18209	256	191	0.35294117647058826
16518	8686	223	525	0.2608695652173913
18413	18036	1393	1507	0.7704447632711621
16839	930	491	511	0.3684210526315789
7310	11443	569	510	0.23529411764705882
9904	29271	355	472	0.2537313432835821
24233	11494	484	1529	0.28125
17121	15479	1263	165	0.38235294117647056
31779	11849	503	515	0.181640625
34562	2168	779	225	0.3684210526315789
22468	5531	357	540	0.20618556701030927
9507	10102	470	1226	0.2727272727272727
25111	15594	313	535	0.20967741935483872
28847	10963	545	271	0.25
13818	22614	1509	485	0.3
3560	17327	927	1349	0.23776223776223776
7601	3442	522	322	0.2571428571428571
10983	30409	429	292	0.1945945945945946
26132	31210	1474	591	0.5
19750	31212	570	1332	0.30158730158730157
34899	15313	933	165	0.25
24890	25563	283	654	0.20833333333333334
31102	17211	179	814	0.28
9512	34763	500	467	0.32
28490	777	659	261	0.6153846153846154
18926	29413	1107	543	0.3333333333333333
25035	20688	460	649	0.4166666666666667
34750	2688	932	534	0.18181818181818182
6380	34818	805	1118	0.26282051282051283
23188	28297	1515	415	0.2962962962962963
17864	21952	797	666	0.6153846153846154
17716	17503	362	1525	0.34285714285714286
6440	16734	518	372	0.5
25634	30219	820	366	0.35714285714285715
15846	12774	506	234	0.28
34075	22112	778	1198	0.2972972972972973
11791	20530	513	1220	0.24561403508771928
693	555	505	299	0.28169014084507044
4453	783	429	538	0.22661870503597123
26951	6402	523	538	0.2647058823529412
34423	6809	587	261	0.18518518518518517
29225	23036	316	524	0.2708333333333333
14379	18566	394	365	0.3235294117647059
16508	12653	453	453	0.9116997792494481
2230	1553	352	348	0.39144736842105265
6025	3727	632	394	0.34615384615384615
14209	7981	556	725	0.23655913978494625
7862	5661	408	570	0.34146341463414637
8513	24638	1237	585	0.38095238095238093
12108	7264	548	451	0.2647058823529412
12075	16602	805	394	0.42105263157894735
19304	30602	351	530	0.2727272727272727
4962	29716	522	528	0.25925925925925924
18113	27982	362	1317	0.4666666666666667
21194	16864	489	243	0.44
10614	4849	808	439	0.2689075630252101
18172	4088	163	523	0.22018348623853212
25087	25466	1303	569	0.25862068965517243
21800	3936	585	1530	0.32142857142857145
16923	17345	519	317	0.4666666666666667
11660	28873	510	482	0.21904761904761905
4548	32225	433	128	0.42857142857142855
13151	25731	191	459	0.35
11694	32247	1316	469	0.2962962962962963
7106	9428	360	1216	0.375
28262	14312	659	394	0.2916666666666667
6963	28939	1539	384	0.2926829268292683
16973	6769	1278	507	0.29411764705882354
2284	4778	490	351	0.2826086956521739
4614	16423	1283	648	0.22962962962962963
29221	1229	522	477	0.21321961620469082
32617	9755	536	509	0.3157894736842105
56	2479	415	256	0.35714285714285715
25590	17461	1347	536	0.3230769230769231
9935	21615	384	1292	0.3137254901960784
25646	242	503	546	0.2153846153846154
33776	32157	363	260	0.3103448275862069
31335	28577	345	414	0.2033898305084746
26470	4594	516	349	0.3181818181818182
14801	216	479	545	0.36
25193	31592	257	473	0.3888888888888889
7943	35081	366	330	0.2631578947368421
23522	21852	475	1253	0.3448275862068966
19846	26254	1335	813	0.45
3617	5941	466	415	0.3333333333333333
23943	35037	1257	778	0.2876712328767123
22286	5272	1268	585	0.47058823529411764
30122	19002	418	1332	0.3939393939393939
13311	11574	325	306	0.2727272727272727
2577	25176	164	404	0.2153846153846154
12517	19586	1508	402	0.24324324324324326
25565	6997	415	1331	0.22807017543859648
23544	31883	539	340	0.45454545454545453
5561	28703	1310	322	0.25
12416	9171	221	536	0.5333333333333333
2339	12654	915	192	0.4074074074074074
1662	15629	294	163	0.21153846153846154
32062	25478	420	451	0.29411764705882354
4128	20167	487	268	0.25
32747	34992	359	932	0.5
29445	1075	144	200	0.30303030303030304
2427	22235	337	502	0.2857142857142857
3673	22132	596	412	0.4444444444444444
2805	26575	512	294	0.3888888888888889
7745	13872	526	164	0.4117647058823529
34283	30039	1170	308	0.17391304347826086
9761	15268	420	192	0.375
4720	2416	540	290	0.4
9279	32040	508	378	0.25
1249	30881	524	1359	0.25
3001	15904	521	521	0.2777777777777778
8554	941	556	261	0.26229508196721313
11288	3274	652	366	0.264
20141	6376	535	1414	0.42857142857142855
29896	11186	494	249	0.5
4191	6968	922	427	0.22093023255813954
7482	32580	1329	397	0.47368421052631576
14455	4135	1343	258	0.3333333333333333
13280	27932	332	258	0.2094017094017094
22108	26346	1230	539	0.4375
21249	7916	1138	522	0.24347826086956523
9000	21075	553	506	0.2826086956521739
13974	2987	362	509	0.2708333333333333
11367	21987	296	1260	0.4
4143	7913	1325	522	0.42857142857142855
17949	9256	218	496	0.8151658767772512
27207	11013	555	547	0.36666666666666664
24243	10813	244	504	0.2708333333333333
28748	15967	512	192	0.3125
2667	8740	877	1220	0.2459016393442623
6551	24650	253	1431	0.2753623188405797
10338	1024	1336	535	0.21774193548387097
31913	5290	298	372	0.3225806451612903
416	473	505	1283	0.22580645161290322
11758	5841	559	345	0.3111111111111111
31195	8316	703	416	0.36585365853658536
13510	9377	215	377	0.46153846153846156
17756	34281	1269	178	0.42857142857142855
29518	27002	260	440	0.6363636363636364
15679	11439	394	364	0.2765957446808511
2465	11796	427	637	0.4444444444444444
32760	5768	522	411	0.4166666666666667
19739	22796	1291	1251	0.767013610888711
27445	299	1296	341	0.4090909090909091
15442	12576	230	454	0.28125
7700	34747	137	275	0.4375
6270	23717	469	489	0.391304347826087
33262	14370	180	292	0.4166666666666667
30422	13638	1502	301	0.4375
18115	3477	306	488	0.23809523809523808
12695	7384	265	327	0.22580645161290322
9779	31091	708	1530	0.24358974358974358
32605	11555	277	497	0.2641509433962264
10470	2825	541	356	0.4375
3540	23867	171	1388	0.4482758620689655
18681	13735	365	394	0.3235294117647059
28486	16474	418	394	0.375
21908	29697	707	896	0.3142857142857143
2838	6843	396	516	0.5
3437	11526	322	408	0.35714285714285715
10357	1904	516	546	0.30434782608695654
31788	33744	483	486	0.24193548387096775
7606	4643	528	507	0.23308270676691728
15420	29151	530	811	0.3076923076923077
21362	27463	272	498	0.35135135135135137
13025	21344	192	293	0.3888888888888889
15077	7217	293	452	0.29
21373	14927	440	519	0.5
6426	15539	1264	526	0.47058823529411764
27039	13104	495	362	0.3125
24610	14461	527	505	0.273972602739726
4818	30866	475	365	0.28125
31746	3561	414	904	0.28125
28564	9498	494	692	0.35
14166	29818	473	1147	0.35555555555555557
11669	25384	409	1165	0.3225806451612903
24476	8939	566	503	0.35
29998	12724	1072	529	0.2608695652173913
23500	17674	556	529	0.716
13252	22012	424	1270	0.375
8336	2103	718	285	0.291005291005291
3909	18389	618	469	0.48
8945	7281	524	1095	0.30303030303030304
30509	30053	369	261	0.2483221476510067
27408	11219	479	370	0.3333333333333333
22516	14408	598	165	0.23076923076923078
19343	10275	477	545	0.4166666666666667
11136	15053	536	299	0.3
5667	26980	345	810	0.24390243902439024
34194	32061	264	1541	0.3170731707317073
14184	31030	164	440	1.0
30327	18295	411	617	0.375
950	28056	297	386	0.3448275862068966
16164	16241	394	337	0.20930232558139536
21449	28458	345	699	0.24
14575	9762	192	327	0.2903225806451613
332	27379	408	510	0.23605150214592274
2898	2625	261	277	0.24696356275303644
30844	33044	519	481	0.35135135135135137
2203	27898	524	465	0.3153846153846154
34807	25842	262	1877	0.2777777777777778
31409	6422	1277	487	0.3
29651	32459	1323	528	0.3548387096774194
15762	5445	505	583	0.2777777777777778
814	26648	446	639	0.2857142857142857
14287	8697	165	321	0.35294117647058826
23488	19384	1208	371	0.36
15667	5946	392	420	0.3333333333333333
1043	31443	824	545	0.35
19977	10603	357	121	0.5
30099	1599	1524	504	0.30952380952380953
29808	30393	539	1545	0.21686746987951808
9084	26565	657	504	0.32142857142857145
12120	24275	919	632	0.375
30428	89	572	453	0.34210526315789475
4633	25223	399	500	0.37037037037037035
21817	34794	387	727	0.2331288343558282
2143	19437	261	630	0.3333333333333333
27911	17680	466	652	0.20930232558139536
13575	5305	1320	562	0.28
22000	3592	477	515	0.2972972972972973
33733	23854	178	1130	0.1864406779661017
3379	7272	433	1262	0.20689655172413793
25097	23959	274	865	0.35135135135135137
30497	2678	253	491	0.2619047619047619
23958	24014	1242	513	0.25
11486	4391	500	520	0.2564102564102564
13416	9070	1525	401	0.23636363636363636
21949	15639	313	311	0.3333333333333333
7442	31358	894	515	0.19230769230769232
13749	14774	852	192	0.26744186046511625
21001	23115	1280	567	0.34375
17521	33001	971	147	0.35714285714285715
27717	18162	851	525	0.21428571428571427
3569	4152	1076	656	0.288135593220339
24432	22624	220	927	0.2714285714285714
29649	31865	391	613	0.32142857142857145
32863	34516	900	503	0.34375
8041	30812	567	394	0.5384615384615384
34858	34921	419	778	0.2962962962962963
19153	29620	461	456	0.3333333333333333
24126	4300	310	567	0.5
12343	30007	417	547	0.2702702702702703
5721	5254	423	1303	0.26
25603	11718	630	412	0.46153846153846156
18898	5042	335	495	0.35
7167	10798	1336	255	0.4375
18084	7341	505	237	0.5
9696	32527	945	255	0.28
9863	13386	1029	524	0.38461538461538464
34123	1487	892	522	0.36363636363636365
19213	27298	512	521	0.35294117647058826
8652	31057	350	373	0.4166666666666667
22721	27533	1276	476	0.3125
29088	1407	396	410	0.3181818181818182
19104	12390	407	420	0.24324324324324326
4125	1444	334	441	0.2692307692307692
15225	34053	192	486	0.24
22012	26980	1270	810	0.3448275862068966
22465	21384	297	540	0.2638888888888889
31860	34744	492	261	0.391304347826087
29180	30015	512	291	0.2916666666666667
19928	8647	1325	1275	0.24333333333333335
20086	11254	282	935	0.23404255319148937
17039	14862	587	425	0.25862068965517243
31735	24372	411	524	0.22727272727272727
18883	3101	1290	750	0.3793103448275862
9721	23142	260	360	0.3076923076923077
18637	29879	411	582	0.2727272727272727
10902	10537	261	381	0.4444444444444444
35082	18693	827	1225	0.24528301886792453
11945	11492	555	639	0.5
10058	10567	515	536	0.30434782608695654
15591	7662	192	919	0.2647058823529412
2696	20750	886	365	0.2403846153846154
8288	28894	511	532	0.32142857142857145
17066	24226	461	292	0.21359223300970873
12091	13445	1530	1333	0.34541420118343197
2273	20771	270	312	0.2916666666666667
22534	9695	392	440	0.3170731707317073
24439	29388	294	302	0.3076923076923077
10655	34972	1503	467	0.38461538461538464
19763	7961	520	1498	0.25757575757575757
1633	26513	539	552	0.2403846153846154
32729	9527	1111	525	0.4245472837022133
30018	20985	404	379	0.21428571428571427
10227	281	567	394	0.5
33253	21710	357	618	0.42857142857142855
19369	31058	1317	386	0.21176470588235294
18994	9639	1294	314	0.2564102564102564
28973	22196	463	518	0.26373626373626374
7360	31390	448	381	0.23684210526315788
2626	9137	999	576	0.23478260869565218
7659	20190	494	541	0.24096385542168675
1625	26321	247	400	0.2
14441	29227	243	512	0.21428571428571427
23422	6060	516	1531	0.32142857142857145
21388	3606	1072	515	0.2898550724637681
12789	34500	332	561	0.36
14558	18214	1509	422	0.2537313432835821
12826	1477	163	374	0.3225806451612903
5478	29193	401	503	0.26666666666666666
5726	33540	1447	813	0.2777777777777778
25848	12743	331	292	0.19047619047619047
32143	20824	300	338	0.2413793103448276
33525	3673	781	596	0.2894736842105263
23662	26054	295	736	0.29411764705882354
9695	28025	440	429	0.23636363636363636
24224	25304	244	258	0.4117647058823529
24433	798	472	533	0.29545454545454547
18654	22604	497	290	0.22429906542056074
23026	20190	587	541	0.21008403361344538
29201	5740	512	850	0.2191780821917808
14135	29112	232	978	0.3076923076923077
27237	28999	498	1033	0.27906976744186046
18915	10734	469	375	0.2978723404255319
27776	27144	414	534	0.32142857142857145
9146	5641	1347	1456	0.26332622601279315
9413	13617	508	191	0.42857142857142855
19872	31104	276	1278	0.2571428571428571
34426	21981	405	1284	0.25925925925925924
4332	24626	569	1416	0.225
5796	433	573	487	0.3018867924528302
26834	17912	433	502	0.5555555555555556
27165	11461	685	217	0.24074074074074073
30285	8973	547	1266	0.25
13058	12190	524	526	0.6
25019	18970	512	740	0.44
32151	2767	417	550	0.36363636363636365
19791	19917	863	256	0.6
32381	30372	149	927	0.24390243902439024
14714	1758	505	334	0.4
160	10094	1316	397	0.3333333333333333
17214	19671	852	1274	0.2345679012345679
30968	8138	1489	494	0.28846153846153844
18853	27338	543	517	0.6153846153846154
11755	32236	453	733	0.37037037037037035
16039	1864	448	439	0.3333333333333333
7822	18167	438	192	0.23529411764705882
32312	4372	409	540	0.3333333333333333
23708	31489	1277	487	0.375
28578	16902	517	1198	0.23008849557522124
31197	7837	1523	423	0.2903225806451613
24458	33588	1273	357	0.37037037037037035
1149	17009	441	531	0.37037037037037035
10672	3834	219	317	0.6
9577	20950	506	351	0.2631578947368421
30214	8879	238	258	0.625
23421	10702	263	501	0.2727272727272727
3466	17869	484	1281	0.28378378378378377
23669	27493	1475	697	0.22608695652173913
23329	3192	777	641	0.23529411764705882
18996	19114	252	295	0.26262626262626265
34708	5034	927	667	0.21428571428571427
33676	12701	595	192	0.45454545454545453
12009	6193	485	223	0.3125
10953	21142	503	1346	0.375
20723	19731	499	260	0.3076923076923077
17790	23758	223	728	0.4666666666666667
6280	35023	615	674	0.21782178217821782
23044	9418	503	510	0.7509803921568627
845	8975	285	845	0.2553191489361702
33958	18442	775	255	0.28
24445	31778	404	1531	0.2702702702702703
27000	22302	418	356	0.4
10684	6712	1078	536	0.3888888888888889
14278	10128	1518	213	0.24031007751937986
32989	14490	486	394	0.4
12348	34449	748	279	0.2727272727272727
34871	7468	353	394	0.6666666666666666
27351	30178	499	548	0.1891891891891892
5006	7639	461	411	0.26666666666666666
8600	1138	448	349	0.75
31425	22820	356	222	0.35714285714285715
20419	23761	1161	375	0.36363636363636365
9110	28962	259	480	0.2441860465116279
34283	22416	1170	410	0.2413793103448276
11285	19967	472	646	0.4666666666666667
1884	7772	487	310	0.46153846153846156
14572	8435	372	357	0.32075471698113206
9329	14848	731	507	0.2786885245901639
20147	8214	1077	346	0.8840579710144928
13752	8533	448	1322	0.2807017543859649
5151	27840	836	1309	0.2972972972972973
7321	5094	513	1504	0.2894736842105263
1232	31736	552	284	0.25
28262	2786	659	491	0.21518987341772153
12868	7065	1332	468	0.3870967741935484
2149	33651	307	782	0.5555555555555556
3884	30741	1544	507	0.36666666666666664
7793	16581	1497	292	0.4
2836	4341	1646	430	0.3137254901960784
19768	673	570	320	0.3333333333333333
6324	8112	908	507	0.24444444444444444
13461	13108	223	519	0.3
12109	23038	523	734	0.5833333333333334
1917	5949	475	222	0.5
9539	18178	1223	297	0.4166666666666667
22795	23081	1311	437	0.2727272727272727
10522	32809	334	536	0.2777777777777778
15848	33089	299	776	0.6666666666666666
4478	6494	260	448	0.23529411764705882
916	34657	525	827	0.20967741935483872
14221	12553	525	454	0.2682926829268293
18471	11257	410	580	0.7777777777777778
283	6467	299	569	0.47058823529411764
14025	33042	292	373	0.6923076923076923
31110	24016	552	507	0.35714285714285715
12132	28813	1325	555	0.5909090909090909
7033	11852	1304	515	0.27
23253	24878	1348	854	0.3333333333333333
27793	14042	1248	292	0.23333333333333334
33701	14912	1020	315	0.4117647058823529
26711	7395	514	613	0.5
20596	8101	302	524	0.1951219512195122
30533	7229	304	521	0.2857142857142857
34060	8907	772	491	0.34782608695652173
32493	23674	272	347	0.22727272727272727
18892	2661	579	483	0.3114754098360656
5390	21503	501	529	0.45
32355	7583	224	556	0.4166666666666667
25217	18586	493	1250	0.3
29946	20447	561	244	0.29411764705882354
29095	14802	509	165	0.2727272727272727
26691	19044	486	506	0.20588235294117646
28046	12372	465	562	0.38095238095238093
4561	31173	493	235	0.30952380952380953
24080	11750	292	255	0.27631578947368424
837	32220	927	173	0.42857142857142855
6892	25976	1243	472	0.29411764705882354
28708	34253	502	777	0.2857142857142857
5570	7813	802	712	0.2641509433962264
9395	25874	543	382	0.4230769230769231
26255	6666	256	270	0.8
11057	4240	522	474	0.21271929824561403
23836	13047	1247	1281	0.8452743902439024
22192	13124	540	301	0.3333333333333333
26495	8045	520	276	0.5
15261	27833	394	480	0.26666666666666666
32709	18252	531	332	0.3225806451612903
17889	26229	1286	1223	0.3224489795918367
23337	31183	1464	612	0.38461538461538464
26505	31754	962	324	0.38461538461538464
33516	18277	1020	469	0.2608695652173913
9658	29794	329	255	0.23232323232323232
7080	8007	579	535	0.3888888888888889
16429	32069	532	666	0.2727272727272727
32589	15127	255	628	0.2727272727272727
8821	1947	1513	505	0.26143790849673204
6527	3463	310	503	0.2222222222222222
4471	32645	502	1327	0.31
1753	11737	428	513	0.32653061224489793
25076	21427	1292	534	0.4090909090909091
6313	5014	550	537	0.3
34075	32256	778	441	0.35294117647058826
30541	13233	176	223	0.8625
19238	32630	545	259	0.3
32129	33082	526	265	0.21505376344086022
17148	22519	524	349	0.2962962962962963
1158	2070	522	483	0.20486815415821502
28207	7807	523	1630	0.2641509433962264
25141	29498	365	515	0.2807017543859649
20614	24663	1544	857	0.2903225806451613
29003	30124	806	346	0.22857142857142856
2358	2153	921	1288	0.232
11591	19860	251	308	0.25213675213675213
10757	32209	269	300	0.36
28225	8813	653	1281	0.38461538461538464
20477	25498	536	541	0.2777777777777778
31945	7168	571	1200	0.3488372093023256
32148	30790	497	348	0.5
31189	10243	570	434	0.3125
33206	3652	1021	536	0.4
25649	17261	565	728	0.2558139534883721
32420	24759	1252	487	0.25
23118	18640	520	526	0.3225806451612903
21003	4025	539	547	0.29411764705882354
1844	2956	528	323	0.28
8401	24013	1350	513	0.5555555555555556
22863	1762	374	251	0.3333333333333333
22364	24941	274	554	0.23255813953488372
6379	28059	506	1561	0.3076923076923077
22619	23420	705	1542	0.37037037037037035
26996	23020	498	499	0.35
3699	16005	533	521	0.23648648648648649
16227	15376	190	226	0.3055555555555556
20453	5566	708	516	0.21621621621621623
4292	19982	657	857	0.2727272727272727
7501	22124	522	530	0.2755102040816326
11126	1291	486	493	0.2857142857142857
21372	2449	408	238	0.3333333333333333
30206	27687	389	1067	0.3191489361702128
33735	27601	533	329	0.44
17473	1337	205	562	0.2222222222222222
30782	1457	877	1317	0.2727272727272727
20743	24755	330	540	0.3076923076923077
25578	21130	432	519	0.3333333333333333
6404	32005	536	323	0.3333333333333333
6557	13494	255	784	0.41379310344827586
22017	32553	1296	392	0.225
32949	22252	1027	1289	0.2517482517482518
10920	19629	515	310	0.20833333333333334
23811	28573	1295	221	0.4375
13222	32568	639	516	0.25217391304347825
4936	35116	559	329	0.2777777777777778
14029	18832	448	333	0.27358490566037735
17377	3115	254	378	0.2317596566523605
19485	26347	551	255	0.46153846153846156
14803	6026	795	548	0.3125
6208	22075	1354	563	0.36363636363636365
17915	4408	1333	375	0.2361111111111111
34803	31147	483	1531	0.21153846153846154
27990	13745	589	332	0.7
22761	5024	361	1317	0.36666666666666664
19781	33072	1252	882	0.3333333333333333
19654	28371	555	845	0.4444444444444444
20535	13112	1267	1508	0.36071695294996264
27152	26365	443	323	0.3955056179775281
16466	33775	504	110	0.4666666666666667
29702	11835	527	529	0.21994884910485935
1219	33831	170	178	0.29411764705882354
12225	32715	663	472	0.19444444444444445
13956	30624	362	292	0.27906976744186046
17559	34912	192	986	0.5
28424	3924	341	655	0.2236024844720497
34227	13149	294	164	0.29411764705882354
23873	30309	458	1305	0.25
9682	15753	1414	808	0.3090909090909091
9861	19678	1269	509	0.2653061224489796
28533	26886	498	463	0.35294117647058826
20883	4222	581	522	0.4117647058823529
13340	27029	448	253	0.2962962962962963
17493	18811	505	1273	0.3023255813953488
10524	16806	378	547	0.2459016393442623
15475	26598	223	466	0.2971698113207547
15629	7442	163	894	0.375
9827	12577	1323	452	0.5555555555555556
1815	16094	419	458	0.3684210526315789
20351	30419	303	535	0.25
31810	28582	255	569	0.46153846153846156
27657	2425	1327	433	0.2375
13237	10443	795	1500	0.26229508196721313
17872	8941	362	538	0.4230769230769231
1909	16934	521	1291	0.2982456140350877
18204	11533	525	1319	0.29411764705882354
2767	31840	550	737	0.22058823529411764
1304	3625	203	498	0.26
5500	20572	222	450	0.34375
19528	4166	415	280	0.2857142857142857
26673	23818	255	385	0.2
5918	26010	505	292	0.375
9211	15469	498	237	0.24324324324324326
7335	32784	475	397	0.273972602739726
7906	34207	518	902	0.3684210526315789
34423	16502	587	556	0.2916666666666667
32535	5914	306	300	0.4
15602	8013	423	303	0.234375
20539	21580	1318	710	0.3333333333333333
25555	15462	320	453	0.3111111111111111
27713	14287	345	165	0.3333333333333333
9455	7000	456	536	0.34375
11478	14031	845	165	0.2857142857142857
17992	28801	165	349	0.8333333333333334
26763	16666	536	505	0.3684210526315789
3665	32136	605	356	0.26666666666666666
34961	24556	189	653	0.2926829268292683
7403	20741	506	665	0.2619047619047619
27772	31120	556	1329	0.3392857142857143
16144	18201	560	192	0.4666666666666667
9496	23789	320	365	0.5384615384615384
31144	24100	1532	540	0.3939393939393939
20196	1381	843	441	0.75
2281	3583	254	515	0.2708333333333333
15707	16579	453	556	0.26
25211	20268	491	332	0.2857142857142857
23780	7998	494	286	0.2711864406779661
35055	15491	217	505	0.36
28993	25458	531	1335	0.38235294117647056
515	25754	555	437	0.4666666666666667
16746	19719	698	256	0.25
5914	15431	300	445	0.2608695652173913
19491	13787	1285	1509	0.3588410104011887
10500	28760	1298	501	0.3225806451612903
20786	26626	428	514	0.23809523809523808
2220	17959	508	1305	0.2903225806451613
30873	27063	552	316	0.4
21805	27680	495	260	0.4
6579	10508	516	1351	0.21794871794871795
17102	33183	1244	1021	0.36666666666666664
4349	23059	345	579	0.21153846153846154
27582	21415	569	332	0.38461538461538464
29704	1792	143	484	0.3333333333333333
3414	12041	255	412	0.5384615384615384
29058	8918	837	413	0.42105263157894735
201	26257	437	1364	0.22
13112	20024	1508	386	0.3870967741935484
20560	5389	1204	468	0.2328767123287671
7263	10343	869	551	0.4074074074074074
16358	33840	293	178	0.5714285714285714
8525	26890	571	558	0.24193548387096775
20932	29588	690	456	0.3181818181818182
31350	8749	495	763	0.2727272727272727
17083	11369	1220	516	0.26
21468	18467	496	277	0.23703703703703705
13019	5531	135	540	0.4375
27164	24091	348	1866	0.27692307692307694
11920	25788	491	256	0.25252525252525254
24728	14711	437	223	0.46153846153846156
1358	1505	1317	410	0.22807017543859648
14988	5831	1323	601	0.27232142857142855
30305	12993	646	1333	0.29411764705882354
17156	11059	1531	380	0.24285714285714285
3262	26282	496	383	0.43478260869565216
28108	17049	343	466	0.25
9781	5836	530	327	0.3125
24112	11149	591	524	0.3548387096774194
7690	925	312	524	0.2894736842105263
34461	28518	776	554	0.3137254901960784
29734	32384	542	716	0.45
7766	14711	322	223	0.5555555555555556
13313	12487	505	501	0.4666666666666667
17445	18871	469	626	0.35294117647058826
32385	25039	298	418	0.3333333333333333
8532	28266	553	255	0.38461538461538464
13540	14127	191	825	0.3157894736842105
18544	12410	297	425	0.2682926829268293
27415	11820	1318	860	0.32142857142857145
26773	9564	344	512	0.27906976744186046
1885	19018	293	226	0.75
17157	15432	361	502	0.36363636363636365
29555	16273	528	156	0.5454545454545454
24224	30026	244	452	0.25
5618	676	507	1313	0.34615384615384615
30728	8729	345	251	0.3
21184	26054	611	736	0.23076923076923078
13907	25132	453	868	0.5530642750373692
27740	16792	260	318	0.25
4787	6244	871	277	0.25
3850	3415	512	255	0.32142857142857145
21814	15390	707	292	0.23333333333333334
30863	23219	569	258	0.28
2982	351	483	785	0.265625
16623	33065	754	1440	0.2727272727272727
24965	19825	416	492	0.3170731707317073
25866	24307	439	365	0.2608695652173913
8666	2695	539	650	0.5687732342007435
11755	17058	453	489	0.47368421052631576
11132	33013	396	1379	0.25
32298	22228	261	1326	0.28846153846153844
30676	8645	410	372	0.6
5875	20795	544	556	0.2894736842105263
34761	28372	255	738	0.43478260869565216
9292	17065	1348	470	0.2830188679245283
7657	20530	475	1220	0.27906976744186046
2894	8380	1531	623	0.3103448275862069
32716	18415	526	1580	0.2413793103448276
23631	28186	1212	958	0.2679738562091503
18541	17250	562	495	0.24752475247524752
17285	33880	286	1443	0.2403846153846154
20513	28558	644	1305	0.29777777777777775
10812	20679	294	350	0.3076923076923077
32196	9913	657	524	0.3333333333333333
28835	3487	401	545	0.35294117647058826
12381	9740	334	654	0.23076923076923078
3576	15064	522	1509	0.325
12002	2350	418	718	0.2857142857142857
30818	17054	557	479	0.3125
10718	30614	255	548	0.625
28601	7603	390	522	0.3191489361702128
32434	2673	528	437	0.26666666666666666
28935	23364	490	1488	0.2653061224489796
31798	29999	282	455	0.2857142857142857
32308	7372	294	410	0.2909090909090909
9702	8103	421	507	0.4666666666666667
22911	6132	1222	542	0.2692307692307692
13351	18619	1307	425	0.23668639053254437
11839	11029	944	423	0.1724137931034483
33340	17877	358	505	0.4
13919	270	223	235	0.5
34472	11833	297	517	0.23076923076923078
16132	32644	448	309	0.47368421052631576
6180	21538	565	539	0.26785714285714285
1701	18630	481	500	0.23157894736842105
7994	25832	1296	503	0.3333333333333333
24481	6951	590	567	0.23595505617977527
21203	10077	1216	918	0.3076923076923077
1892	5312	346	1315	0.30120481927710846
30161	31447	635	376	0.42857142857142855
29756	17650	527	192	0.3125
380	21589	505	335	0.4117647058823529
2873	29694	536	289	0.22105263157894736
21293	8475	301	1247	0.22413793103448276
13852	3190	225	514	0.25263157894736843
18543	21179	630	298	0.46153846153846156
3639	4634	503	569	0.42105263157894735
24994	6065	510	1377	0.25862068965517243
26139	16722	518	493	0.38235294117647056
11666	15733	461	1317	0.4146341463414634
26143	5845	513	337	0.29411764705882354
1344	13646	334	411	0.38461538461538464
10678	25460	292	490	0.3333333333333333
26371	18673	1531	388	0.24
10101	7903	261	351	0.5
19565	32168	468	536	0.25252525252525254
28335	20322	563	501	0.4375
8604	23530	1281	1360	0.6791885800150262
6298	24081	258	416	0.3930635838150289
33597	13098	1021	536	0.22764227642276422
32087	29192	543	661	0.2876712328767123
25433	31223	1419	551	0.2698412698412698
17595	27726	519	559	0.5454545454545454
5912	27691	536	476	0.5
24132	12213	1278	501	0.1896551724137931
28449	27919	374	534	0.2777777777777778
6091	2650	349	521	0.6
33642	22396	771	1761	0.3333333333333333
30377	14695	516	394	0.2714285714285714
10162	32461	254	528	0.4090909090909091
34555	34385	764	575	0.34121621621621623
5503	19051	350	272	0.34782608695652173
30685	28662	268	811	0.2159090909090909
5189	31300	850	547	0.3409090909090909
19686	9739	1288	619	0.2679425837320574
8374	19687	634	1293	0.5217391304347826
16295	34281	448	178	0.2345679012345679
28031	19364	320	1277	0.30434782608695654
3127	5015	503	518	0.27906976744186046
2955	33647	323	693	0.26666666666666666
7053	33466	510	357	0.23170731707317074
27847	27067	891	476	0.2830188679245283
6192	30451	524	277	0.42857142857142855
16605	23295	362	626	0.3424657534246575
16702	5358	513	631	0.21875
32993	1066	292	275	0.26666666666666666
7466	30335	342	316	0.8534201954397395
11767	11941	615	985	0.26595744680851063
25752	2966	1298	572	0.391304347826087
5458	27279	231	585	0.18032786885245902
19506	20574	573	503	0.38095238095238093
29818	29487	1147	515	0.38636363636363635
17371	22369	255	334	0.2459016393442623
12267	13832	508	1508	0.23636363636363636
12129	5126	271	578	0.2631578947368421
16994	6968	457	427	0.29411764705882354
28429	35020	253	501	0.5
1174	383	255	448	0.38095238095238093
871	11254	502	935	0.23809523809523808
31268	30157	301	383	0.20388349514563106
26548	31897	301	542	0.24
19844	23640	1527	1321	0.2328767123287671
25886	19834	291	411	0.24074074074074073
5743	8197	976	1341	0.48273026315789475
8854	909	543	273	0.4666666666666667
12504	7334	452	534	0.3111111111111111
1041	12335	824	425	0.2702702702702703
1757	13712	310	326	0.625
31530	9512	546	500	0.75
15845	28559	1320	413	0.2318840579710145
12511	5642	532	1612	0.25925925925925924
19720	30371	146	221	0.35294117647058826
9710	31063	498	519	0.27956989247311825
27648	1429	256	372	0.20833333333333334
7632	10885	544	439	0.2830188679245283
9989	29180	484	512	0.2236842105263158
31788	30899	483	1258	0.4782608695652174
1286	29459	494	293	0.25
15900	13194	192	1330	0.5
19322	25672	1105	508	0.4117647058823529
3337	21879	478	523	0.3076923076923077
516	6728	292	287	0.2132701421800948
28297	27242	415	342	0.42857142857142855
32486	19056	1211	499	0.2222222222222222
2425	31948	433	504	0.27848101265822783
26193	31857	544	552	0.2916666666666667
33643	31975	992	516	0.21333333333333335
15198	3978	332	1325	0.29545454545454547
34623	1246	468	255	0.24074074074074073
27656	20699	348	418	0.42857142857142855
4162	17553	1342	478	0.3
27337	31020	872	763	0.5697969543147208
7663	32426	348	373	0.25925925925925924
22725	29381	912	515	0.1724137931034483
28588	1363	556	887	0.22448979591836735
10573	18875	237	397	0.38461538461538464
12596	30752	163	1516	0.3333333333333333
22534	28712	392	859	0.4
15211	33268	394	1510	0.24528301886792453
14398	22226	292	346	0.34782608695652173
30701	8595	525	525	0.3157894736842105
19227	25583	552	369	0.23529411764705882
27319	23609	1324	494	0.25925925925925924
30954	10618	1531	1519	0.9059438275636839
13579	18511	292	487	0.32
5648	31646	1472	561	0.37037037037037035
8460	11356	1318	801	0.4375
13073	10244	452	377	0.2857142857142857
32255	6612	553	542	0.7142857142857143
27261	32356	350	406	0.2857142857142857
19900	15382	477	505	0.7912524850894632
13725	3083	521	323	0.2916666666666667
1188	23513	545	569	0.3103448275862069
17092	23399	1240	273	0.4375
10394	11450	858	692	0.5417201540436457
32995	2095	595	425	0.35714285714285715
4172	22133	621	430	0.3103448275862069
28221	7469	913	523	0.4166666666666667
14856	7909	502	296	0.1951219512195122
14686	31874	192	561	0.46153846153846156
16896	22303	1268	325	0.35
23281	3058	538	464	0.4166666666666667
17530	9907	425	467	0.2619047619047619
33776	6825	363	341	0.2857142857142857
3304	28693	323	465	0.3684210526315789
29958	7269	323	1317	0.34285714285714286
6939	6676	543	455	0.36666666666666664
2750	33246	514	283	0.24050632911392406
6908	10947	483	492	0.27586206896551724
7737	13460	450	332	0.36363636363636365
23700	10291	515	1612	0.2558139534883721
19144	28935	1289	490	0.20833333333333334
33154	32662	825	439	0.2702702702702703
6507	10111	1530	312	0.34375
23837	21928	1251	510	0.29411764705882354
9029	8059	574	548	0.25
13231	28777	1508	553	0.38461538461538464
27246	431	375	307	0.42105263157894735
16077	31042	293	512	0.3125
22368	18792	354	654	0.29411764705882354
33097	11223	370	551	0.20833333333333334
5585	17433	320	620	0.32432432432432434
24407	27198	1512	335	0.2743362831858407
23635	16085	475	299	0.3076923076923077
9935	34711	384	672	0.21428571428571427
27637	14954	499	365	0.29508196721311475
9043	28103	1358	532	0.2765957446808511
27093	26824	1359	519	0.2413793103448276
30064	33826	538	487	0.29411764705882354
23709	1950	600	304	0.2916666666666667
29004	9541	793	864	0.4482758620689655
651	33904	290	178	0.26865671641791045
4560	5556	543	567	0.7121771217712177
22171	20631	473	1610	0.2
26322	10769	551	362	0.35714285714285715
28447	4028	1245	1326	0.22818791946308725
9892	3788	428	1557	0.2602739726027397
34064	19380	1447	828	0.25
27479	26345	1179	539	0.4482758620689655
19944	20558	658	522	0.25806451612903225
22554	517	1277	448	0.46153846153846156
18335	34589	501	395	0.23529411764705882
9624	26472	292	345	0.23109243697478993
29241	13443	768	1510	0.32
28976	22626	485	529	0.3333333333333333
26509	12929	1349	505	0.38235294117647056
19761	5523	504	1324	0.3125
2422	21921	356	522	0.2391304347826087
25558	8257	808	522	0.22033898305084745
34109	18607	677	392	0.3125
14007	6083	453	475	0.24
33532	20463	1029	1218	0.2631578947368421
34166	22328	102	551	0.2
10487	1534	1531	535	0.2602739726027397
1827	16953	474	343	0.38095238095238093
15816	19919	332	293	0.6666666666666666
27705	33113	335	354	0.75
7237	3928	476	802	0.2878787878787879
24443	17023	412	473	0.6
33259	23230	367	1335	0.2647058823529412
8114	3128	1180	404	0.3986013986013986
8175	29408	520	255	0.32142857142857145
19527	341	1261	374	0.25663716814159293
29697	22215	896	853	0.22727272727272727
15472	34949	1307	279	0.28205128205128205
15324	22959	320	405	0.375
19608	18647	531	415	0.5519125683060109
9173	24750	216	662	0.44
34056	16228	596	164	0.20238095238095238
6896	21485	626	586	0.25806451612903225
33846	12619	533	1276	0.23404255319148937
23676	29773	277	483	0.27450980392156865
6421	9604	516	1348	0.2777777777777778
27898	27004	465	593	0.2857142857142857
5370	6045	1488	329	0.3076923076923077
4075	27845	524	326	0.2037037037037037
8523	31211	373	555	0.2631578947368421
14076	29239	1287	260	0.20512820512820512
5116	24202	517	371	0.23958333333333334
34488	26394	504	1505	0.2857142857142857
34009	25872	598	259	0.24242424242424243
17281	32691	571	292	0.2807017543859649
27749	28841	851	565	0.3157894736842105
32082	27323	531	222	0.2545454545454545
10672	9459	219	1334	0.6153846153846154
33147	8331	375	545	0.5
31769	29996	495	480	0.2702702702702703
8479	33632	796	316	0.3888888888888889
34677	7737	706	450	0.3448275862068966
13935	29847	301	285	0.2265625
31021	2136	544	802	0.42105263157894735
10278	24204	333	1323	0.3333333333333333
7783	26779	549	522	0.2972972972972973
7230	7921	340	492	0.26666666666666666
24221	18978	530	564	0.25
2639	34260	291	373	0.1951219512195122
10046	7716	388	494	0.24528301886792453
24344	19983	252	848	0.22807017543859648
24540	19874	420	379	0.3333333333333333
19266	31845	1446	255	0.22413793103448276
1833	9363	498	1287	0.391304347826087
9315	27640	1254	536	0.34782608695652173
3188	19999	261	1261	0.3333333333333333
18578	14128	1239	95	0.3
136	8016	521	543	0.20103092783505155
22849	4427	821	345	0.35714285714285715
2928	27366	276	477	0.30952380952380953
31534	20296	526	292	0.43333333333333335
29646	22139	258	548	0.5
24727	31144	542	1532	0.45
8703	9078	539	500	0.30434782608695654
33080	30207	777	655	0.20567375886524822
29486	29430	515	211	0.3142857142857143
9763	21313	510	501	0.24324324324324326
5853	26845	553	442	0.21804511278195488
25377	15258	512	1286	0.2777777777777778
25912	22216	345	1312	0.3684210526315789
3002	29038	363	774	0.2711864406779661
18178	5801	297	553	0.2608695652173913
10853	1625	635	247	0.30434782608695654
20240	8112	519	507	0.25609756097560976
5580	12610	337	555	0.26666666666666666
3465	34193	522	264	0.5555555555555556
12412	31184	95	371	0.2857142857142857
32940	1223	178	1351	0.23255813953488372
7882	34855	452	373	0.36363636363636365
11779	1243	656	261	0.23076923076923078
18019	13487	555	556	0.7621621621621621
16075	29113	524	666	0.4444444444444444
5547	34966	345	467	0.5
20999	26332	334	229	0.22413793103448276
2948	32209	323	300	0.23255813953488372
1524	22279	524	1322	0.2807017543859649
28640	11829	350	1267	0.29545454545454547
27193	1576	845	519	0.32653061224489793
34596	20799	781	436	0.31666666666666665
25035	16854	460	880	0.391304347826087
5965	7513	330	478	0.2545454545454545
6509	11020	253	571	0.2903225806451613
18700	9439	1208	1493	0.36721311475409835
11971	16748	319	261	0.35294117647058826
5873	10107	596	298	0.20689655172413793
20106	26691	1195	486	0.21518987341772153
11088	3860	516	1545	0.30612244897959184
21318	11892	317	1528	0.2619047619047619
1780	3833	486	312	0.5
19531	25555	509	320	0.13178294573643412
6471	20974	562	522	0.5825771324863884
9336	27054	413	515	0.2765957446808511
21247	16903	1520	866	0.28125
24609	7927	547	340	0.23880597014925373
3399	13274	291	505	0.2152777777777778
15703	15498	453	448	0.3333333333333333
32307	33333	1348	173	0.25
33057	25234	1027	565	0.24786324786324787
7541	17648	508	164	0.19047619047619047
3973	20862	621	500	0.3793103448275862
30462	26678	396	234	0.27586206896551724
4289	31730	361	711	0.30303030303030304
1894	26705	1017	1085	0.34375
15318	1220	448	1033	0.2558139534883721
17639	6652	220	241	0.21348314606741572
16142	8229	1311	1508	0.22913256955810146
19963	26656	624	485	0.2857142857142857
29227	5499	512	415	0.4666666666666667
32796	13333	506	191	0.38095238095238093
9330	24464	768	730	0.2331288343558282
11022	16066	270	394	0.225
27771	29605	558	456	0.2602739726027397
2738	65	271	636	0.35714285714285715
30451	18956	277	486	0.36666666666666664
10969	35	1162	252	0.20652173913043478
3943	31600	536	373	0.2978723404255319
17911	16442	332	425	0.20689655172413793
24913	23030	222	515	0.20754716981132076
13943	33444	1508	308	0.5
18436	2980	538	732	0.3525641025641026
10578	35002	588	430	0.4166666666666667
4583	19702	710	345	0.30158730158730157
5879	25906	417	725	0.26666666666666666
8059	9152	548	530	0.5996131528046421
18314	28309	1337	543	0.256
13818	33083	1509	103	0.2037037037037037
20860	22454	552	487	0.2727272727272727
17128	29669	414	227	0.47058823529411764
17892	16117	632	362	0.48
21078	22389	863	348	0.3055555555555556
13803	30133	1279	470	0.2
21525	1040	1321	554	0.5384615384615384
8763	134	467	320	0.25
31229	280	826	448	0.2440944881889764
627	11372	393	516	0.32142857142857145
27077	32045	451	193	0.2962962962962963
25741	5318	574	570	0.8144876325088339
5080	2028	470	258	0.19680851063829788
29175	8088	396	513	0.29591836734693877
23133	24666	835	1548	0.30864197530864196
23459	25346	942	521	0.27941176470588236
11612	552	408	391	0.34782608695652173
8176	30323	547	488	0.19148936170212766
24279	12647	1508	294	0.2777777777777778
29135	613	536	1283	0.3103448275862069
14517	1296	201	255	0.21428571428571427
18424	23450	500	263	0.2804878048780488
12550	5896	505	355	0.4074074074074074
19869	14493	513	1307	0.2857142857142857
15352	32362	556	254	0.3333333333333333
23789	2411	365	323	0.375
18399	32298	396	261	0.3103448275862069
13702	467	484	535	0.2222222222222222
12850	25957	362	900	0.24691358024691357
7270	18176	1346	448	0.32
32789	32375	201	373	0.2391304347826087
11172	12698	417	505	0.4583333333333333
11503	4283	507	292	0.19230769230769232
8404	4263	554	346	0.4090909090909091
8351	17014	1267	255	0.2682926829268293
14939	34280	1070	178	0.35714285714285715
17978	12573	220	320	0.5555555555555556
1515	34926	543	190	0.3103448275862069
16575	29748	218	244	0.3939393939393939
128	27991	444	417	0.41935483870967744
3398	21168	1300	276	0.21476510067114093
28347	26665	535	283	0.21951219512195122
17959	7976	1305	527	0.4375
33966	30578	768	759	0.27835051546391754
32477	23689	296	440	0.3225806451612903
33898	2848	354	483	0.2631578947368421
14715	3077	292	313	0.26506024096385544
18214	27529	422	847	0.3
34892	29416	368	255	0.3157894736842105
20725	338	464	271	0.8178438661710037
25680	12753	1019	365	0.3333333333333333
21935	5361	587	1330	0.23399014778325122
1662	14786	294	478	0.38235294117647056
27775	4878	398	346	0.19767441860465115
16382	12902	1276	1509	0.22403924775143091
10779	21576	499	534	0.21921182266009853
20368	4118	349	312	0.3157894736842105
6339	1826	286	542	0.8333333333333334
31455	28308	418	256	0.3181818181818182
1574	21908	502	707	0.3103448275862069
16410	16197	524	362	0.24
7067	31036	500	558	0.2830188679245283
15621	22334	484	837	0.2391304347826087
3567	21862	741	510	0.28169014084507044
34057	15515	236	448	0.5
4778	28739	351	372	0.3157894736842105
6269	29258	1515	250	0.3333333333333333
8180	5605	1352	414	0.2692307692307692
3977	2185	586	255	0.42105263157894735
24732	20531	471	364	0.375
4261	8358	520	460	0.42105263157894735
4063	28961	552	253	0.3793103448275862
3590	19757	515	1089	0.23076923076923078
28301	4311	538	521	0.3333333333333333
6673	3656	293	317	0.23076923076923078
3421	19327	543	499	0.2391304347826087
24999	26324	678	422	0.24
6280	26942	615	1239	0.3111111111111111
15277	695	372	529	0.3235294117647059
29714	25160	528	1288	0.21518987341772153
30422	28056	1502	386	0.2459016393442623
6637	22257	503	1235	0.2
1702	29758	474	462	0.5
33896	21508	250	487	0.34285714285714286
12614	7078	165	470	0.2631578947368421
6729	805	451	1048	0.3333333333333333
4426	12688	659	192	0.3181818181818182
8256	33351	538	292	0.25806451612903225
16795	23290	312	1513	0.3
27591	31548	670	529	0.2972972972972973
29138	12184	741	277	0.47058823529411764
15935	9022	394	448	0.3
2888	3964	312	358	0.2608695652173913
8367	20425	224	357	0.5454545454545454
28563	33628	690	103	0.21875
23445	20394	1541	349	0.3939393939393939
9543	9660	865	312	0.5454545454545454
30770	20229	493	501	0.3333333333333333
22472	19075	599	271	0.26153846153846155
24171	529	1473	304	0.1724137931034483
33926	9476	236	346	0.35135135135135137
3756	15557	254	1308	0.29310344827586204
33233	3578	773	512	0.3055555555555556
27660	22532	147	417	0.1951219512195122
12806	13131	502	291	0.3953488372093023
13189	4482	164	401	0.2916666666666667
22383	12409	512	477	0.38095238095238093
31177	30631	423	1537	0.205607476635514
21701	21997	481	458	0.21978021978021978
19636	27439	1269	1320	0.24586549062844543
21536	10635	545	236	0.16666666666666666
6871	29773	1256	483	0.375
2765	32501	1545	510	0.35294117647058826
14378	242	1325	546	0.25862068965517243
14616	15091	376	629	0.21495327102803738
30574	13968	230	394	0.24074074074074073
15664	31506	192	495	0.26666666666666666
21726	24635	261	293	0.32
13455	26234	1286	549	0.273972602739726
12074	440	759	739	0.36585365853658536
23777	648	451	261	0.4
4832	23454	533	516	0.20874751491053678
1967	7549	524	1627	0.1724137931034483
9332	19043	541	1322	0.30303030303030304
28862	12740	487	521	0.3125
23587	2877	508	330	0.45
1945	13049	533	920	0.36363636363636365
12964	18618	231	1334	0.24242424242424243
11412	14348	334	556	0.6666666666666666
17170	11421	385	261	0.32608695652173914
22270	16119	1478	190	0.2876712328767123
11700	12844	298	1508	0.42105263157894735
1408	11539	594	540	0.2127659574468085
17156	6631	1531	567	0.3
1375	8994	503	1295	0.30434782608695654
24833	7272	1326	1262	0.2388888888888889
22176	13778	445	551	0.24074074074074073
19993	29897	504	1326	0.2545454545454545
15738	24224	165	244	0.23404255319148937
24402	11230	513	509	0.288981288981289
34532	28424	354	341	0.2727272727272727
4284	7765	277	310	0.35714285714285715
9465	8571	885	1510	0.23376623376623376
12428	12562	502	1310	0.36
34901	24785	934	345	0.4166666666666667
24527	20837	322	1349	0.21875
28150	16026	580	1325	0.3870967741935484
3027	12392	427	489	0.18421052631578946
35092	19279	349	475	0.2903225806451613
9736	21474	678	1209	0.2601626016260163
16198	3490	1509	675	0.254416961130742
18354	8287	277	484	0.391304347826087
33309	32046	1021	507	0.26262626262626265
13712	5335	326	464	0.3333333333333333
30845	4251	182	550	0.3
10972	33332	799	1024	0.3333333333333333
25435	33368	501	264	0.3157894736842105
24527	32675	322	528	0.2708333333333333
34006	30426	595	619	0.5454545454545454
11730	21091	1313	1517	0.3699036323202372
24502	34437	256	277	0.3225806451612903
31673	32426	406	373	0.3548387096774194
31048	17585	546	454	0.45454545454545453
26276	2398	530	276	0.3125
13579	14386	292	232	0.34146341463414637
13303	29627	446	456	0.24503311258278146
15360	25945	496	502	0.42857142857142855
14325	20053	484	558	0.6
27854	24712	256	506	0.2765957446808511
10302	24517	512	244	0.47058823529411764
16680	5554	192	523	0.5555555555555556
8803	5506	1268	516	0.24444444444444444
19336	29131	451	281	0.2972972972972973
34001	23040	371	566	0.2549019607843137
15084	2696	373	886	0.38095238095238093
30490	33571	480	1507	0.22033898305084745
22044	27925	467	849	0.3684210526315789
29566	30641	528	516	0.2222222222222222
28344	26801	1282	339	0.25274725274725274
24085	32606	551	1531	0.2413793103448276
20776	17892	431	632	0.375
25059	1619	247	424	0.5
11768	28946	264	503	0.8571428571428571
15321	17407	292	255	0.19540229885057472
4973	23533	500	1360	0.36363636363636365
5401	19301	499	494	0.34615384615384615
32883	33606	354	283	0.23684210526315788
5122	18115	1312	306	0.38095238095238093
14925	6449	532	1520	0.5384615384615384
7771	4675	1322	405	0.2807017543859649
23608	2508	1277	571	0.2894736842105263
13127	21873	1509	845	0.3076923076923077
12887	21577	165	446	0.5
16385	19838	332	520	0.2916666666666667
17987	12493	301	505	0.2987012987012987
9035	17113	863	299	0.36363636363636365
559	19626	448	560	0.42105263157894735
18471	22716	410	276	0.2608695652173913
26464	26591	253	411	0.3793103448275862
779	30933	530	260	0.4166666666666667
33596	9783	888	504	0.3181818181818182
26050	14914	345	292	0.22488038277511962
14871	13754	428	190	0.7054794520547946
31092	15317	372	451	0.25
33805	30719	716	485	0.3
30238	22325	516	347	0.375
5627	20517	584	654	0.7569331158238173
12310	28101	348	498	0.375
27373	13735	543	394	0.38461538461538464
28749	29489	255	498	0.25
1972	24556	524	653	0.28
9106	8411	591	530	0.29310344827586204
20025	634	489	1277	0.36666666666666664
32754	23243	255	289	0.2585034013605442
22270	14777	1478	1507	0.3623405851462866
27469	27899	496	261	0.24074074074074073
26435	19637	793	1246	0.23178807947019867
21369	1523	259	516	0.24324324324324326
2110	9118	374	1290	0.2962962962962963
10072	21643	487	236	0.5714285714285714
25617	24990	499	552	0.4444444444444444
13382	25600	192	523	0.24113475177304963
4175	35028	1162	525	0.2289156626506024
25325	12342	656	918	0.2923076923076923
31115	7119	322	520	0.3333333333333333
21550	29591	483	456	0.3925438596491228
19965	6110	588	312	0.2692307692307692
11234	6836	399	509	0.2653061224489796
11641	2101	498	524	0.22879177377892032
32021	1758	323	334	0.5833333333333334
12235	13041	402	293	0.208955223880597
4554	25289	498	858	0.2857142857142857
18600	13493	1578	505	0.2564102564102564
15272	19077	1332	1241	0.9098567818028643
34366	4586	530	1272	0.30303030303030304
29796	3765	394	521	0.3
24159	33982	267	773	0.3269230769230769
723	11260	528	523	0.39375
21415	26926	332	353	0.29411764705882354
25631	10291	1219	1612	0.22662173546756528
7257	8463	337	1242	0.3333333333333333
27421	31342	534	375	0.3333333333333333
4506	25493	325	621	0.2112676056338028
13531	8515	218	1244	0.24193548387096775
13479	20300	394	435	0.27692307692307694
28324	31115	528	322	0.27906976744186046
10405	20336	373	1272	0.22685185185185186
13302	32930	1280	375	0.2692307692307692
30078	18051	467	237	0.32142857142857145
13218	487	448	1335	0.4090909090909091
9351	29211	1250	560	0.4090909090909091
4192	26164	410	697	0.2
16176	34462	301	753	0.4375
21554	32175	500	404	0.27586206896551724
30159	30323	237	488	0.2692307692307692
2561	5970	279	382	0.38095238095238093
18868	29904	544	407	0.3333333333333333
22726	19493	364	1190	0.2608695652173913
25630	11477	518	891	0.3958333333333333
27200	16327	343	1332	0.25333333333333335
11768	28316	264	785	0.23404255319148937
12022	6260	1478	1530	0.5381136950904393
25791	2861	520	500	0.24347826086956523
15708	10350	164	551	0.3333333333333333
17942	19129	555	365	0.1875
4374	14238	1529	292	0.27906976744186046
32341	26953	503	555	0.2459016393442623
7944	24165	1344	533	0.35185185185185186
5015	6895	518	277	0.5555555555555556
33056	21365	375	258	0.358974358974359
26876	29552	534	658	0.47058823529411764
10802	16565	569	394	0.32075471698113206
13590	33165	638	902	0.41935483870967744
2925	30288	304	681	0.4666666666666667
1750	4796	508	371	0.44
30271	24979	546	317	0.2328767123287671
22521	26171	876	242	0.3333333333333333
12740	25996	521	474	0.29310344827586204
2475	703	345	621	0.3611111111111111
16423	7515	648	256	0.22666666666666666
8944	21437	527	1336	0.3684210526315789
30424	31769	396	495	0.24358974358974358
30235	4471	255	502	0.391304347826087
5409	15878	836	292	0.23770491803278687
28686	9191	544	358	0.42857142857142855
30853	18293	542	521	0.2619047619047619
10575	11179	542	515	0.2894736842105263
1183	6587	528	500	0.34615384615384615
11615	19277	321	513	0.18072289156626506
8136	35039	278	212	0.3181818181818182
25614	11039	1364	254	0.2835820895522388
5084	734	336	516	0.2894736842105263
17907	10059	1269	452	0.2692307692307692
28878	23467	504	225	0.3620689655172414
11661	14199	573	300	0.2
2257	34884	501	354	0.23214285714285715
14166	28970	473	517	0.2903225806451613
3129	34267	507	448	0.27450980392156865
6736	25599	428	851	0.29411764705882354
20206	29097	563	254	0.3333333333333333
3435	305	794	535	0.3548387096774194
3189	24732	517	471	0.4230769230769231
13221	16364	539	394	0.35714285714285715
24552	15632	338	448	0.5
13106	5989	292	850	0.25
1051	27635	533	544	0.6254612546125461
1831	954	269	293	0.2857142857142857
22093	12592	430	506	0.38461538461538464
4140	14455	277	1343	0.30434782608695654
6330	11002	536	449	0.9443207126948775
10947	2884	492	923	0.2
27242	33587	342	783	0.25
7057	21439	784	1297	0.4166666666666667
21147	12422	261	95	0.17391304347826086
13573	25890	853	608	0.5625
28041	7917	612	522	0.38461538461538464
15231	14010	539	163	0.4
6939	23368	543	273	0.265625
21192	11378	488	541	0.3469387755102041
982	26354	239	254	0.2962962962962963
20725	785	464	533	0.37751004016064255
25505	13943	590	1508	0.42105263157894735
30066	14424	524	1286	0.3333333333333333
4326	18248	443	546	0.4444444444444444
24181	2879	1324	545	0.34782608695652173
4412	14323	221	453	0.3125
26941	19761	522	504	0.6789883268482491
32740	6672	537	887	0.4
11236	16511	309	631	0.2
6209	21256	528	629	0.28
25465	8711	408	1246	0.2549019607843137
21761	11490	482	436	0.2894736842105263
20838	31596	533	373	0.4230769230769231
4424	21961	342	525	0.2857142857142857
1156	29419	445	541	0.2542372881355932
25059	33490	247	1019	0.1981981981981982
15232	32992	524	267	0.2972972972972973
871	15244	502	220	0.24161073825503357
1390	8130	341	358	0.3724137931034483
20240	15492	519	299	0.3235294117647059
28082	15961	464	165	0.5454545454545454
5202	3927	398	396	0.325
9014	24544	1186	252	0.26666666666666666
32684	19438	702	1287	0.22012578616352202
13239	9939	142	1272	0.1917808219178082
24625	13394	1527	365	0.375
2484	15601	584	191	0.6666666666666666
29080	21541	503	1080	0.3
8799	18227	414	522	0.39473684210526316
20810	2595	349	292	0.2702702702702703
34135	27190	530	520	0.2903225806451613
18904	1552	407	696	0.21428571428571427
15008	21710	362	618	0.38095238095238093
22461	15876	308	190	0.3888888888888889
13488	3543	293	414	0.40540540540540543
16275	14578	502	523	0.3111111111111111
25001	34175	325	589	0.3333333333333333
21078	12028	863	297	0.5294117647058824
28990	396	525	783	0.2246376811594203
4234	32220	542	173	0.35714285714285715
4586	12613	1272	475	0.24817518248175183
3414	9275	255	505	0.3333333333333333
13383	8228	186	513	0.5775401069518716
6013	11382	222	277	0.26666666666666666
13393	15486	556	1320	0.26153846153846155
33254	5122	389	1312	0.2753623188405797
27934	30610	482	617	0.3103448275862069
20412	10758	420	292	0.3142857142857143
12945	16051	255	190	0.5555555555555556
27788	11562	377	255	0.35
16316	19864	484	1236	0.234375
18700	29377	1208	515	0.23809523809523808
13199	17816	521	556	0.20833333333333334
31534	5243	526	417	0.42105263157894735
23565	26099	1488	975	0.38095238095238093
24754	10994	259	621	0.3121951219512195
30848	28926	262	516	0.5
27701	33114	474	824	0.2571428571428571
28405	10215	586	645	0.3404255319148936
31588	1298	259	252	0.3870967741935484
24996	28009	1551	203	0.2926829268292683
5454	19675	346	314	0.46153846153846156
10013	11514	558	530	0.3333333333333333
16861	24933	691	458	0.2926829268292683
30385	20044	548	806	0.3181818181818182
29727	18561	528	375	0.5555555555555556
24585	31512	492	349	0.2125
4714	21838	415	1230	0.20689655172413793
8955	30753	505	1271	0.2571428571428571
12826	10140	163	512	0.38095238095238093
12427	273	1272	294	0.21022727272727273
841	32813	261	496	0.391304347826087
24527	32207	322	160	0.30303030303030304
26512	27251	1345	385	0.2777777777777778
25863	24454	497	413	0.24193548387096775
25168	32083	310	530	0.288135593220339
20172	4668	342	222	0.48756218905472637
26790	2544	501	611	0.34
8157	25219	392	613	0.25
10640	12728	238	394	0.3170731707317073
28593	16728	377	375	0.2553191489361702
22844	33397	1307	787	0.3170731707317073
32022	24129	469	1224	0.25316455696202533
3781	25253	261	511	0.171875
27789	16173	846	484	0.6153846153846154
15882	31308	1341	277	0.2826086956521739
2261	23685	244	799	0.275
1851	9691	511	1524	0.2641509433962264
17126	29849	487	687	0.20168067226890757
9657	16665	313	525	0.391304347826087
16214	10579	293	516	0.26
808	7650	505	509	0.6513026052104208
6049	25188	287	261	0.20689655172413793
26061	5265	1519	412	0.36363636363636365
33982	12374	773	516	0.23255813953488372
27718	10867	873	346	0.23333333333333334
27975	16572	499	394	0.2804878048780488
19806	32810	342	871	0.2153846153846154
34943	25086	294	1450	0.27586206896551724
20183	26975	251	412	0.375
5824	7161	509	415	0.28125
22570	9352	736	338	0.21923076923076923
17630	13731	484	191	0.4666666666666667
26081	20191	508	290	0.2857142857142857
420	11036	521	468	0.21052631578947367
32225	103	128	474	0.5384615384615384
6348	4577	320	859	0.32
27383	34403	480	1166	0.26582278481012656
27318	18896	513	636	0.75
28242	11182	507	255	0.3018867924528302
11560	24553	710	481	0.35
12215	8803	472	1268	0.7
12977	31881	1508	516	0.23809523809523808
11926	32939	1236	377	0.21621621621621623
7224	29534	542	527	0.32
13931	12165	1315	548	0.3
13168	3865	521	589	0.42452830188679247
11975	12575	509	164	0.3333333333333333
16996	26790	1515	501	0.4375
28883	7156	516	375	0.2608695652173913
10887	5230	491	1361	0.42105263157894735
19210	5616	521	260	0.20253164556962025
24754	8171	259	579	0.42105263157894735
18137	4211	524	515	0.21875
22423	1944	491	817	0.2916666666666667
15386	31319	448	1467	0.25396825396825395
31797	6606	349	236	0.28125
623	4001	319	444	0.5555555555555556
2743	6346	512	358	0.5454545454545454
13832	34231	1508	771	0.29069767441860467
475	24619	162	1244	0.36363636363636365
34083	17421	828	462	0.1724137931034483
31845	31013	255	519	0.24489795918367346
22087	28144	500	500	0.3333333333333333
22056	24299	509	192	0.4666666666666667
22483	20658	547	489	0.1643835616438356
15702	23672	1508	332	0.275
26114	24801	1076	474	0.28378378378378377
3751	23332	524	1533	0.2982456140350877
21643	6565	236	555	0.25862068965517243
202	29944	312	532	0.4444444444444444
26332	9100	229	517	0.2647058823529412
1682	8054	518	418	0.391304347826087
34775	18315	523	1335	0.2698412698412698
16288	24145	505	290	0.2413793103448276
29616	31142	456	239	0.3
33745	27074	1038	677	0.2564102564102564
12316	205	276	236	0.2857142857142857
21114	1089	402	365	0.22033898305084745
23606	2998	1278	1410	0.33778767631774315
21333	29118	621	362	0.5
15306	31754	1330	324	0.16901408450704225
26225	5332	292	507	0.2972972972972973
22828	28043	405	675	0.2716049382716049
31203	6583	206	481	0.26666666666666666
25222	19258	875	1532	0.2857142857142857
12784	9382	453	512	0.9055690072639225
34082	33071	790	289	0.2916666666666667
2080	8379	487	545	0.42857142857142855
32632	5707	471	607	0.3888888888888889
19749	30592	553	238	0.2647058823529412
11013	29247	547	237	0.27631578947368424
7581	31599	1818	373	0.2777777777777778
15787	15948	319	293	0.3953488372093023
13870	11169	629	501	0.3333333333333333
5861	6912	240	567	0.6666666666666666
28501	1915	541	514	0.6666666666666666
10501	21397	293	265	0.21951219512195122
25132	18373	868	884	0.27906976744186046
14442	16883	1509	502	0.22388059701492538
31214	8067	1027	497	0.2222222222222222
8896	35031	503	565	0.3103448275862069
32241	5927	437	251	0.26666666666666666
21810	14667	498	505	0.45090180360721444
4238	22493	435	446	0.2857142857142857
24707	25011	351	549	0.3333333333333333
28636	15293	500	630	0.4166666666666667
14650	16979	653	310	0.3333333333333333
7581	19069	1818	240	0.25
5746	7299	366	502	0.2692307692307692
5841	22297	345	1306	0.25
12331	7609	349	252	0.29508196721311475
24100	8350	540	292	0.39285714285714285
20537	24916	1309	502	0.26666666666666666
110	20368	544	349	0.32432432432432434
4055	35101	376	1188	0.2911392405063291
12442	25437	293	369	0.2631578947368421
27767	20948	571	858	0.27450980392156865
23922	8277	553	255	0.3
34062	14558	926	1509	0.26605504587155965
6985	25907	315	264	0.24107142857142858
602	30186	293	590	0.4666666666666667
20704	9483	231	803	0.26666666666666666
19452	14346	643	519	0.23880597014925373
32757	29870	252	335	0.2081447963800905
9661	18572	276	1524	0.21794871794871795
9559	2250	510	523	0.30612244897959184
20980	20243	648	243	0.23333333333333334
32923	8091	766	495	0.22727272727272727
17920	31344	190	565	0.4166666666666667
14136	32441	365	687	0.25862068965517243
19103	24687	1451	474	0.25252525252525254
3854	21832	334	1276	0.2978723404255319
10007	13802	416	441	0.3157894736842105
14750	3444	555	507	0.2711864406779661
11732	31949	836	501	0.5625
25677	19601	1326	1303	0.2427564604541895
10432	1413	1132	689	0.21568627450980393
25708	22112	1019	1198	0.17218543046357615
27684	31026	439	492	0.23931623931623933
22826	25648	1265	848	0.1839080459770115
25628	4707	429	360	0.2413793103448276
34592	18549	914	539	0.26153846153846155
18505	12785	375	192	0.3137254901960784
25806	6377	255	1680	0.3018867924528302
8578	21195	260	455	0.3333333333333333
3547	19927	492	1321	0.38461538461538464
29984	10727	487	287	0.3333333333333333
9015	28959	1247	547	0.38095238095238093
31617	19076	438	1305	0.21333333333333335
9491	13747	519	1509	0.2361111111111111
14295	12822	521	362	0.3333333333333333
598	23738	465	801	0.20253164556962025
6681	9673	223	487	0.35
24677	27991	1325	417	0.4090909090909091
11024	3691	296	277	0.2608695652173913
6294	23303	1122	266	0.2
31055	11772	129	320	0.23076923076923078
3438	7690	285	312	0.3014354066985646
33779	22183	311	533	0.2727272727272727
28430	9736	643	678	0.7607090103397341
26476	16056	255	528	0.4
2227	7785	402	896	0.29850746268656714
15784	25994	795	474	0.2857142857142857
32022	19837	469	362	0.42857142857142855
11304	24600	516	432	0.42857142857142855
5872	30387	568	706	0.24347826086956523
25041	18036	256	1507	0.28205128205128205
29171	24072	429	475	0.21052631578947367
760	7864	252	859	0.3333333333333333
7643	5415	487	1410	0.3448275862068966
7998	32061	286	1541	0.4
33406	14741	264	299	0.2641509433962264
1509	31424	410	266	0.25
17938	6196	452	860	0.42105263157894735
11868	25163	324	1198	0.2777777777777778
31731	28420	469	694	0.375
19553	8207	515	516	0.3333333333333333
6516	21314	1125	292	0.19594594594594594
4161	12116	1384	312	0.2553191489361702
26563	1294	1362	252	0.2736842105263158
25807	34739	607	676	0.23076923076923078
32018	4189	277	487	0.42857142857142855
34006	8132	595	516	0.34615384615384615
13596	7689	1307	320	0.3181818181818182
11840	11792	197	504	0.4
348	29309	156	246	0.3191489361702128
20597	8063	317	508	0.19753086419753085
2565	8442	821	449	0.35
13515	10565	502	382	0.5
5755	16827	817	1336	0.3888888888888889
2294	5545	346	330	0.2
8173	33170	447	236	0.4166666666666667
19567	23826	776	332	0.36666666666666664
11246	27725	251	425	0.29508196721311475
5	16275	490	502	0.1875
19700	3025	692	323	0.4230769230769231
34042	19228	786	387	0.5555555555555556
35002	29158	430	665	0.38095238095238093
9165	32141	538	311	0.38095238095238093
20508	34253	530	777	0.23076923076923078
23076	33462	235	595	0.25925925925925924
13752	6488	448	1283	0.4
2931	15538	261	446	0.3333333333333333
2407	12325	341	447	0.23809523809523808
9284	19641	511	504	0.2318840579710145
14104	8795	1281	516	0.25925925925925924
14158	23531	232	293	0.2857142857142857
18179	8420	332	482	0.5384615384615384
27657	4873	1327	1303	0.6983154670750383
16709	17083	529	1220	0.3
25020	10703	279	362	0.2
26218	29888	519	548	0.25925925925925924
5456	16657	709	293	0.2727272727272727
27875	9387	508	616	0.35294117647058826
13353	4624	448	510	0.20763723150357996
17655	12624	478	365	0.3
24388	33516	386	1020	0.23008849557522124
10750	27504	443	511	0.35135135135135137
10059	20732	452	537	0.25
28418	24834	1275	657	0.21951219512195122
1698	16220	524	1291	0.3548387096774194
5080	17702	470	394	0.2857142857142857
8167	34830	505	334	0.21052631578947367
7208	26658	465	583	0.27631578947368424
4322	21584	523	835	0.3235294117647059
5831	23777	601	451	0.2903225806451613
21857	17907	510	1269	0.225
9589	14795	1251	232	0.2857142857142857
17933	646	453	547	0.28
6419	24717	512	248	0.2692307692307692
14563	24814	265	483	0.38095238095238093
6881	8093	1285	1078	0.22535211267605634
11516	34503	260	561	0.35
20090	32087	271	543	0.5294117647058824
6261	34665	1530	523	0.2463768115942029
22865	18480	523	544	0.7919847328244275
17763	6492	529	454	0.24812030075187969
3143	11190	479	499	0.20813397129186603
20840	25530	579	361	0.24489795918367346
11840	22621	197	420	0.3137254901960784
34844	26388	1238	394	0.27692307692307694
31251	8360	261	589	0.3142857142857143
16977	622	552	515	0.24870466321243523
33657	10190	781	502	0.3584905660377358
8281	9350	532	1241	0.3018867924528302
24825	17522	378	287	0.2441860465116279
3464	24258	522	232	0.5833333333333334
16325	27410	394	737	0.8571428571428571
30001	11999	547	1248	0.22033898305084745
28767	23199	570	373	0.3157894736842105
30714	32914	501	375	0.2857142857142857
18797	18076	1236	484	0.23636363636363636
28034	34117	563	1206	0.2553191489361702
14992	20000	451	1284	0.5454545454545454
5697	20031	227	535	0.2857142857142857
26641	20495	408	551	0.23376623376623376
5907	5208	706	741	0.5730180806675939
5026	15731	334	1508	0.22549019607843138
6136	10820	238	1345	0.32432432432432434
3762	5543	375	1291	0.4074074074074074
18733	32299	378	217	0.3103448275862069
700	27786	220	260	0.22564102564102564
33337	8940	102	515	0.28205128205128205
31434	32624	530	736	0.3191489361702128
33751	34891	236	312	0.24719101123595505
8171	26572	579	524	0.6699604743083004
910	12463	547	454	0.45454545454545453
477	27851	521	555	0.23214285714285715
35017	22613	471	534	0.36363636363636365
16005	34610	521	512	0.23076923076923078
2775	29402	717	544	0.3821138211382114
11044	34309	486	822	0.3333333333333333
14750	11456	555	455	0.32432432432432434
4923	24055	720	1446	0.32142857142857145
8737	33664	366	778	0.3333333333333333
23153	3336	234	507	0.25
27703	32473	513	307	0.21739130434782608
24844	11172	481	417	0.625
24463	7420	351	487	0.37037037037037035
22148	16368	482	556	0.3225806451612903
7724	19009	260	466	0.375
19606	31662	532	284	0.3617021276595745
19237	17350	502	276	0.2698412698412698
13963	146	165	1285	0.3333333333333333
25796	14251	542	1508	0.2894736842105263
19976	33785	350	364	0.3333333333333333
2321	30346	1351	540	0.3684210526315789
31999	3768	908	292	0.2777777777777778
23314	386	516	448	0.22394678492239467
30169	21531	1519	599	0.3333333333333333
19552	23192	505	1288	0.3
7023	337	469	444	0.2916666666666667
22919	12200	480	167	0.30434782608695654
26349	23234	261	1297	0.3939393939393939
580	6641	1310	655	0.2577777777777778
28233	32246	345	252	0.2727272727272727
12946	5553	299	344	0.3888888888888889
34674	33706	673	370	0.2631578947368421
10073	26916	505	539	0.3333333333333333
8116	31943	544	377	0.2727272727272727
452	10199	519	530	0.27722772277227725
16392	14817	484	220	0.24242424242424243
30847	25910	547	403	0.3333333333333333
24530	19613	441	579	0.34375
23887	28071	213	312	0.22772277227722773
11939	17660	473	230	0.375
7123	28742	499	327	0.25806451612903225
28793	10605	537	171	0.5238095238095238
9166	23182	500	626	0.2682926829268293
28440	380	571	505	0.22448979591836735
23542	13006	959	654	0.2558139534883721
7252	12423	498	147	0.35294117647058826
18671	2638	943	355	0.3333333333333333
8760	25856	366	552	0.27058823529411763
27594	21706	505	487	0.4
2071	10506	536	369	0.26666666666666666
13041	31411	293	509	0.25
17419	7785	463	896	0.5833333333333334
27596	32051	444	446	0.32653061224489793
32477	8351	296	1267	0.21052631578947367
21291	26206	396	510	0.21621621621621623
32889	25483	555	1142	0.47058823529411764
8612	7191	367	502	0.5384615384615384
7069	1386	335	734	0.25
8265	10193	848	903	0.25925925925925924
22552	32768	356	344	0.325
894	15499	510	536	0.27419354838709675
3410	22422	531	407	0.34615384615384615
28158	526	255	779	0.4666666666666667
28464	31469	495	525	0.2608695652173913
18970	18495	740	1314	0.42105263157894735
31845	5414	255	352	0.2702702702702703
28111	16236	990	642	0.3225806451612903
9993	33504	479	676	0.35714285714285715
12246	16349	844	525	0.36363636363636365
18424	7537	500	843	0.22916666666666666
17270	16210	232	365	0.2647058823529412
28125	13003	337	292	0.45454545454545453
31057	6754	373	515	0.3103448275862069
32920	11874	279	331	0.4666666666666667
12364	9746	361	516	0.22641509433962265
15032	7894	448	140	0.3076923076923077
8670	26298	463	260	0.27906976744186046
2514	17947	513	528	0.29411764705882354
12594	9581	332	484	0.2345679012345679
27938	1157	447	440	0.38235294117647056
13083	5959	232	522	0.32142857142857145
3339	24926	406	240	0.4
26692	34404	474	815	0.24489795918367346
20083	15166	1284	531	0.391304347826087
14534	22031	403	520	0.21348314606741572
27923	31404	267	373	0.3684210526315789
4020	33414	693	376	0.29411764705882354
27988	3385	345	410	0.26666666666666666
19941	7212	522	465	0.2948717948717949
17645	23827	1286	460	0.4
18386	23004	444	493	0.25961538461538464
27398	16185	457	556	0.20224719101123595
20961	3116	341	337	0.6584362139917695
11911	2679	1323	500	0.34782608695652173
35	3416	252	544	0.2972972972972973
21078	13892	863	165	0.3333333333333333
18698	30936	1210	547	0.35294117647058826
18360	6603	393	737	0.25773195876288657
28239	12113	868	1540	0.4117647058823529
16532	32196	448	657	0.3333333333333333
23827	21907	460	496	0.35714285714285715
19946	7309	447	416	0.630272952853598
6349	895	1331	531	0.28205128205128205
8539	21706	1356	487	0.2608695652173913
23630	23683	1507	312	0.2358490566037736
34659	24352	805	339	0.3191489361702128
15614	18084	1508	505	0.20634920634920634
13764	25169	484	311	0.3
5716	6970	570	514	0.3157894736842105
8551	7887	508	374	0.32
2689	12480	524	164	0.391304347826087
12643	29213	232	476	0.25842696629213485
6464	4907	1309	465	0.23076923076923078
22472	19757	599	1089	0.20967741935483872
31077	13238	261	191	0.2641509433962264
34967	10071	296	286	0.6666666666666666
2871	8377	291	384	0.30952380952380953
12563	27407	502	345	0.3055555555555556
16549	22763	165	415	0.5
23986	29391	550	521	0.25675675675675674
7695	28581	1244	502	0.3333333333333333
4437	31642	503	277	0.24390243902439024
27459	34325	1320	895	0.3333333333333333
33021	1433	570	381	0.4166666666666667
10940	17966	1262	192	0.36
8449	18982	493	677	0.45
2978	3984	1294	516	0.26136363636363635
12464	26050	165	345	0.25
32442	34895	317	933	0.23809523809523808
10847	28688	382	469	0.32142857142857145
33376	25175	756	234	0.6153846153846154
25575	26270	317	555	0.2441860465116279
17792	13561	365	192	0.47058823529411764
12062	235	314	519	0.2765957446808511
10485	14274	1525	556	0.23333333333333334
580	33606	1310	283	0.5
29847	33018	285	400	0.3157894736842105
34411	16962	385	310	0.2571428571428571
19884	14439	1419	331	0.42857142857142855
19422	17597	513	148	0.27906976744186046
7805	11213	436	356	0.4166666666666667
14675	2989	394	516	0.25806451612903225
34967	15611	296	505	0.2702702702702703
19126	2561	466	279	0.2698412698412698
9708	18203	650	292	0.2711864406779661
8714	17723	1193	1508	0.2293046357615894
3376	16318	417	425	0.32142857142857145
13760	35035	295	225	0.2708333333333333
7614	91	542	255	0.3
22771	24190	468	445	0.26666666666666666
21270	5455	516	550	0.42105263157894735
17304	8756	238	1533	0.23076923076923078
26761	19326	429	1264	0.22727272727272727
21275	3752	356	509	0.22265625
682	23296	291	1045	0.2608695652173913
14370	18329	292	371	0.45454545454545453
11582	16776	549	545	0.2558139534883721
1024	6975	535	276	0.22058823529411764
25033	16865	509	517	0.28346456692913385
13510	28979	215	296	0.3389830508474576
14459	21250	299	1509	0.2413793103448276
17615	13364	148	242	0.3333333333333333
25917	10200	400	254	0.2641509433962264
29232	15186	280	798	0.24096385542168675
28436	24159	735	267	0.26373626373626374
9721	31392	260	543	0.3793103448275862
6140	32503	399	507	0.24770642201834864
11895	30106	249	369	0.23333333333333334
12125	11541	479	375	0.42857142857142855
12377	32146	495	316	0.2
11823	18484	1252	530	0.2926829268292683
1379	20326	377	340	0.37293729372937295
10677	11647	536	908	0.3125
25834	12310	1265	348	0.35
4551	9405	311	252	0.47058823529411764
4721	27944	447	379	0.2807017543859649
16072	29820	221	1642	0.19672131147540983
26378	6568	1340	716	0.24528301886792453
34522	8997	294	500	0.8571428571428571
772	6535	515	626	0.34375
24764	25165	606	1526	0.23404255319148937
1357	7211	376	465	0.35
888	2866	333	320	0.25
8662	16275	498	502	0.42424242424242425
5478	17541	401	505	0.40625
9347	884	415	525	0.6
615	6969	371	1149	0.29292929292929293
22176	5568	445	277	0.4444444444444444
13259	9124	521	1265	0.2248062015503876
31485	29119	520	1107	0.30434782608695654
10691	20144	1481	1044	0.29310344827586204
21741	31385	1549	360	0.32075471698113206
10126	15978	790	243	0.3076923076923077
3661	17528	259	192	0.3888888888888889
8065	1389	221	655	0.28205128205128205
2918	6738	261	318	0.25287356321839083
19447	6721	852	491	0.2708333333333333
33524	27216	785	555	0.21518987341772153
9295	79	1305	464	0.3488372093023256
14700	1572	1328	528	0.211864406779661
14855	27992	220	334	0.2100456621004566
25256	9658	261	329	0.25663716814159293
23154	18798	470	589	0.2702702702702703
14803	25214	795	1280	0.21875
7366	32231	252	413	0.2857142857142857
11112	7217	1188	452	0.23857868020304568
14714	6667	505	625	0.2702702702702703
18468	23416	273	1293	0.5294117647058824
4999	21870	893	509	0.42857142857142855
7756	23625	332	517	0.2222222222222222
5557	2840	507	349	0.3142857142857143
9902	11669	651	409	0.2608695652173913
28090	34765	759	551	0.2125
21944	11885	446	258	0.3125
27868	9844	501	967	0.22448979591836735
19763	18809	520	635	0.22746781115879827
22831	6810	1500	457	0.24489795918367346
17766	32718	1508	308	0.19607843137254902
24190	17393	445	1244	0.3157894736842105
5004	142	331	249	0.25
9741	9606	551	1342	0.2328767123287671
20988	9684	349	1467	0.2727272727272727
25598	29274	662	505	0.5
31354	4411	514	347	0.26666666666666666
7416	28013	516	460	0.24105011933174225
18250	9480	617	561	0.23880597014925373
5927	21171	251	248	0.32051282051282054
8358	11919	460	272	0.2835820895522388
25232	23108	510	294	0.19148936170212766
20926	32388	525	715	0.26153846153846155
27776	31541	414	492	0.2909090909090909
27128	21853	568	1323	0.25
9058	16115	537	292	0.43478260869565216
25112	27437	376	408	0.325
32578	34981	523	468	0.3076923076923077
32283	34896	322	935	0.3170731707317073
15080	25206	328	546	0.37777777777777777
5479	27645	619	504	0.3389830508474576
34533	14374	785	453	0.34375
5718	15413	560	626	0.2413793103448276
23704	187	1321	413	0.625
13322	1124	1316	180	0.34285714285714286
23750	31059	736	400	0.2222222222222222
8755	7219	1527	1338	0.36377245508982037
3904	22894	331	763	0.6666666666666666
23649	9132	373	542	0.35
19313	30172	385	1325	0.28125
9446	27595	222	510	0.28
15892	13810	164	292	0.45
14718	3661	447	259	0.22727272727272727
9030	7683	455	515	0.35714285714285715
9376	24737	411	486	0.2857142857142857
1726	27833	472	480	0.20982142857142858
24358	3544	489	428	0.20670391061452514
6947	4834	286	319	0.3611111111111111
31249	10366	1505	513	0.7073170731707317
1978	9626	513	292	0.4090909090909091
23936	9258	502	221	0.25
5176	16059	365	556	0.2641509433962264
5050	817	1214	1454	0.20689655172413793
27295	9811	1365	345	0.3333333333333333
11955	30786	490	502	0.27586206896551724
9182	34566	332	359	0.34375
19628	30814	364	834	0.27710843373493976
26969	22107	628	1320	0.2631578947368421
29096	865	532	536	0.5
18793	7291	463	207	0.2894736842105263
10216	3932	536	292	0.2682926829268293
2104	11375	623	715	0.2631578947368421
32983	10508	778	1351	0.3611111111111111
712	25977	1062	287	0.23076923076923078
27762	29772	1321	528	0.3225806451612903
16911	32890	521	1452	0.5454545454545454
20056	14897	509	502	0.25609756097560976
27765	10276	340	551	0.34782608695652173
17814	6025	1330	632	0.2602739726027397
34177	24743	795	1021	0.32786885245901637
8200	13884	1301	521	0.45454545454545453
26240	3669	514	292	0.2037037037037037
14346	25709	519	471	0.5
12038	5059	348	698	0.3684210526315789
30699	31287	663	626	0.4230769230769231
20525	26548	1168	301	0.32432432432432434
3582	24345	515	1096	0.29545454545454547
27801	12761	401	1332	0.2545454545454545
17689	7104	556	1298	0.2765957446808511
6841	5099	315	356	0.21839080459770116
23770	21985	312	1288	0.38461538461538464
1838	15697	299	394	0.4
18494	10666	1325	508	0.24
6977	4280	370	475	0.27586206896551724
13887	719	454	528	0.25862068965517243
20258	12303	350	396	0.38461538461538464
13220	2121	795	320	0.36666666666666664
15750	17640	521	505	0.42857142857142855
5573	2940	1247	465	0.3
31706	2993	230	723	0.4375
3148	20616	1188	1475	0.8246913580246914
6108	20224	361	1210	0.23684210526315788
555	23373	299	1285	0.23684210526315788
18507	26092	435	866	0.5454545454545454
32782	12771	525	448	0.25
20609	25601	1533	531	0.42105263157894735
23320	8488	245	414	0.24691358024691357
6381	21713	334	331	0.6
26691	33002	486	1384	0.4090909090909091
6619	32910	361	266	0.5384615384615384
9842	1552	1195	696	0.24864864864864866
25042	31257	885	516	0.3181818181818182
2451	19013	465	433	0.2972972972972973
10565	9931	382	411	0.493368700265252
30350	5161	633	507	0.32
6113	15176	617	505	0.5625
14132	9231	422	1269	0.39215686274509803
10554	32874	480	793	0.3235294117647059
33836	34294	375	178	0.29545454545454547
22374	29326	319	550	0.36363636363636365
8598	22218	1277	663	0.3073394495412844
19060	23613	508	496	0.3333333333333333
28239	2622	868	467	0.29411764705882354
25403	15670	506	190	0.28
13685	4915	394	846	0.3055555555555556
9987	32605	629	277	0.2571428571428571
6383	979	811	255	0.42105263157894735
9346	20286	435	260	0.4583333333333333
5712	32696	680	259	0.2903225806451613
6167	29806	369	516	0.28205128205128205
20559	11122	1295	312	0.25
19372	10582	293	237	0.39285714285714285
4467	18357	227	428	0.4230769230769231
23811	23158	1295	359	0.3333333333333333
5847	4661	553	520	0.562862669245648
11743	30195	342	291	0.375
16904	31015	327	277	0.3157894736842105
16778	28969	544	566	0.21822033898305085
9204	8124	515	379	0.2894736842105263
31998	2594	380	279	0.5384615384615384
23820	18784	308	291	0.21052631578947367
26275	26806	571	558	0.30434782608695654
8453	28890	491	1561	0.42424242424242425
24034	33585	524	100	0.3333333333333333
20555	24489	1251	885	0.2641509433962264
5471	27079	712	255	0.29508196721311475
33157	29497	367	268	0.205607476635514
17224	2796	1157	438	0.47619047619047616
3739	16044	579	1320	0.2641509433962264
520	10129	253	261	0.24731182795698925
6900	19048	277	243	0.5454545454545454
24629	10368	618	500	0.2631578947368421
26167	4782	510	356	0.2878787878787879
14617	25442	394	483	0.25877192982456143
30295	6127	265	348	0.28
22867	30531	1285	475	0.3076923076923077
30702	35069	559	950	0.2857142857142857
30464	7151	518	513	0.23755656108597284
5624	11814	498	510	0.35294117647058826
7100	26014	1256	854	0.3
28384	13072	268	164	0.25925925925925924
26314	21543	614	544	0.5
4225	20793	528	331	0.19101123595505617
22441	31869	457	497	0.625
13935	31209	301	277	0.46153846153846156
7492	18243	350	277	0.3684210526315789
29791	2508	586	571	0.4375
10206	30799	566	478	0.4090909090909091
9536	13989	1289	1508	0.35151068533529845
20983	2052	301	344	0.5
24922	4089	402	511	0.4
23690	28187	320	504	0.2777777777777778
31025	13986	508	362	0.30357142857142855
3544	13860	428	1276	0.20930232558139536
1503	27716	410	522	0.24210526315789474
17684	16519	394	555	0.38461538461538464
11541	5478	375	401	0.5
9288	4538	397	514	0.3148148148148148
17950	26546	232	356	0.27419354838709675
5354	19551	483	1257	0.20689655172413793
29584	27506	456	1303	0.4
34391	14031	142	165	0.34782608695652173
17003	12063	255	548	0.5454545454545454
3522	6058	1321	369	0.375
28084	22414	465	362	0.27906976744186046
19457	10782	1348	1199	0.23853211009174313
13015	22890	525	412	0.24561403508771928
27466	31563	631	489	0.2571428571428571
31162	35094	797	294	0.21621621621621623
10530	28625	1042	509	0.4
23245	25502	1264	861	0.20454545454545456
650	13012	493	394	0.30864197530864196
5099	9477	356	1252	0.34375
21216	20743	475	330	0.2222222222222222
929	9863	256	1029	0.35294117647058826
30058	9665	515	241	0.32653061224489793
32731	20736	545	233	0.4117647058823529
7445	26632	1257	1292	0.22195704057279236
17223	34124	1190	472	0.21875
240	29527	626	487	0.34782608695652173
8239	29447	899	534	0.2564102564102564
6386	2391	443	615	0.2222222222222222
14327	12298	448	545	0.32608695652173914
27536	10885	611	439	0.625
24743	14164	1021	524	0.28888888888888886
22812	13747	365	1509	0.23076923076923078
12527	941	505	261	0.28
24265	23841	452	1218	0.28378378378378377
1061	19788	544	338	0.25
20117	32904	417	900	0.2689075630252101
8175	32711	520	526	0.2857142857142857
29884	27135	612	469	0.275
26895	23050	350	793	0.2641509433962264
23082	27908	534	279	0.47058823529411764
34286	22008	525	538	0.21568627450980393
7430	11522	256	522	0.20833333333333334
30069	28074	496	333	0.4
24452	11593	344	410	0.4583333333333333
10659	28565	1188	1309	0.23505654281098545
25006	18679	1323	544	0.5
28671	18562	550	377	1.0
6502	5742	258	1214	0.23577235772357724
6803	5874	461	416	0.6116071428571429
1076	26953	338	555	0.34375
6794	32532	266	449	0.4117647058823529
6534	29104	855	514	0.19708029197080293
32988	2138	778	312	0.26582278481012656
18999	27567	346	451	0.3333333333333333
13885	14606	332	1330	0.23684210526315788
29794	24974	255	408	0.2549019607843137
7503	12816	473	1508	0.3225806451612903
30774	8155	1078	243	0.4166666666666667
22977	30405	1320	516	0.2028985507246377
498	24552	151	338	0.2727272727272727
14675	33263	394	773	0.32558139534883723
18586	17538	1250	556	0.25862068965517243
17334	20145	504	1049	0.3404255319148936
27178	15830	422	521	0.23809523809523808
272	27168	523	1181	0.24489795918367346
2141	1017	475	501	0.4
1720	10051	273	256	0.21212121212121213
24537	34010	320	486	0.5555555555555556
20805	21960	1229	493	0.224
11168	28181	335	506	0.42857142857142855
15848	25648	299	848	0.23529411764705882
12626	25776	505	252	0.27906976744186046
3380	28121	238	596	0.2222222222222222
8445	25586	411	499	0.35714285714285715
11384	26418	277	410	0.5454545454545454
20848	33900	569	353	0.20481927710843373
10383	28665	259	1581	0.26153846153846155
15136	6525	1333	310	0.36666666666666664
8279	33046	529	1448	0.21551724137931033
7757	25690	323	598	0.2708333333333333
17054	10423	479	321	0.32142857142857145
21129	13353	309	448	0.21212121212121213
6111	6112	410	1544	0.4074074074074074
1680	28666	512	358	0.2857142857142857
756	10030	261	374	0.30952380952380953
1823	5162	509	425	0.7180851063829787
25061	1657	345	255	0.21238938053097345
8555	29734	597	542	0.3333333333333333
23469	12226	322	520	0.46153846153846156
15710	14532	190	232	0.3333333333333333
19459	12702	1122	455	0.30158730158730157
35089	16072	526	221	0.4444444444444444
24779	17070	345	1241	0.25806451612903225
3391	18020	490	225	0.33962264150943394
5437	9422	494	1262	0.24
1516	6777	255	551	0.25
7270	30089	1346	759	0.20388349514563106
8040	7017	678	1535	0.24113475177304963
9295	18511	1305	487	0.24324324324324326
17170	11837	385	382	0.3
6080	5071	549	1239	0.17204301075268819
32390	23684	465	763	0.2662337662337662
13629	25611	191	1277	0.39285714285714285
6597	32180	261	356	0.28
1438	27115	345	253	0.2570281124497992
4821	31884	472	501	0.29411764705882354
5001	13781	724	629	0.2638888888888889
27519	24592	664	1345	0.25125628140703515
20551	29548	500	465	0.24539877300613497
10558	11783	488	234	0.37037037037037035
19579	664	1260	319	0.29310344827586204
11709	2061	551	858	0.26373626373626374
7681	22466	403	1545	0.2972972972972973
22726	31713	364	520	0.2692307692307692
328	10380	556	261	0.35714285714285715
34193	16678	264	852	0.2653061224489796
7968	12638	317	536	0.18571428571428572
1936	1509	303	410	0.23880597014925373
33947	33537	237	595	0.1724137931034483
9984	14175	373	484	0.23939393939393938
23913	7522	554	386	0.28205128205128205
21465	9080	481	413	0.3125
14402	5468	162	552	0.265625
8295	17536	423	192	0.2708333333333333
17935	31560	502	503	0.3333333333333333
13057	6027	528	433	0.24358974358974358
22842	19288	1526	687	0.4090909090909091
30608	32492	257	493	0.24050632911392406
28577	33597	414	1021	0.3157894736842105
26210	12652	512	1330	0.28846153846153844
16390	11335	290	490	0.21875
12968	18421	539	462	0.30158730158730157
25744	6743	560	1334	0.7142857142857143
20420	10856	142	1171	0.28205128205128205
13489	31970	448	526	0.20925553319919518
28407	29239	473	260	0.36363636363636365
27770	17804	508	1509	0.26785714285714285
20889	7048	506	1297	0.288135593220339
25103	28135	373	256	0.2702702702702703
13088	23128	164	516	0.2564102564102564
24507	4211	479	515	0.21822033898305085
29452	10960	256	254	0.5298804780876494
2212	33512	350	252	0.34375
16584	26857	635	352	0.5
19233	34766	454	449	0.2549019607843137
23085	26103	484	508	0.36666666666666664
1962	7513	1524	478	0.3
11790	21147	645	261	0.26
28140	12184	725	277	0.25287356321839083
23445	16077	1541	293	0.3076923076923077
4760	14102	448	394	0.34375
24357	24377	263	1273	0.35294117647058826
9505	20607	538	1481	0.42857142857142855
8015	631	290	757	0.45454545454545453
20879	714	822	528	0.2631578947368421
21552	14009	452	192	0.35294117647058826
30498	21073	512	499	0.2347560975609756
15246	4340	538	416	0.2391304347826087
25270	18586	514	1250	0.3111111111111111
13905	34554	190	523	0.5
14251	6744	1508	495	0.45
18222	4903	309	672	0.2261904761904762
27639	28521	536	416	0.21428571428571427
20826	20979	1209	568	0.24489795918367346
12985	12918	452	481	0.8958333333333334
3254	32370	290	757	0.3684210526315789
32679	3066	558	221	0.4375
17984	27606	191	533	0.3
7815	8132	434	516	0.22988505747126436
29673	11215	380	658	0.2903225806451613
21422	25090	447	860	0.3103448275862069
15494	1393	223	317	0.3684210526315789
18680	1168	376	562	0.4
304	30262	394	594	0.23469387755102042
18636	8589	308	258	0.23668639053254437
26398	2425	648	433	0.2777777777777778
34961	34571	189	912	0.34375
2563	22111	711	1232	0.4459203036053131
1066	4551	275	311	0.29411764705882354
30794	6233	1076	476	0.2553191489361702
27202	19726	569	244	0.26666666666666666
18001	20787	448	321	0.45454545454545453
22663	26236	356	223	0.34615384615384615
5227	20524	522	458	0.3076923076923077
32362	3084	254	445	0.25925925925925924
25777	19558	381	1275	0.7
29791	32331	586	1545	0.2857142857142857
7956	24504	516	508	0.35
6733	1919	1091	566	0.22535211267605634
14681	3134	332	414	0.27906976744186046
681	9092	380	354	0.3076923076923077
6890	21158	427	549	0.3888888888888889
28552	14833	1305	293	0.21100917431192662
11153	5768	453	411	0.2857142857142857
12527	24174	505	542	0.2647058823529412
323	3440	338	243	0.34615384615384615
17018	2823	268	1528	0.4
7261	3145	864	410	0.29411764705882354
19941	4917	522	221	0.35
17283	21582	509	341	0.2826086956521739
24874	17688	491	529	0.2235294117647059
11163	9028	418	560	0.7777777777777778
30192	7857	1058	1122	0.3800813008130081
8276	20927	541	343	0.19444444444444445
9699	27085	570	256	0.3793103448275862
29280	8019	512	621	0.35714285714285715
34194	34576	264	673	0.22772277227722773
15762	31321	505	384	0.75
32119	18385	480	260	0.28125
14800	6016	525	850	0.38461538461538464
17289	19414	616	555	0.24489795918367346
5426	23134	1243	334	0.2698412698412698
15884	13493	362	505	0.2641509433962264
5112	4924	342	652	0.25806451612903225
32414	3949	230	392	0.24615384615384617
13924	860	190	1278	0.2727272727272727
14164	30680	524	1551	0.21710526315789475
25235	12315	549	267	0.2375
31958	6850	277	511	0.2857142857142857
22311	13674	501	365	0.391304347826087
34579	33680	522	1434	0.21348314606741572
20536	20435	1237	293	0.25396825396825395
29754	10092	260	1293	0.3235294117647059
33063	6924	1081	1282	0.5263157894736842
8523	14338	373	1298	0.47058823529411764
23831	25269	332	449	0.2727272727272727
29650	33650	535	1061	0.2192513368983957
13305	26227	289	373	0.3157894736842105
12317	4498	312	245	0.43333333333333335
18208	27727	164	338	0.29310344827586204
10760	20129	804	369	0.3333333333333333
6688	9652	515	396	0.47058823529411764
30209	7023	502	469	0.4090909090909091
7222	15765	547	228	0.28
1087	30202	335	1221	0.5
12257	17482	536	1272	0.29411764705882354
1873	31210	353	591	0.35294117647058826
34792	29664	673	463	0.2032520325203252
23065	17404	856	498	0.375
7754	5509	1297	893	0.24324324324324326
23227	28277	585	500	0.25742574257425743
13897	9871	286	1262	0.22340425531914893
26013	32911	277	486	0.38461538461538464
28236	33287	415	533	0.38095238095238093
21871	3483	443	488	0.3103448275862069
28923	17864	548	797	0.2545454545454545
24233	6410	484	410	0.3125
3220	25068	512	221	0.2553191489361702
27694	12709	498	521	0.3157894736842105
19267	12415	591	1302	0.21782178217821782
26390	11576	473	515	0.606694560669456
18083	34705	406	353	0.2127659574468085
32349	33988	377	370	0.6666666666666666
28414	7155	692	513	0.38461538461538464
3268	16314	1531	521	0.3333333333333333
7279	14390	551	1284	0.18617021276595744
7548	3482	374	276	0.3333333333333333
2338	17444	736	1279	0.22727272727272727
15647	4315	505	471	0.2631578947368421
34873	6621	366	469	0.25
18052	14841	165	1281	0.3275862068965517
26513	25684	552	277	0.25
25748	6639	344	471	0.37037037037037035
14410	17581	503	318	0.25
32451	13481	382	502	0.23645320197044334
11208	13341	498	328	0.2765957446808511
22782	18873	453	599	0.26153846153846155
18872	203	468	334	0.42857142857142855
6176	12129	354	271	0.5
32980	31244	1452	445	0.34146341463414637
20009	15638	1457	1341	0.35901271503365745
11156	20651	261	522	0.2619047619047619
4551	10921	311	251	0.37142857142857144
12277	21768	237	693	0.33540372670807456
29833	9295	567	1305	0.36585365853658536
834	31103	495	292	0.23595505617977527
28044	21892	589	592	0.21428571428571427
1364	11633	498	353	0.5294117647058824
17290	5044	389	572	0.47058823529411764
11188	637	1059	615	0.5
23078	31052	360	515	0.3333333333333333
65	32001	636	372	0.24113475177304963
16220	30970	1291	1273	0.2689075630252101
7168	2960	1200	303	0.6153846153846154
1139	19048	511	243	0.5294117647058824
14961	34424	394	357	0.3333333333333333
32974	10964	248	1357	0.2361111111111111
9606	6154	1342	919	0.24324324324324326
6553	19962	435	665	0.3333333333333333
21998	29662	421	280	0.2978723404255319
32156	22988	1531	868	0.38095238095238093
16865	31882	517	317	0.34615384615384615
16615	23874	360	509	0.2978723404255319
30064	888	538	333	0.2261904761904762
23109	19735	293	1434	0.2653061224489796
21871	33936	443	98	0.26666666666666666
31742	7389	428	1322	0.6153846153846154
17690	34033	484	214	0.32558139534883723
1358	9692	1317	803	0.23809523809523808
26890	14434	558	477	0.5
9282	23409	516	1510	0.24444444444444444
32625	2025	330	260	0.2222222222222222
16014	28227	394	522	0.391304347826087
23554	13520	640	1509	0.21348314606741572
5850	12703	1249	451	0.5454545454545454
24758	7073	255	446	0.35294117647058826
17951	29443	244	211	0.3333333333333333
34531	11465	351	353	0.3055555555555556
17387	22861	485	467	0.20866141732283464
21705	25626	517	476	0.21951219512195122
27347	18104	490	165	0.6
20271	12489	458	365	0.19402985074626866
2693	34083	512	828	0.3333333333333333
22496	8058	293	496	0.2727272727272727
28407	29820	473	1642	0.34615384615384615
22740	18901	293	356	0.4
7221	546	1284	1320	0.6519721577726219
32697	9642	588	523	0.1951219512195122
30560	9845	319	1294	0.37037037037037035
34287	18991	326	707	0.21951219512195122
10656	19899	1545	493	0.22
31904	18891	329	543	0.42857142857142855
4234	19315	542	1517	0.36363636363636365
1021	29744	259	424	0.5
2683	14242	599	1284	0.25471698113207547
18547	8089	656	1164	0.234192037470726
3486	32005	513	323	0.4
20042	333	377	220	0.2916666666666667
28201	23085	470	484	0.5555555555555556
42	3270	886	311	0.5
16477	9025	220	558	0.28888888888888886
22951	18564	527	1298	0.3
32898	10160	101	517	0.2682926829268293
5636	17738	429	381	0.35714285714285715
9348	12892	1201	394	0.3220338983050847
28314	5289	448	845	0.47619047619047616
19058	14343	508	292	0.375
2106	31010	548	320	0.2903225806451613
23241	16300	273	332	0.21818181818181817
25312	27693	599	491	0.18518518518518517
26156	6431	260	564	0.23943661971830985
17121	19793	1263	418	0.21666666666666667
20364	11357	523	1474	0.19047619047619047
28561	21134	446	331	0.24390243902439024
9121	13074	1306	1509	0.25157232704402516
16385	8892	332	407	0.8333333333333334
27283	13075	259	448	0.35135135135135137
19730	19988	529	256	0.3541666666666667
5609	19486	227	1290	0.2727272727272727
30222	12017	507	461	0.38461538461538464
24639	28632	380	257	0.2727272727272727
6294	9083	1122	493	0.3142857142857143
34509	28960	917	405	0.23076923076923078
20529	33018	1219	400	0.23717948717948717
23432	30695	275	245	0.38461538461538464
23212	28027	278	502	0.2777777777777778
30575	27558	261	870	0.47058823529411764
26886	30230	463	526	0.2682926829268293
1813	1731	424	477	0.22826086956521738
27585	5795	1340	222	0.3404255319148936
9213	19817	484	1315	0.2978723404255319
15902	33567	446	473	0.2
24452	8341	344	417	0.22727272727272727
19224	3508	1319	1631	0.3026315789473684
25733	8253	420	570	0.2903225806451613
26407	390	493	530	0.4185022026431718
30330	33948	406	357	0.3333333333333333
30161	3561	635	904	0.2962962962962963
5548	3584	434	515	0.25
17706	7015	292	431	0.4
21855	6383	493	811	0.45454545454545453
19043	31553	1322	530	0.3191489361702128
21712	3988	479	799	0.30303030303030304
7958	33477	226	297	0.2777777777777778
3474	13439	522	301	0.4444444444444444
33833	9447	772	345	0.3
32460	8939	528	503	0.265625
14650	10143	653	523	0.3076923076923077
19719	20374	256	372	0.25
422	31782	244	291	0.5778688524590164
13153	7517	165	382	0.5
4400	2	1516	247	0.29850746268656714
10028	7932	413	533	0.2702702702702703
34067	6348	1020	320	0.23728813559322035
16200	13388	804	165	0.5333333333333333
6789	31047	392	626	0.375
1615	33148	248	524	0.22448979591836735
29085	25605	544	598	0.7808988764044944
3647	7983	396	1537	0.3333333333333333
19655	26513	545	552	0.8486590038314177
31701	12061	151	383	0.29411764705882354
15396	17057	505	494	0.28
28778	8073	272	656	0.6363636363636364
28334	9584	597	552	0.42857142857142855
1419	12111	514	237	0.3076923076923077
9285	15773	512	394	0.3291139240506329
11191	33522	341	533	0.2597402597402597
13130	31205	287	562	0.2727272727272727
31487	19007	222	430	0.24242424242424243
18969	6554	451	255	0.2753623188405797
32306	24073	352	317	0.3888888888888889
18034	25636	135	1308	0.42857142857142855
25285	7034	503	1304	0.36363636363636365
30406	27321	500	485	0.23366834170854273
27841	9710	1310	498	0.34146341463414637
1833	18574	498	558	0.25
29955	7872	354	414	0.3125
25521	722	564	528	0.5
19841	2233	656	1286	0.2616033755274262
29129	2793	600	277	0.34782608695652173
23247	9129	225	527	0.5333333333333333
30664	30038	219	387	0.22
18147	597	165	506	0.18803418803418803
10375	23445	516	1541	0.2558139534883721
32809	32978	536	279	0.5454545454545454
13813	22861	505	467	0.2727272727272727
34410	25599	548	851	0.29411764705882354
33622	4113	535	1323	0.41935483870967744
11435	9922	398	282	0.36585365853658536
23059	22235	579	502	0.25471698113207547
30112	9177	546	345	0.32727272727272727
18241	19852	1325	415	0.2391304347826087
25816	4470	524	343	0.28846153846153844
31702	24675	433	480	0.25196850393700787
30916	11821	175	279	0.3111111111111111
33225	34434	501	1196	0.38235294117647056
16988	8481	1216	594	0.27722772277227725
21238	22812	464	365	0.29411764705882354
26461	4428	403	502	0.75
2944	1934	1325	500	0.2328767123287671
10431	15184	395	462	0.5
6326	6961	429	1530	0.17391304347826086
32730	31222	437	1529	0.42424242424242425
21211	15173	515	519	0.4
15506	6909	165	509	0.8333333333333334
11403	25171	1571	540	0.2857142857142857
27528	4218	485	495	0.24489795918367346
4058	16415	522	365	0.3333333333333333
7502	2452	293	1530	0.2597402597402597
4776	28936	510	534	0.2708333333333333
24531	1930	1191	812	0.27419354838709675
11407	21047	545	383	0.18627450980392157
7055	29459	1361	293	0.2926829268292683
24748	8730	492	470	0.4666666666666667
13089	12826	642	163	0.3333333333333333
16547	32184	223	255	0.27450980392156865
28672	18749	261	365	0.3103448275862069
14778	13185	220	317	0.3076923076923077
10622	28446	414	1233	0.2222222222222222
34637	12602	266	1321	0.30158730158730157
5637	1588	1525	536	0.22527472527472528
6304	13339	259	505	0.4117647058823529
2178	9211	537	498	0.3409090909090909
343	23564	443	1542	0.3333333333333333
26740	4716	918	345	0.4375
22328	12144	551	348	0.265625
34613	32517	273	539	0.5
12460	13597	191	505	0.7142857142857143
31046	32823	536	524	0.2608695652173913
23075	23362	526	1532	0.23636363636363636
9035	4401	863	743	0.3793103448275862
28762	28017	987	1345	0.35185185185185186
24649	4644	547	858	0.36363636363636365
5121	8335	260	737	0.3096446700507614
33898	19544	354	371	0.45454545454545453
6613	7728	235	1270	0.30434782608695654
32683	15110	471	192	0.3333333333333333
3373	21687	361	733	0.4117647058823529
1477	14681	374	332	0.632398753894081
18998	16474	822	394	0.2857142857142857
25586	23455	499	721	0.3076923076923077
4453	10345	429	505	0.18072289156626506
18878	4900	1210	858	0.2631578947368421
35023	15820	674	264	0.22727272727272727
33931	32771	889	569	0.2826086956521739
20462	26163	361	500	0.391304347826087
3712	7266	392	468	0.37037037037037035
30866	17239	365	795	0.3684210526315789
1964	2115	340	749	0.3076923076923077
22154	27617	657	511	0.23170731707317074
17097	13140	506	538	0.391304347826087
21924	3892	555	599	0.3939393939393939
9128	13384	525	1330	0.25
21601	4084	511	524	0.22666666666666666
15441	32345	254	570	0.6666666666666666
4778	2317	351	411	0.5
22665	4637	523	340	0.2916666666666667
27278	5281	222	1319	0.34285714285714286
31376	8484	469	1280	0.2361111111111111
17728	2735	293	429	0.3684210526315789
6819	2333	451	429	0.29411764705882354
32544	33266	565	764	0.20192307692307693
14761	22954	453	503	0.34615384615384615
28279	31299	698	924	0.2926829268292683
19884	14926	1419	332	0.2696629213483146
1405	3627	459	533	0.24324324324324326
1727	12856	502	1305	0.19230769230769232
35008	24863	576	258	0.4666666666666667
1185	31599	432	373	0.5333333333333333
3417	25370	544	591	0.375
24722	8207	480	516	0.2727272727272727
28162	27972	432	753	0.31343283582089554
9028	7574	560	345	0.28888888888888886
28701	7732	243	469	0.32432432432432434
24098	23054	1523	1250	0.34462001504890893
12690	22487	192	525	0.36
28608	3796	345	294	0.45
15608	15206	1307	292	0.3333333333333333
6028	658	415	651	0.3333333333333333
14884	27070	292	497	0.37209302325581395
3000	976	1137	541	0.23863636363636365
16378	3727	362	394	0.35
5020	3712	1301	392	0.3076923076923077
8304	28741	1241	406	0.18604651162790697
11835	18520	529	692	0.47368421052631576
2865	20586	373	792	0.25925925925925924
22915	16006	612	223	0.23076923076923078
19163	8501	597	1505	0.23873873873873874
26071	31372	728	540	0.3793103448275862
8020	5033	536	650	0.19148936170212766
5005	16397	569	556	0.2903225806451613
13491	32435	627	528	0.25316455696202533
23393	14436	1319	505	0.3076923076923077
29067	19838	357	520	0.4
24047	19181	719	1313	0.2537313432835821
16004	34527	394	689	0.41935483870967744
17533	20896	1287	536	0.2702702702702703
32993	6840	292	256	0.2857142857142857
3538	22717	921	292	0.37037037037037035
26924	31864	556	418	0.31343283582089554
18335	5141	501	705	0.32432432432432434
13340	8987	448	415	0.4166666666666667
34143	15108	478	505	0.17857142857142858
19984	13812	884	365	0.25
8044	24404	731	511	0.3870967741935484
9303	2350	693	718	0.3
15407	28854	1276	675	0.21311475409836064
29737	7486	1293	928	0.22857142857142856
1395	32696	335	259	0.25
2212	17714	350	192	0.3
18216	25177	476	434	0.2619047619047619
19687	5537	1293	558	0.375
3913	18290	512	320	0.47058823529411764
25161	32463	1179	528	0.21568627450980393
1235	25073	540	512	0.375
2910	14709	546	505	0.25862068965517243
13482	24859	320	1475	0.2727272727272727
12086	28251	238	558	0.225
34897	3424	932	593	0.391304347826087
19998	2051	341	346	0.24324324324324326
22793	1703	430	482	0.2777777777777778
22034	17205	511	819	0.3333333333333333
14191	1792	394	484	0.24126984126984127
22344	28447	292	1245	0.22580645161290322
28019	3743	1345	702	0.3448275862068966
7157	25435	421	501	0.19117647058823528
18836	35046	1246	271	0.6666666666666666
30376	27776	261	414	0.375
34007	17045	1446	510	0.47058823529411764
10652	24988	270	492	0.18867924528301888
30627	15612	285	396	0.5454545454545454
8642	995	336	254	0.3333333333333333
18395	17982	405	165	0.25862068965517243
5605	16379	414	318	0.2
19387	22120	693	667	0.3235294117647059
25860	2530	483	484	0.3191489361702128
17974	23704	505	1321	0.25675675675675674
17612	16417	183	505	0.4117647058823529
808	8146	505	1160	0.2236842105263158
20112	21036	359	294	0.34615384615384615
29085	30325	544	479	0.28888888888888886
1131	28829	515	375	0.2833333333333333
581	30568	311	1044	0.25274725274725274
2425	23509	433	1532	0.3548387096774194
31470	14276	537	481	0.2692307692307692
26778	3839	871	553	0.2549019607843137
5213	18117	560	451	0.25
20580	4197	208	503	0.5
28864	11783	1083	234	0.3333333333333333
16908	18097	534	292	0.2903225806451613
17009	32435	531	528	0.25
8337	14904	281	320	0.2345679012345679
11435	9627	398	483	0.5833333333333334
3249	15248	479	484	0.2604166666666667
7500	2523	548	417	0.2413793103448276
12075	33208	805	545	0.3333333333333333
28856	20796	262	567	0.34615384615384615
2749	14939	476	1070	0.35555555555555557
3985	16977	259	552	0.25
16871	1056	1262	438	0.3157894736842105
23156	2931	318	261	0.3870967741935484
15381	22919	232	480	0.3157894736842105
7154	5077	530	410	0.4583333333333333
33222	29085	767	544	0.28125
7417	33491	555	265	0.3
5075	15530	480	1509	0.23170731707317074
13372	21350	291	520	0.3684210526315789
24337	27260	496	350	0.2413793103448276
4678	27949	697	482	0.37142857142857144
18552	9376	293	411	0.2962962962962963
1618	21400	420	1233	0.2909090909090909
23611	21953	349	666	0.22641509433962265
26747	24557	261	655	0.3188405797101449
30846	19271	253	618	0.4
2041	10506	558	369	0.26595744680851063
24137	2923	477	533	0.22330097087378642
19062	9834	566	1220	0.43478260869565216
1673	6962	506	1544	0.3333333333333333
13859	20519	318	651	0.22727272727272727
33475	33304	726	353	0.3125
22547	14081	706	528	0.35
24827	2136	538	802	0.34375
9835	24975	1215	509	0.2972972972972973
5140	5066	499	708	0.28
14718	32997	447	375	0.3684210526315789
27399	7945	1352	502	0.21176470588235294
34587	3370	353	655	0.23853211009174313
30954	34370	1531	724	0.2318840579710145
34100	28902	783	515	0.30434782608695654
20770	17641	530	369	0.2916666666666667
12781	19206	309	921	0.32
15992	21540	484	814	0.5
15930	23721	164	544	0.23636363636363636
15131	29872	484	1327	0.1986754966887417
20631	7563	1610	684	0.28888888888888886
15797	29164	192	388	0.42105263157894735
26864	23716	410	292	0.5555555555555556
5222	23067	507	359	0.3333333333333333
33137	5009	890	516	0.23809523809523808
23743	31729	541	492	0.3
15096	29423	293	195	0.2644628099173554
27449	15057	483	478	0.5384615384615384
8210	16052	660	165	0.2549019607843137
26713	9053	622	1300	0.5652173913043478
17057	18801	494	583	0.4090909090909091
22385	20568	516	1255	0.27450980392156865
7730	5341	1337	506	0.25
26771	27592	491	1324	0.24
33097	9725	370	570	0.3
32387	12982	299	165	0.4375
11790	29757	645	513	0.27419354838709675
1016	10929	515	411	0.3793103448275862
7916	27435	522	1479	0.2807017543859649
17260	30792	566	440	0.3055555555555556
6618	8283	1542	340	0.29411764705882354
2233	28273	1286	221	0.23595505617977527
1568	10940	495	1262	0.3076923076923077
4785	8675	496	1300	0.2857142857142857
33744	34688	486	258	0.5555555555555556
25435	27679	501	511	0.21212121212121213
23223	8352	538	349	0.5833333333333334
26366	15822	645	446	0.23255813953488372
19227	7800	552	1214	0.25
22073	22062	412	1294	0.25925925925925924
7062	2964	538	498	0.1956521739130435
4833	23262	524	1285	0.22580645161290322
29418	26796	544	632	0.42105263157894735
29475	28553	451	1294	0.28
18958	31267	1294	1001	0.24
8821	12022	1513	1478	0.5289148797920727
33382	5491	178	540	0.46153846153846156
9978	510	1336	521	0.32
24240	29722	317	528	0.32558139534883723
24862	21000	365	180	0.5555555555555556
28743	11581	260	259	0.686046511627907
33336	18304	262	296	0.34375
6350	15221	412	505	0.36363636363636365
19487	32328	1328	599	0.45454545454545453
22355	3164	1546	475	0.2191780821917808
33926	34419	236	1101	0.23157894736842105
33307	27963	357	405	0.25757575757575757
18694	21155	1321	523	0.25555555555555554
25170	20878	501	472	0.3023255813953488
11692	9384	1227	332	0.4
2748	13807	509	478	0.45
28215	34022	231	267	0.25
18235	20602	1529	556	0.5
6518	22763	347	415	0.26666666666666666
18664	10852	463	466	0.21939953810623555
7769	18864	331	522	0.25
17946	31892	505	362	0.2857142857142857
28764	14656	418	232	0.3076923076923077
11096	18905	1282	496	0.2962962962962963
17001	6954	518	488	0.21414913957934992
15183	18260	506	349	0.4166666666666667
9240	6289	258	1268	0.42857142857142855
13555	33338	505	750	0.2361111111111111
11065	1792	320	484	0.1702127659574468
2604	12788	404	804	0.34615384615384615
436	32005	556	323	0.2702702702702703
1689	24218	499	256	0.21739130434782608
13313	18470	505	589	0.2727272727272727
27951	29152	260	328	0.5
34137	8269	777	862	0.2727272727272727
29743	19329	542	526	0.33884297520661155
7183	7860	1215	1133	0.511744966442953
29124	28328	443	467	0.3137254901960784
32325	17239	509	795	0.38461538461538464
5692	8966	1322	338	0.36363636363636365
18248	7632	546	544	0.2857142857142857
23181	5181	253	553	0.3088235294117647
14577	4872	473	561	0.36
21437	10271	1336	555	0.2265625
33230	21976	1152	1309	0.3111111111111111
18095	29718	226	528	0.25925925925925924
33609	4855	1016	270	0.34375
20631	2513	1610	479	0.25757575757575757
28401	6582	1253	523	0.47368421052631576
34163	20809	127	541	0.4
12477	2335	484	1479	0.3157894736842105
522	16116	513	292	0.46153846153846156
8970	24655	494	550	0.3137254901960784
14431	12823	163	484	0.625
17385	30809	277	479	0.42857142857142855
9924	31752	533	1076	0.20869565217391303
12262	32553	1531	392	0.2765957446808511
18520	8637	692	681	0.5848765432098766
13013	5813	299	344	0.45454545454545453
33836	14037	375	220	0.32
209	28463	461	1304	0.3142857142857143
4408	32157	375	260	0.2641509433962264
13667	11672	301	522	0.29411764705882354
2543	27404	446	1271	0.2692307692307692
17240	24922	824	402	0.34782608695652173
15382	22852	505	649	0.2087912087912088
31734	34764	499	849	0.18518518518518517
11800	19667	427	1282	0.23404255319148937
15197	19144	1505	1289	0.23705501618122976
31788	32127	483	259	0.2553191489361702
25703	23404	586	275	0.34210526315789475
31520	19360	520	371	0.3
6326	14347	429	394	0.24475524475524477
7364	18826	717	243	0.4166666666666667
27498	29305	574	261	0.23076923076923078
21325	16213	1529	529	0.21212121212121213
27843	7590	339	530	0.38095238095238093
11547	30456	379	1314	0.47058823529411764
20899	7440	621	541	0.43478260869565216
22778	26089	515	1302	0.3023255813953488
8392	31702	401	433	0.30434782608695654
32058	27001	530	343	0.3125
15391	1898	484	655	0.24050632911392406
19066	17558	448	135	0.6296296296296297
33258	14097	830	293	0.3888888888888889
26804	3984	1334	516	0.3170731707317073
21180	17144	397	293	0.22413793103448276
20815	26950	610	475	0.34782608695652173
25649	28963	565	519	0.2857142857142857
27865	26127	504	149	0.2
17085	3580	556	515	0.4117647058823529
17584	31818	394	368	0.38235294117647056
14348	22271	556	1276	0.25
2990	20218	735	526	0.42105263157894735
29336	26857	1523	352	0.35135135135135137
14503	10914	163	1464	0.7
13513	7229	411	521	0.25961538461538464
21606	8468	524	1303	0.24509803921568626
1305	1383	256	522	0.2692307692307692
24850	5914	368	300	0.3125
21842	23114	1323	591	0.2696078431372549
4159	3225	1524	521	0.24050632911392406
33990	13792	374	411	0.2857142857142857
23730	35092	1499	349	0.25
13004	10288	286	588	0.23140495867768596
35107	25921	254	539	0.3235294117647059
15029	19017	160	364	0.2564102564102564
10577	24502	617	256	0.25
21725	27092	655	499	0.4444444444444444
14130	16299	556	292	0.36363636363636365
893	2364	510	502	0.22935779816513763
1312	34508	430	503	0.3888888888888889
6718	32866	318	476	0.3235294117647059
26079	31778	616	1531	0.21875
2771	10285	1262	399	0.26785714285714285
18552	19756	293	1122	0.21212121212121213
1588	15073	536	165	0.23684210526315788
16207	2213	156	477	0.4375
17855	8103	556	507	0.2972972972972973
24763	26263	455	1513	0.5625
8597	17694	435	362	0.24242424242424243
5565	5015	1325	518	0.4074074074074074
4842	33063	524	1081	0.325
27222	1320	1265	471	0.2876712328767123
966	9951	322	475	0.23809523809523808
6262	25632	1544	345	0.5833333333333334
12732	20459	452	1328	0.19607843137254902
21215	27862	271	251	0.32
33577	1535	588	263	0.2962962962962963
19801	17960	466	478	0.2396694214876033
30074	13281	550	190	0.2549019607843137
6532	17319	342	691	0.3448275862068966
30893	24679	345	483	0.25
19086	28149	1268	649	0.20202020202020202
6098	14565	655	232	0.2903225806451613
26629	18255	1251	508	0.32142857142857145
31676	18639	285	656	0.23076923076923078
34944	33200	144	265	0.3333333333333333
16031	25061	231	345	0.5
1128	32573	524	689	0.4074074074074074
25797	24427	254	285	0.2542372881355932
7097	29639	410	153	0.3333333333333333
14684	1631	161	539	0.5625
26040	15211	545	394	0.22826086956521738
29300	24236	561	452	0.2708333333333333
31247	7140	508	864	0.17123287671232876
20356	21786	623	1251	0.28888888888888886
9422	5481	1262	345	0.2222222222222222
6251	11092	533	527	0.904296875
13610	32100	362	520	0.2641509433962264
16381	5497	411	472	0.3157894736842105
9262	26423	315	436	0.36
31032	34301	566	595	0.2702702702702703
15232	3862	524	676	0.19753086419753085
32336	16516	323	394	0.5
26991	20411	255	569	0.24060150375939848
22142	9870	569	1245	0.3
2392	21066	337	679	0.4666666666666667
26642	365	1268	505	0.20555555555555555
17573	13711	1508	297	0.35
20513	15449	644	484	0.5
21091	30236	1517	318	0.2647058823529412
31653	33713	259	473	0.25806451612903225
5336	6884	358	465	0.40636042402826855
27898	5079	465	552	0.3170731707317073
24620	8341	536	417	0.28846153846153844
892	10622	525	414	0.26744186046511625
34074	7961	1443	1498	0.17647058823529413
10891	12934	349	428	0.2777777777777778
28678	7449	536	530	0.5263157894736842
2559	27799	1076	484	0.2558139534883721
32452	11188	710	1059	0.21212121212121213
34379	31928	455	631	0.3055555555555556
9166	27403	500	585	0.29310344827586204
26175	606	1322	529	0.375
19447	7705	852	340	0.3103448275862069
28539	19282	691	488	0.32727272727272727
17767	34241	537	516	0.5333333333333333
21127	24355	466	775	0.5
10875	9274	365	502	0.25
19018	34291	226	481	0.4
13399	24330	220	1350	0.3793103448275862
34038	16465	287	192	0.22641509433962265
30940	30335	498	316	0.2777777777777778
13803	21638	1279	507	0.23232323232323232
8869	10763	361	503	0.23275862068965517
34365	31055	950	129	0.2903225806451613
643	20820	590	503	0.3888888888888889
27282	11745	333	260	0.22594142259414227
9853	30834	1291	563	0.4
4394	367	741	220	0.30357142857142855
20436	12299	491	286	0.3333333333333333
13059	6150	231	430	0.28888888888888886
30054	21694	454	525	0.2463768115942029
6207	4004	1320	533	0.391304347826087
30716	10253	289	387	0.4375
4375	22967	413	554	0.2962962962962963
14813	22607	521	550	0.3333333333333333
925	12624	524	365	0.3448275862068966
17994	18624	265	294	0.3333333333333333
27929	20037	345	327	0.2727272727272727
24069	26428	533	349	0.2857142857142857
16695	13276	513	454	0.25675675675675674
5077	9989	410	484	0.7142857142857143
6748	14184	484	164	0.20588235294117646
18349	11686	372	410	0.4166666666666667
17231	6705	828	320	0.375
8303	34230	1341	230	0.2777777777777778
25096	21637	1304	482	0.35714285714285715
18169	31025	286	508	0.25
13717	11016	165	468	0.38235294117647056
175	15193	260	536	0.3
14184	5985	164	597	0.2
9600	9393	693	338	0.3333333333333333
10801	31160	569	317	0.265625
16	21190	260	646	0.4375
5097	3420	365	544	0.25
8976	33535	1280	797	0.3111111111111111
28815	27879	555	265	0.2631578947368421
30912	21436	846	1290	0.2127659574468085
19828	32792	340	438	0.24050632911392406
7687	15779	539	220	0.34146341463414637
25771	24727	411	542	0.75
25266	31095	256	487	0.3157894736842105
23264	20431	1302	408	0.23684210526315788
34208	20773	622	425	0.3333333333333333
34779	5124	523	1231	0.29508196721311475
14018	10886	299	483	0.3333333333333333
18201	9364	192	260	0.4166666666666667
28655	28943	851	475	0.2413793103448276
32118	16419	544	1231	0.2631578947368421
7880	28535	447	548	0.42105263157894735
22818	11666	345	461	0.25
1657	23965	255	559	0.32
30544	22674	1306	1323	0.23046251993620415
27792	14010	434	163	0.2926829268292683
12516	25064	365	415	0.2549019607843137
24523	11731	472	520	0.30434782608695654
699	12834	440	264	0.26666666666666666
28972	23657	756	718	0.2857142857142857
34472	12772	297	394	0.2571428571428571
367	20341	220	269	0.8494623655913979
21525	6167	1321	369	0.3275862068965517
24174	16630	542	827	0.2857142857142857
32951	851	354	512	0.28205128205128205
17893	2197	1509	255	0.28
18019	31374	555	1232	0.7325800376647834
26102	2878	552	547	0.5
16583	17968	265	1328	0.42857142857142855
3750	1994	524	333	0.4090909090909091
30854	29784	551	658	0.27586206896551724
32132	11388	319	475	0.5714285714285714
31027	6808	292	475	0.3384615384615385
2503	24217	702	536	0.2235294117647059
1889	10039	536	716	0.4166666666666667
11593	8627	410	555	0.24561403508771928
5427	27497	516	497	0.23492723492723494
7826	3673	700	596	0.8213689482470785
29057	4084	837	524	0.2564102564102564
20593	6388	1346	361	0.28205128205128205
18184	12725	454	448	0.2608695652173913
1092	21801	523	523	0.2909090909090909
20740	11089	554	370	0.2708333333333333
24002	33838	266	788	0.3148148148148148
928	26422	1776	483	0.6213389121338913
27287	4029	570	1325	0.28
4256	12644	503	448	0.26521739130434785
32867	9667	267	423	0.23529411764705882
17474	5502	446	463	0.4357298474945534
11310	29058	471	837	0.5
2916	18056	1323	265	0.4166666666666667
13020	33126	331	811	0.21621621621621623
26820	11335	345	490	0.5833333333333334
211	20392	383	385	0.23529411764705882
17941	22982	218	1322	0.2542372881355932
7714	22377	277	539	0.23809523809523808
30556	5642	512	1612	0.3103448275862069
30343	5777	308	342	0.1702127659574468
7619	5935	219	506	0.2647058823529412
11960	5663	679	408	0.34285714285714286
12167	20807	228	1266	0.23404255319148937
1317	11097	416	918	0.34146341463414637
684	14255	155	365	0.3888888888888889
24545	30169	522	1519	0.30952380952380953
5326	16169	825	367	0.2702702702702703
20170	12523	500	292	0.2542372881355932
8698	20348	423	301	0.18831168831168832
3495	24858	711	495	0.3
18813	11665	260	204	0.31313131313131315
18282	9202	410	1318	0.25806451612903225
20679	27130	350	1366	0.3939393939393939
14808	12336	394	643	0.2807017543859649
17878	13056	633	292	0.22
11607	19328	311	514	0.3235294117647059
16997	28809	580	558	0.37142857142857144
17337	6056	332	1325	0.2692307692307692
32105	23275	357	480	0.5
23829	22862	466	506	0.24434389140271492
34278	29469	259	933	0.43478260869565216
11172	2407	417	341	0.2191780821917808
25275	10204	484	266	0.375
13805	28433	299	393	0.2777777777777778
22735	18919	513	458	0.22857142857142856
13595	22425	446	223	0.42857142857142855
33014	17625	274	362	0.39285714285714285
5947	33637	339	1447	0.5333333333333333
13809	16922	293	1352	0.24358974358974358
14303	30650	161	261	0.36
17094	2060	293	646	0.25
7556	33884	446	178	0.26666666666666666
12217	31143	567	267	0.46153846153846156
9162	30621	876	594	0.4
21167	24397	705	1323	0.27586206896551724
24766	2218	362	263	0.45454545454545453
21126	6855	503	475	0.6363636363636364
23519	517	1014	448	0.7142857142857143
10403	27617	499	511	0.22633744855967078
31162	21935	797	587	0.2857142857142857
22064	6567	366	256	0.21978021978021978
12262	23462	1531	509	0.2540983606557377
20072	10665	432	1264	0.32142857142857145
30594	12200	530	167	0.3333333333333333
1425	28770	222	582	0.39285714285714285
29913	28506	1531	364	0.36
26170	31036	538	558	0.5384615384615384
15963	16552	394	458	0.3157894736842105
24459	22143	470	533	0.2608695652173913
31624	26289	453	328	0.6363636363636364
19672	2629	728	232	0.2619047619047619
15355	33224	243	178	0.3
7068	27589	381	599	0.2047244094488189
27911	17652	466	479	0.375
26263	1871	1513	567	0.35714285714285715
10749	33567	503	473	0.35714285714285715
10904	19698	320	1217	0.38461538461538464
34346	13006	662	654	0.5217391304347826
9145	8512	440	1221	0.4090909090909091
21833	3525	555	402	0.2807017543859649
5924	20268	414	332	0.32
9270	22682	365	1210	0.3333333333333333
30062	25951	248	405	0.2413793103448276
10835	30185	336	344	0.2857142857142857
55	9665	420	241	0.2923076923076923
13133	11276	191	410	0.25
19744	20154	595	1146	0.2222222222222222
5267	12097	560	508	0.25675675675675674
15478	13324	394	448	0.26848249027237353
28609	5909	496	505	0.2857142857142857
16038	10101	362	261	0.2777777777777778
24527	324	322	535	0.34210526315789475
31283	10441	340	177	0.375
22591	6547	1353	512	0.16541353383458646
30854	25824	551	527	0.5
13925	30953	164	323	0.2926829268292683
24660	30374	895	435	0.2403846153846154
15908	6279	546	647	0.21739130434782608
25400	8421	506	540	0.3235294117647059
20863	8750	528	843	0.4444444444444444
26206	21437	510	1336	0.23170731707317074
18559	27826	551	602	0.35
25811	35003	524	294	0.3181818181818182
4696	22732	413	717	0.4117647058823529
32001	1762	372	251	0.2826086956521739
14528	11675	630	421	0.28205128205128205
15411	24191	286	785	0.2391304347826087
23742	22272	404	1323	0.1935483870967742
32863	104	900	679	0.20634920634920634
26095	5063	504	333	0.625
15078	9049	291	1273	0.23529411764705882
32764	12318	500	259	0.3
2899	13843	464	243	0.5
19787	28534	448	305	0.375
6085	22255	521	1241	0.6666666666666666
25170	11788	501	665	0.3
27899	9879	261	414	0.6
18675	20387	1254	562	0.2413793103448276
25350	31500	361	612	0.2857142857142857
2282	17106	243	476	0.3235294117647059
27638	11764	517	293	0.34210526315789475
10717	26097	536	357	0.2653061224489796
33904	6975	178	276	0.2903225806451613
30469	5415	516	1410	0.375
22694	6645	268	1264	0.2647058823529412
26507	801	335	516	0.42857142857142855
10543	20907	516	303	0.23943661971830985
8437	33224	572	178	0.4444444444444444
25165	29798	1526	538	0.42857142857142855
759	31859	251	492	0.2
26326	27686	599	370	0.2571428571428571
3572	19854	502	469	0.32
27851	16950	555	1158	0.21568627450980393
7599	29508	522	415	0.3469387755102041
32903	24433	236	472	0.23728813559322035
31034	21958	236	886	0.3
35063	23911	354	497	0.35294117647058826
7318	11720	515	499	0.36363636363636365
27791	34846	425	369	0.2727272727272727
25131	5243	680	417	0.25925925925925924
9855	455	1448	441	0.27419354838709675
22093	16897	430	501	0.32
12950	33744	311	486	0.7142857142857143
29818	28500	1147	569	0.4074074074074074
3181	30458	310	545	0.20512820512820512
18462	2611	644	407	0.3103448275862069
7965	32087	1042	543	0.24545454545454545
30162	24058	896	590	0.275
3281	24202	715	371	0.23728813559322035
16536	27898	1333	465	0.23255813953488372
22115	19408	625	1342	0.2523809523809524
1542	17513	482	142	0.7142857142857143
11713	19217	869	295	0.47058823529411764
23388	27332	495	353	0.37142857142857144
1148	29279	446	517	0.36363636363636365
21275	19508	356	554	0.36363636363636365
2334	7319	741	546	0.423728813559322
23412	2399	375	466	0.2619047619047619
34817	25966	301	1328	0.2235294117647059
16294	11484	452	692	0.3392857142857143
5508	35060	404	422	0.5454545454545454
6197	8261	345	1281	0.2682926829268293
9479	32338	553	323	0.3333333333333333
28252	18002	337	1509	0.22123893805309736
22635	30017	503	483	0.208955223880597
15997	34311	528	488	0.2692307692307692
30042	2663	492	655	0.2403846153846154
5015	21403	518	1044	0.30303030303030304
24431	2509	402	499	0.44862155388471175
9617	6627	276	317	0.23157894736842105
25029	33595	1264	273	0.35
5161	22136	507	330	0.2978723404255319
19790	27690	413	488	0.25
26262	1466	352	522	0.23529411764705882
12054	16833	259	503	0.47368421052631576
5195	28405	1305	586	0.3
7630	12559	570	1286	0.2413793103448276
17103	19870	1285	554	0.22727272727272727
33688	15974	106	293	0.5
3200	24525	929	461	0.29411764705882354
30993	14103	549	396	0.2636363636363636
28635	18008	314	165	0.3225806451612903
12170	18143	1209	411	0.3333333333333333
32870	2997	1023	261	0.21794871794871795
26127	11879	149	444	0.5333333333333333
18672	17870	1523	502	0.3939393939393939
331	26685	310	329	0.22916666666666666
13574	1226	527	500	0.3
27153	8504	666	1203	0.16981132075471697
18007	17501	293	1319	0.2857142857142857
30306	20850	271	564	0.2702702702702703
6366	14504	244	166	0.4
14734	1184	161	562	0.23214285714285715
21273	14487	930	453	0.28169014084507044
4176	18863	1282	469	0.17985611510791366
30188	27575	601	1360	0.3142857142857143
21545	25496	508	871	0.22105263157894736
31169	823	1352	493	0.2926829268292683
22475	22321	511	532	0.7309160305343512
20948	22699	858	1542	0.4166666666666667
29123	9946	1598	515	0.21739130434782608
30274	32700	313	718	0.45
13804	34880	525	367	0.30357142857142855
11141	25563	546	654	0.22727272727272727
16757	26406	840	322	0.3076923076923077
2114	5151	736	836	0.42424242424242425
31885	22629	262	512	0.3076923076923077
5445	13602	583	448	0.5
34707	24195	353	867	0.38095238095238093
19925	19124	894	1310	0.22580645161290322
20665	29589	586	456	0.23684210526315788
30630	1937	278	490	0.23863636363636365
10217	10927	484	1297	0.2702702702702703
23044	28280	503	256	0.2074074074074074
27223	1534	1313	535	0.5
18604	32162	447	517	0.3448275862068966
15382	24594	505	328	0.2391304347826087
8630	24800	557	365	0.4090909090909091
8093	6355	1078	426	0.32894736842105265
25935	14306	509	1334	0.24299065420560748
13848	7250	315	253	0.2462686567164179
18962	11706	259	786	0.5
10427	26287	293	540	0.2268041237113402
26772	23070	323	559	0.41935483870967744
14270	27405	536	560	0.32558139534883723
18276	20932	465	690	0.2676056338028169
23801	6923	500	906	0.42857142857142855
20825	32919	1252	177	0.28
35102	34898	995	935	0.32193732193732194
25701	14752	1326	338	0.2127659574468085
26474	32429	539	702	0.2631578947368421
30403	18761	503	491	0.375
29455	10287	252	385	0.2565789473684211
11640	26217	870	521	0.5
18901	218	356	261	0.36363636363636365
34908	21892	585	592	0.26785714285714285
30410	11289	261	274	0.31985294117647056
6443	25123	1535	414	0.6153846153846154
27400	27411	1320	1328	0.7159353348729792
26889	12378	558	546	0.2127659574468085
1903	14692	522	1319	0.3076923076923077
9081	32988	476	778	0.2647058823529412
5276	26789	540	567	0.42857142857142855
1496	21300	242	501	0.22535211267605634
16380	10909	394	490	0.2691292875989446
30927	5961	345	321	0.5849673202614379
24267	1488	401	522	0.5384615384615384
25515	33510	814	266	0.30434782608695654
12650	10576	165	254	0.6
30000	24186	538	682	0.275
15683	11482	292	493	0.36363636363636365
30944	13093	481	505	0.38095238095238093
21150	8693	862	694	0.35555555555555557
19200	4247	521	317	0.2
2024	13566	426	1338	0.24074074074074073
30223	30093	452	296	0.5625
16059	29075	556	717	0.288135593220339
15852	11591	1303	251	0.3125
30238	32782	516	525	0.23333333333333334
7284	21709	1277	738	0.35714285714285715
10437	16047	345	192	0.4
30291	4577	1588	859	0.2777777777777778
451	2118	338	259	0.23
26630	34063	545	1023	0.3448275862068966
30815	25252	779	252	0.24193548387096775
4611	27334	1279	500	0.25287356321839083
17041	7928	1305	645	0.27586206896551724
35007	1554	1310	494	0.3333333333333333
28738	31510	520	255	0.47058823529411764
3918	19199	483	595	0.4375
26109	2615	277	539	0.3448275862068966
23814	26177	468	407	0.36363636363636365
33525	28838	781	665	0.2535211267605634
28087	8130	476	358	0.2727272727272727
6791	9567	518	413	0.3069306930693069
17203	7325	495	355	0.2727272727272727
11072	24016	286	507	0.23404255319148937
27059	22271	540	1276	0.265625
9302	15929	345	165	0.2608695652173913
31627	13768	310	1514	0.26666666666666666
17334	6365	504	495	0.265625
21628	4854	287	264	0.29545454545454547
30031	32215	490	449	0.5294117647058824
16038	17039	362	587	0.23529411764705882
22442	19352	927	851	0.6647127784290738
29142	21670	540	413	0.34285714285714286
29515	16903	644	866	0.3333333333333333
18041	2342	165	302	0.4111111111111111
9176	9700	336	617	0.18269230769230768
34195	18902	263	509	0.28846153846153844
1700	14484	370	448	0.2
24304	23771	1281	475	0.28378378378378377
19085	20097	280	1290	0.3
10374	19971	503	588	0.296875
31148	28826	536	540	0.3333333333333333
19325	10121	1236	282	0.4642857142857143
8424	9602	511	493	0.2909090909090909
19158	25180	1528	249	0.21428571428571427
16862	14936	1285	192	0.27586206896551724
1835	13871	493	446	0.2076749435665914
19854	9723	469	361	0.3225806451612903
790	17001	537	518	0.583011583011583
23865	33331	466	569	0.3333333333333333
33870	26597	837	384	0.25555555555555554
31258	11167	567	551	0.23529411764705882
22558	10215	261	645	0.38461538461538464
32839	20597	536	317	0.3888888888888889
34297	24534	559	520	0.2459016393442623
24771	31801	700	516	0.28169014084507044
11083	34421	502	747	0.42105263157894735
31591	11494	383	1529	0.25675675675675674
31719	24895	327	251	0.22641509433962265
932	4243	539	277	0.37037037037037035
22437	14734	335	161	0.23529411764705882
20270	13528	1381	190	0.3
14700	9836	1328	1317	0.6801498127340824
18239	7837	520	423	0.4090909090909091
12906	23363	1332	1542	0.3573529411764706
32688	30102	549	362	0.26595744680851063
799	34348	485	1207	0.32142857142857145
14966	13273	448	394	0.2815533980582524
23826	2152	332	717	0.5
26115	6477	268	527	0.28378378378378377
21595	33254	273	389	0.17391304347826086
4403	17791	1554	292	0.25892857142857145
35045	5206	977	360	0.2549019607843137
3668	29270	1325	472	0.42857142857142855
34271	16251	178	1519	0.3125
16036	16781	525	475	0.36
11972	16062	402	220	0.3888888888888889
14964	29888	362	548	0.34782608695652173
11628	2636	470	507	0.5384615384615384
17417	18184	589	454	0.35135135135135137
5987	12452	417	265	0.2692307692307692
4172	8686	621	525	0.3148148148148148
34246	19841	569	656	0.24675324675324675
3988	13613	799	299	0.23404255319148937
14915	15986	223	630	0.18333333333333332
31279	30426	202	619	0.3333333333333333
6440	3347	518	547	0.25
20896	4787	536	871	0.23776223776223776
12872	31345	597	1366	0.27450980392156865
7628	28960	328	405	0.25
5464	31197	533	1523	0.17277486910994763
12936	6545	188	1282	0.32
14089	31931	805	482	0.46153846153846156
19658	629	852	1343	0.29411764705882354
29008	12766	807	853	0.4482758620689655
29901	32	375	529	0.4090909090909091
16498	26684	843	424	0.2926829268292683
17743	32283	317	322	0.3125
11569	21537	971	735	0.34782608695652173
33245	31672	931	292	0.32432432432432434
33698	18596	764	294	0.2903225806451613
19637	17314	1246	507	0.3939393939393939
34877	16319	367	629	0.25263157894736843
22357	18041	1498	165	0.2857142857142857
32968	20237	132	491	0.23333333333333334
28838	7305	665	398	0.3
11939	31954	473	1697	0.2033898305084746
427	20919	627	570	0.26666666666666666
33393	30835	767	564	0.3
32491	10690	1286	1505	0.22662173546756528
11717	4296	1310	516	0.1864406779661017
28312	19964	495	511	0.2926829268292683
6197	29045	345	486	0.35714285714285715
22441	11970	457	868	0.28888888888888886
12687	7124	454	408	0.4090909090909091
15191	13973	164	505	0.3548387096774194
20132	32884	534	827	0.30357142857142855
20013	20972	293	530	0.25
34760	30924	383	390	0.42857142857142855
6744	19664	495	1311	0.3793103448275862
13781	10131	629	699	0.24324324324324326
21218	10249	566	345	0.28846153846153844
12576	25967	454	875	0.48
11257	10350	580	551	0.36
10297	21343	1618	259	0.2537313432835821
33847	31049	375	515	0.21052631578947367
27322	17654	500	454	0.46153846153846156
14989	17226	365	932	0.25333333333333335
30931	19897	345	315	0.2127659574468085
24300	9501	365	520	0.35714285714285715
20069	21870	1199	509	0.3448275862068966
23195	20666	574	510	0.18421052631578946
29472	20186	423	412	0.275
27872	25791	497	520	0.25396825396825395
27336	371	338	536	0.2549019607843137
26481	3624	523	487	0.19934640522875818
26790	23174	501	1480	0.26506024096385544
9170	29942	397	416	0.2777777777777778
17970	1276	448	255	0.3333333333333333
13252	13671	424	425	0.5616113744075829
16772	19319	478	1477	0.29545454545454547
24476	1551	566	493	0.4166666666666667
21092	28016	500	486	0.5391304347826087
25061	21344	345	293	0.21982758620689655
13071	14088	454	191	0.6703296703296703
32960	28842	375	264	0.2878787878787879
17954	7001	394	578	0.24411764705882352
4877	15934	554	1506	0.22077922077922077
10513	21330	1279	1535	0.23108218063466232
31436	30793	547	1642	0.2109375
3014	25563	221	654	0.3125
31918	16373	1051	404	0.2875
18359	24577	411	495	0.3333333333333333
3887	6647	1273	1293	0.220873786407767
3677	22458	361	361	0.8781163434903048
18090	24212	484	256	0.40476190476190477
28712	18627	859	556	0.19718309859154928
7276	30922	1234	239	0.42105263157894735
8800	4848	227	522	0.2777777777777778
21269	27117	487	472	0.25
9946	9857	515	1237	0.2564102564102564
19585	13106	650	292	0.4166666666666667
5767	28721	337	255	0.2692307692307692
16071	21485	232	586	0.375
17086	34801	1224	889	0.30434782608695654
19098	1432	369	256	0.4
9205	4456	355	565	0.25
20575	23673	422	531	0.28
29218	14077	1528	316	0.3333333333333333
12067	21054	1066	534	0.225
30692	14921	182	229	0.4117647058823529
30199	23737	546	416	0.34782608695652173
21824	13040	1202	394	0.4090909090909091
16975	16735	1255	1301	0.21654501216545013
1516	9192	255	347	0.4375
7811	26920	335	501	0.35135135135135137
28005	25972	423	402	0.3548387096774194
31873	3147	262	1504	0.2727272727272727
34629	3950	528	1483	0.36363636363636365
33571	24476	1507	566	0.2328767123287671
1061	28652	544	483	0.25396825396825395
2102	33044	510	481	0.2222222222222222
21434	32244	467	1642	0.40625
18523	21872	669	486	0.26666666666666666
4398	4951	753	393	0.2647058823529412
6038	7361	1214	461	0.28
34849	10369	354	547	0.3333333333333333
33652	5749	892	373	0.20833333333333334
30700	12510	685	1321	0.37142857142857144
4789	28242	577	507	0.25333333333333335
18144	30521	451	261	0.21428571428571427
29575	9974	456	326	0.27058823529411763
21655	4785	317	496	0.34210526315789475
11906	22269	92	1538	0.5333333333333333
29756	34584	527	890	0.2653061224489796
28337	1407	1532	410	0.3409090909090909
26310	19255	557	512	0.28125
416	25555	505	320	0.2391304347826087
1236	559	449	448	0.2857142857142857
14760	21127	505	466	0.32558139534883723
27993	9862	540	1285	0.3793103448275862
16964	14607	458	362	0.47058823529411764
21405	34889	503	736	0.22807017543859648
29999	13128	455	1303	0.3088235294117647
23242	10001	285	299	0.2465753424657534
12376	9717	403	421	0.275
13509	20216	135	425	0.375
11900	6612	361	542	0.6363636363636364
1718	34958	312	748	0.4074074074074074
2585	8344	484	1542	0.3
22840	4539	256	559	0.29333333333333333
21460	20665	354	586	0.2375
15080	13684	328	496	0.2903225806451613
13218	19852	448	415	0.5
10701	27805	263	283	0.6
17765	15268	332	192	0.2916666666666667
14236	23287	394	1524	0.22950819672131148
1788	8998	260	476	0.20634920634920634
28812	8068	555	365	0.3157894736842105
24583	1666	657	360	0.1836734693877551
29094	13669	430	448	0.3181818181818182
24930	3225	424	521	0.22641509433962265
29282	28740	293	484	0.26
26160	13017	256	220	0.2669902912621359
13476	24936	192	490	0.5187165775401069
8169	6085	488	521	0.28169014084507044
11475	33207	376	780	0.3333333333333333
33849	7975	533	602	0.37037037037037035
10674	13738	513	362	0.45
7887	32054	374	437	0.47058823529411764
23487	20767	489	1287	0.47368421052631576
27205	12516	1347	365	0.22123893805309736
13784	5950	529	343	0.34375
33220	23583	1021	348	0.2358490566037736
31324	16730	1544	1283	0.34945054945054943
33340	7339	358	815	0.2777777777777778
29946	1058	561	736	0.32608695652173914
475	24905	162	511	0.46153846153846156
27526	26234	1297	549	0.23943661971830985
6557	23244	255	1208	0.5833333333333334
23618	20314	550	404	0.3269230769230769
4279	28452	547	508	0.2631578947368421
19706	15031	856	365	0.2247191011235955
5534	25538	340	557	0.34210526315789475
30891	1038	544	405	0.3020833333333333
18003	21185	292	569	1.0
2973	9223	504	568	0.4090909090909091
16318	11623	425	506	0.6666666666666666
607	8385	291	516	0.36363636363636365
33988	10207	370	1524	0.18888888888888888
9189	30789	421	1325	0.3333333333333333
2555	4009	411	655	0.4444444444444444
13751	19207	521	482	0.5
24359	27189	613	869	0.26666666666666666
10320	27475	551	489	0.32142857142857145
11299	11445	599	510	0.42857142857142855
33986	9920	595	274	0.32142857142857145
11902	23925	796	597	0.2
7169	10641	1339	247	0.7777777777777778
1964	32607	340	277	0.26811594202898553
13374	20058	396	572	0.2318840579710145
26453	24456	376	340	0.6153846153846154
17378	21041	255	1320	0.42857142857142855
1866	1692	1325	255	0.3023255813953488
21730	1867	361	259	0.45
30834	2242	563	292	0.38095238095238093
9459	26716	1334	240	0.3333333333333333
3047	24709	1300	528	0.7777777777777778
34419	11124	1101	564	0.24561403508771928
10365	6561	261	457	0.34782608695652173
979	22850	255	1501	0.2898550724637681
14594	6037	451	256	0.47368421052631576
27517	4346	350	410	0.375
7366	31174	252	348	0.375
30437	27202	516	569	0.34615384615384615
28863	8808	742	359	0.23170731707317074
47	20409	442	334	0.47619047619047616
31211	30768	555	521	0.3225806451612903
16833	8401	503	1350	0.27450980392156865
21160	23958	1321	1242	0.2330335241210139
6317	31312	434	221	0.2631578947368421
32296	12863	279	525	0.37037037037037035
8246	14372	530	192	0.2631578947368421
33733	8507	178	417	0.4
9345	14781	376	365	0.40476190476190477
5386	6212	222	535	0.43478260869565216
26465	18500	474	238	0.375
6896	16369	626	332	0.20987654320987653
14825	16427	328	218	0.2465753424657534
12099	19733	1531	1241	0.24070021881838075
21536	30287	545	317	0.36363636363636365
34073	33875	765	366	0.35
17480	8631	448	514	0.22666666666666666
21492	27657	253	1327	0.45454545454545453
24560	9517	508	374	0.16
2242	25233	292	261	0.1857707509881423
3146	12969	276	447	0.3333333333333333
11938	938	395	261	0.2558139534883721
9368	2235	533	501	0.24742268041237114
15586	10609	484	252	0.4074074074074074
26002	21137	248	512	0.2558139534883721
767	31508	345	529	0.25925925925925924
31709	22537	339	1325	0.2982456140350877
12304	26585	1529	227	0.2982456140350877
29629	14079	260	362	0.5555555555555556
29700	17223	527	1190	0.23300970873786409
28826	7721	540	542	0.6064638783269962
18304	33717	296	533	0.75
22108	22102	1230	450	0.3113207547169811
12210	16730	219	1283	0.46153846153846156
22346	31939	255	649	0.23417721518987342
29905	6324	517	908	0.25925925925925924
22437	34017	335	371	0.30434782608695654
17227	4136	1178	1541	0.17391304347826086
23948	27952	585	398	0.21897810218978103
1665	8272	341	494	0.2857142857142857
6198	14884	898	292	0.23404255319148937
29978	7283	297	627	0.47058823529411764
7882	19379	452	759	0.42857142857142855
8277	22781	255	507	0.38095238095238093
20121	29659	1324	516	0.1875
28584	5437	366	494	0.2222222222222222
33077	11967	783	413	0.22807017543859648
26054	33482	736	940	0.23870967741935484
12771	9287	448	512	0.2976190476190476
14539	1095	332	346	0.4
13020	23195	331	574	0.625
34444	9946	1120	515	0.22058823529411764
34770	34409	298	178	0.2777777777777778
3079	34940	690	693	0.25
23767	15101	323	365	0.4375
34791	10928	1053	1325	0.2711864406779661
24541	10403	276	499	0.24444444444444444
6562	10855	341	435	0.5486111111111112
14828	9964	528	1275	0.4117647058823529
27788	13251	377	175	0.7142857142857143
18246	3205	469	343	0.2692307692307692
26271	19431	658	448	0.32558139534883723
25544	34193	1825	264	0.22935779816513763
27607	31230	649	535	0.1956521739130435
30671	21097	666	876	0.2571428571428571
8920	19660	856	585	0.42857142857142855
23	4906	545	504	0.3
16471	20421	331	1306	0.32432432432432434
13680	4378	373	453	0.4444444444444444
3881	26894	547	584	0.3137254901960784
9194	9423	509	1290	0.21621621621621623
31518	10502	511	298	0.21
15890	25640	286	570	0.24691358024691357
10449	27460	258	524	0.32
25624	12672	631	165	0.2894736842105263
16290	22964	205	555	0.3333333333333333
4622	14831	510	232	0.4666666666666667
18102	9203	1304	463	0.2777777777777778
26308	8091	848	495	0.32432432432432434
9951	13489	475	448	0.26666666666666666
29057	9332	837	541	0.23529411764705882
18053	21461	311	591	0.21428571428571427
705	7686	556	400	0.38095238095238093
34119	20392	790	385	0.2714285714285714
34356	6724	561	685	0.35714285714285715
30874	15216	260	1333	0.3541666666666667
28722	19583	465	1268	0.3
8183	29777	1524	224	0.3
10071	4613	286	556	0.3170731707317073
22372	17832	456	1276	0.27710843373493976
2685	25002	349	693	0.35
16741	7394	246	536	0.22772277227722773
30574	27912	230	466	0.29411764705882354
11039	31935	254	1691	0.3191489361702128
19077	14721	1241	1507	0.3854700854700855
34264	6753	264	512	0.3888888888888889
5804	23760	356	759	0.24444444444444444
15813	32409	795	530	0.2608695652173913
28342	27634	335	469	0.25263157894736843
3712	6893	392	514	0.8333333333333334
18363	18079	259	365	0.2441860465116279
16493	33280	1326	1088	0.2777777777777778
21550	27501	483	326	0.2911392405063291
16465	23374	192	1288	0.2463768115942029
5445	847	583	323	0.375
6627	31820	317	756	0.25
15908	32438	546	670	0.6363636363636364
14508	28427	394	407	0.4375
17416	6813	483	1324	0.30434782608695654
31972	24629	511	618	0.2727272727272727
34011	25073	266	512	0.3225806451612903
2759	7064	323	597	0.2702702702702703
6460	6220	455	376	0.4090909090909091
7698	15637	550	362	0.2602739726027397
23638	27645	440	504	0.35714285714285715
25804	2612	444	479	0.34375
22760	28851	463	489	0.46153846153846156
30195	34259	291	976	0.2413793103448276
2442	26128	292	547	0.75
28298	1680	1330	512	0.2545454545454545
14158	11844	232	570	0.2318840579710145
1582	21558	522	429	0.2708333333333333
6475	19154	1278	392	0.25
27010	1859	817	619	0.5
29925	16614	552	408	0.4090909090909091
23500	22547	556	706	0.38636363636363635
23093	16298	288	293	0.6900369003690037
18129	29229	1507	312	0.225
3132	21267	475	621	0.34518828451882844
30028	17247	1545	852	0.3269230769230769
10524	13721	378	853	0.2926829268292683
21094	26300	1200	1348	0.7191521574564723
22841	11275	562	1554	0.25
32757	5824	252	509	0.2857142857142857
21873	23055	845	532	0.3695652173913043
14914	20744	292	491	0.2
20043	6638	868	464	0.38461538461538464
5926	26611	352	165	0.21621621621621623
20507	32584	469	262	0.23404255319148937
12202	25080	500	327	0.28
13248	17346	504	451	0.34615384615384615
31813	22976	428	1321	0.2727272727272727
22085	28689	513	348	0.2413793103448276
23688	10434	546	329	0.5
11045	21152	1325	446	0.2962962962962963
1043	7305	824	398	0.27835051546391754
12438	20350	1272	334	0.23484848484848486
33169	19412	821	561	0.4146341463414634
11659	26081	546	508	0.2328767123287671
4976	13016	510	365	0.3333333333333333
6118	5933	517	667	0.2727272727272727
26518	17260	374	566	0.25925925925925924
9552	22292	1280	1276	0.23026851098454026
34919	23186	189	1285	0.45
26001	8718	255	266	0.325
25247	6791	515	518	0.35714285714285715
19261	5387	354	494	0.47058823529411764
21222	14734	334	161	0.3076923076923077
29002	2672	516	503	0.25256673511293637
16115	10158	292	509	0.2711864406779661
17942	1727	555	502	0.3055555555555556
32407	14710	325	292	0.21052631578947367
14350	16079	1272	165	0.2765957446808511
14800	28859	525	492	0.38461538461538464
14153	9527	293	525	0.34375
813	19450	494	1244	0.2692307692307692
15969	1361	453	344	0.2
31671	28767	326	570	0.5833333333333334
27166	12598	894	194	0.24427480916030533
27022	12193	421	421	0.26785714285714285
33985	26189	907	523	0.25
25369	17137	600	515	0.3333333333333333
23853	17272	505	1119	0.2727272727272727
28266	24263	255	323	0.38235294117647056
23888	15381	809	232	0.42857142857142855
20981	23401	298	1288	0.26865671641791045
5048	8814	1288	1267	0.58671875
21080	16180	469	290	0.26666666666666666
8438	6332	369	643	0.30303030303030304
33256	31177	340	423	0.23636363636363636
35085	20544	157	1310	0.28125
6868	14930	290	505	0.2265625
22828	14677	405	503	0.5
30493	17637	1262	1509	0.3555888972243061
3486	30162	513	896	0.25
28696	32580	503	397	0.5
28585	4237	1274	536	0.3333333333333333
11229	1449	487	568	0.30434782608695654
29390	3771	712	599	0.28125
22780	31236	262	255	0.23076923076923078
9691	4179	1524	1325	0.24236037934668073
23226	4286	1518	297	0.3333333333333333
18093	16515	192	1331	0.1875
1807	32165	1221	511	0.22916666666666666
28234	8739	344	1286	0.4
25968	14103	851	396	0.2268041237113402
29629	20304	260	507	0.4666666666666667
19966	21661	549	321	0.2777777777777778
15241	33289	394	265	0.37142857142857144
26682	9452	322	415	0.6024844720496895
20608	444	1472	340	0.22448979591836735
3471	23484	522	1043	0.35135135135135137
7843	4653	352	559	0.3
4169	34719	484	907	0.2830188679245283
27112	10564	343	544	0.2571428571428571
12754	16305	804	191	0.2826086956521739
11753	11877	542	269	0.2777777777777778
1932	32438	638	670	0.2631578947368421
7831	21744	512	1253	0.2765957446808511
5839	6170	559	839	0.32
26447	25391	528	1570	0.21568627450980393
26710	24988	397	492	0.21052631578947367
31090	9077	512	345	0.2647058823529412
22498	11992	656	890	0.34285714285714286
6282	20394	380	349	0.7329376854599406
23275	11626	480	1172	0.24615384615384617
28204	16515	446	1331	0.5714285714285714
32747	5946	359	420	0.22758620689655173
12095	17072	1527	1417	0.43451981195433176
26307	13146	499	292	0.2608695652173913
14853	23016	483	555	0.2553191489361702
5345	22263	252	1560	0.4090909090909091
29604	6162	456	474	0.2088607594936709
34332	16893	777	430	0.2625
1336	3991	334	375	0.3103448275862069
3876	24454	269	413	0.3333333333333333
6258	11043	396	1543	0.2916666666666667
113	34676	440	576	0.6
824	305	508	535	0.25
21421	25215	365	1151	0.391304347826087
20071	1812	711	373	0.3
24565	4547	647	564	0.28888888888888886
11297	12352	547	749	0.3392857142857143
32650	11913	551	468	0.28205128205128205
35075	14311	612	286	0.5
22626	6354	529	385	0.26153846153846155
10136	24521	516	539	0.22580645161290322
11595	28881	204	1063	0.2653061224489796
11632	33248	552	713	0.3055555555555556
9755	29170	509	415	0.24390243902439024
1988	2541	407	552	0.212406015037594
7882	20425	452	357	0.21875
19099	7063	1509	302	0.2777777777777778
22875	11823	1317	1252	0.6794071762870515
33979	10969	266	1162	0.28205128205128205
6535	32614	626	330	0.23577235772357724
12658	10174	362	413	0.22058823529411764
22111	29797	1232	390	0.37209302325581395
25483	29355	1142	276	0.2653061224489796
7627	4290	541	444	0.3488372093023256
22173	16136	305	797	0.375
23966	9265	1208	449	0.32142857142857145
15692	32162	521	517	0.625
12343	26495	417	520	0.2777777777777778
2725	23482	922	1490	0.3333333333333333
3841	31485	916	520	0.22950819672131148
6473	34068	284	374	0.4666666666666667
5960	21007	844	657	0.296875
34559	34860	772	283	0.6666666666666666
34188	25833	313	1253	0.3
13168	18517	521	691	0.4180327868852459
20992	8878	412	1463	0.3902439024390244
29353	12978	546	505	0.24
19199	27939	595	552	0.2571428571428571
26492	28517	365	468	0.8571428571428571
24711	5399	1226	478	0.24561403508771928
32143	1561	300	720	0.375
32193	6836	553	509	0.25
21070	31726	499	219	0.25
25480	20047	465	1295	0.2692307692307692
32611	18821	373	874	0.75
3612	34573	542	527	0.3157894736842105
2728	12325	494	447	0.234375
5844	20127	560	372	0.4444444444444444
11361	20555	1484	1251	0.3345836459114779
3142	35015	356	455	0.3111111111111111
1832	3093	1342	548	0.25806451612903225
19853	25224	347	395	0.2413793103448276
12336	23053	643	292	0.30303030303030304
3436	28429	381	253	0.4444444444444444
33316	34339	773	217	0.34375
11684	33341	370	1171	0.2605042016806723
24302	2930	1305	319	0.3333333333333333
14057	6465	521	1319	0.32558139534883723
29965	12170	502	1209	0.2604166666666667
14520	20991	1333	277	0.3333333333333333
4781	13343	405	556	0.34375
32458	13548	512	220	0.22580645161290322
1021	2964	259	498	0.3076923076923077
25001	13502	325	331	0.38461538461538464
7623	19034	567	356	0.3333333333333333
310	15754	223	451	0.28846153846153844
21676	11603	505	310	0.25
25553	14966	296	448	0.21428571428571427
24365	26342	470	475	0.23880597014925373
2933	10218	483	263	0.42857142857142855
9284	16133	511	505	0.2289156626506024
16920	27711	569	221	0.4444444444444444
20299	13426	468	165	0.21666666666666667
17866	26817	533	585	0.6819012797074955
670	27255	337	555	0.3695652173913043
27108	24715	479	547	0.22
18224	12418	524	502	0.3181818181818182
31995	16608	654	1525	0.2161290322580645
683	25917	1179	400	0.2641509433962264
2739	29434	432	211	0.4642857142857143
8446	14612	324	448	0.25
4621	7496	458	403	0.4604904632152589
7554	10415	337	545	0.37037037037037035
32016	4358	356	860	0.38095238095238093
12016	21455	508	309	0.3181818181818182
10968	16809	509	402	0.2346368715083799
26096	18665	534	904	0.4642857142857143
18772	18658	501	357	0.36363636363636365
17137	7110	515	488	0.625
7825	25880	407	1256	0.29577464788732394
13246	5669	301	260	0.38235294117647056
32634	13158	366	362	0.8431372549019608
8330	33962	520	765	0.24528301886792453
2339	30733	915	453	0.4444444444444444
31379	7165	246	1198	0.24324324324324326
7301	14984	419	222	0.4375
2492	25432	465	535	0.27450980392156865
12089	5479	291	619	0.21428571428571427
4417	15843	255	215	0.24324324324324326
28570	24307	325	365	0.21621621621621623
28711	9355	260	361	0.7272727272727273
28968	2690	383	547	0.9222797927461139
33005	12384	894	522	0.35294117647058826
13790	20835	505	455	0.2571428571428571
2867	931	491	544	0.2631578947368421
10008	22370	582	320	0.3793103448275862
16436	11503	280	507	0.6363636363636364
22945	30279	330	509	0.27956989247311825
13149	3698	164	519	0.7142857142857143
25645	24905	1328	511	0.3333333333333333
10033	19123	1325	293	0.19008264462809918
33134	4171	366	334	0.2857142857142857
14761	12056	453	452	0.375
12736	22012	853	1270	0.35294117647058826
28761	1658	427	519	0.42105263157894735
28870	4547	607	564	0.25
16107	34639	292	847	0.2857142857142857
18861	10557	293	482	0.4166666666666667
9395	20811	543	524	0.2727272727272727
3716	7298	318	553	0.288135593220339
4268	26864	206	410	0.3191489361702128
33950	35014	481	112	0.23076923076923078
1144	11135	542	522	0.6060606060606061
21080	24272	469	244	0.3
2518	9403	546	543	0.3333333333333333
6802	15313	509	165	0.5454545454545454
386	24983	448	500	0.20382165605095542
224	3828	300	550	0.3888888888888889
25396	7840	413	583	0.25925925925925924
14714	2306	505	324	0.375
4844	1297	524	536	0.34210526315789475
31223	25300	551	254	0.37037037037037035
18511	25347	487	1327	0.29411764705882354
29469	15575	933	1508	0.2807017543859649
32149	16386	499	458	0.21333333333333335
22619	29817	705	270	0.5454545454545454
31400	10036	1325	1328	0.6321928460342147
29767	23601	399	738	0.5757575757575758
14669	9463	787	811	0.677762982689747
18799	11426	656	221	0.36363636363636365
25457	16856	365	377	0.5903954802259888
10506	24122	369	775	0.34782608695652173
1372	28294	562	401	0.42105263157894735
19651	9436	1270	510	0.21428571428571427
2788	30142	433	481	0.2911392405063291
26894	14875	584	232	0.3333333333333333
26360	8193	1281	1330	0.2421812349639134
23130	13638	1275	301	0.3235294117647059
26594	27599	573	1325	0.2631578947368421
27376	30184	255	1641	0.2537313432835821
29642	29090	630	375	0.5
25456	30377	335	516	0.4444444444444444
23826	22138	332	357	0.264
21365	26141	258	522	0.38461538461538464
8723	34729	480	275	0.5
13494	16122	784	192	0.26666666666666666
14218	12515	265	502	0.23076923076923078
12753	23816	365	570	0.3018867924528302
30367	26752	1279	1529	0.2619047619047619
24563	20112	582	359	0.2786885245901639
13992	25744	1333	560	0.42857142857142855
9262	30817	315	557	0.7272727272727273
7120	29643	516	503	0.6666666666666666
3334	13068	411	320	0.25
14232	22130	318	403	0.4666666666666667
10270	25184	252	260	0.5490196078431373
33914	28297	970	415	0.3448275862068966
11817	29031	1280	807	0.55
1562	13530	725	191	0.35714285714285715
25294	11294	245	261	0.7368421052631579
17912	10214	502	292	0.29411764705882354
26337	12963	256	165	0.4166666666666667
9875	26954	693	665	0.3235294117647059
20741	30708	665	534	0.2702702702702703
16102	8556	556	550	0.5977443609022557
31895	20723	599	499	0.27419354838709675
34772	2313	300	825	0.3076923076923077
6361	4283	365	292	0.32
5619	1406	499	341	0.1527777777777778
568	3457	442	174	0.38028169014084506
21725	5894	655	542	0.5
20532	23376	1237	959	0.20952380952380953
13304	9869	478	1248	0.24390243902439024
13959	20156	190	244	0.24390243902439024
4326	23785	443	747	0.2777777777777778
20676	29269	512	624	0.2545454545454545
31135	22191	277	704	0.2682926829268293
11483	18988	570	384	0.2602739726027397
19873	6651	327	334	0.2894736842105263
10473	9962	524	635	0.23809523809523808
10699	27209	293	540	0.3103448275862069
7762	34885	583	363	0.23809523809523808
26848	10373	495	1527	0.3
30773	18430	1277	338	0.4166666666666667
16344	7429	1332	654	0.2765957446808511
9610	29157	1318	427	0.28125
6361	2580	365	921	0.34782608695652173
8886	24965	610	416	0.45454545454545453
30986	24862	682	365	0.3548387096774194
31252	11171	475	538	0.25
1307	23749	440	396	0.3181818181818182
28897	11916	546	1230	0.29310344827586204
29316	1301	571	450	0.2564102564102564
32228	22533	528	261	0.3
22267	5571	513	1185	0.2647058823529412
24246	4514	220	256	0.235
11615	8843	321	277	0.3013698630136986
19667	25796	1282	542	0.22727272727272727
9796	7272	530	1262	0.22580645161290322
12919	21017	362	923	0.4090909090909091
19159	5444	476	876	0.2692307692307692
23246	32423	1118	637	0.3
1045	27376	824	255	0.3076923076923077
11079	23934	1535	1237	0.33651026392961875
16561	12584	623	237	0.3888888888888889
33647	18366	693	381	0.2777777777777778
34107	1536	283	536	0.4375
32087	20877	543	222	0.4117647058823529
10936	3408	312	504	0.21052631578947367
15650	20095	1332	528	0.22302158273381295
17243	29421	489	544	0.23529411764705882
28373	22119	805	574	0.2916666666666667
2651	17880	736	190	0.2903225806451613
30021	5258	233	743	0.36666666666666664
21818	2056	372	474	0.3157894736842105
8562	699	668	440	0.5
1259	19838	541	520	0.2692307692307692
24947	13083	492	232	0.23404255319148937
30809	24904	479	396	0.36363636363636365
25453	2358	496	921	0.3888888888888889
17713	24585	190	492	0.3157894736842105
21996	24038	478	524	0.3684210526315789
33592	27820	598	550	0.2549019607843137
26685	22421	329	508	0.2857142857142857
8673	22691	342	1509	0.24
17143	12642	475	505	0.391304347826087
32035	18457	398	234	0.26666666666666666
17476	5459	540	222	0.2777777777777778
29482	5557	515	507	0.23076923076923078
20880	33344	351	283	0.3076923076923077
7439	1507	1554	410	0.3548387096774194
8423	7015	512	431	0.28440366972477066
15922	4876	448	349	0.5333333333333333
11606	24470	540	258	0.4
4257	10092	358	1293	0.2631578947368421
15528	5726	1267	1447	0.3573743922204214
4942	632	557	475	0.28
881	22356	515	894	0.2631578947368421
4612	10239	393	343	0.35294117647058826
30196	21685	476	841	0.24285714285714285
6935	7993	1230	1280	0.22298456260720412
3680	9090	508	639	0.3333333333333333
13075	5318	448	570	0.4375
12161	6009	220	339	0.28125
6002	251	519	259	0.4166666666666667
28375	15274	262	1279	0.2336448598130841
13776	3276	300	500	0.2727272727272727
5204	25355	858	474	0.3939393939393939
20998	34690	328	820	0.2857142857142857
12624	31198	365	868	0.28125
12930	32460	394	528	0.22340425531914893
12193	30750	421	412	0.2597402597402597
18878	4015	1210	543	0.2077922077922078
29000	12119	992	139	0.38461538461538464
33265	413	320	536	0.4
5213	11524	560	868	0.3018867924528302
12957	17253	505	868	0.28205128205128205
9430	12408	507	505	0.2765957446808511
8127	4966	696	363	0.36666666666666664
12333	12258	276	347	0.25
21063	14923	294	1333	0.3448275862068966
10644	25864	567	496	0.5882352941176471
19445	27019	863	323	0.3157894736842105
33204	18704	1048	643	0.3157894736842105
14303	27952	161	398	0.4166666666666667
16446	22594	804	470	0.5625
15779	34770	220	298	0.22666666666666666
457	16493	259	1326	0.29508196721311475
18445	10568	536	256	0.25833333333333336
4237	4038	536	465	0.30952380952380953
4114	32369	599	278	0.2857142857142857
22559	3958	261	765	0.24691358024691357
28186	5239	958	825	0.35294117647058826
29224	786	509	530	0.20555555555555555
5782	20866	1324	1316	0.7956909361069836
23689	4317	440	517	0.2535211267605634
17199	20910	495	501	0.36475409836065575
29542	23469	244	322	0.391304347826087
31486	24277	496	190	0.5263157894736842
32748	19676	399	513	0.2571428571428571
32052	20543	373	1283	0.24242424242424243
12470	14949	299	505	0.3333333333333333
11177	2798	256	909	0.273972602739726
23127	26852	474	410	0.18181818181818182
30470	30254	736	494	0.2857142857142857
21257	26426	541	320	0.4
30384	30434	1642	317	0.4117647058823529
29633	10006	528	849	0.375
9311	25268	1275	253	0.3333333333333333
27498	1604	574	792	0.23170731707317074
9137	20756	576	1241	0.3142857142857143
24999	9790	678	435	0.3783783783783784
26176	23967	511	506	0.5
914	28467	524	508	0.252
11323	9898	265	298	0.3333333333333333
12052	14220	444	627	0.2564102564102564
6215	1074	465	637	0.23529411764705882
25643	30951	511	519	0.24714828897338403
9823	17753	353	536	0.3103448275862069
22106	12960	399	1309	0.2727272727272727
1420	32592	522	868	0.38095238095238093
25705	10375	590	516	0.20930232558139536
19891	18197	455	1509	0.22727272727272727
14925	12448	532	210	0.25
31885	32711	262	526	0.2608695652173913
28367	28515	306	505	0.2692307692307692
10474	31938	1071	398	0.36666666666666664
3916	23158	567	359	0.3333333333333333
6947	4384	286	858	0.3333333333333333
21186	31241	431	509	0.3409090909090909
18960	9271	487	555	0.2608695652173913
15410	33997	1295	776	0.25806451612903225
32389	14182	690	295	0.25
27285	32145	532	348	0.625
849	20185	323	428	0.35294117647058826
10394	22189	858	545	0.22377622377622378
20356	28114	623	569	0.2549019607843137
7985	8482	516	1222	0.22580645161290322
34710	18474	774	444	0.44
22354	24468	289	526	0.23809523809523808
8397	24219	409	532	0.30434782608695654
31032	4136	566	1541	0.3142857142857143
1160	29299	261	925	0.2823529411764706
24248	27328	332	533	0.37037037037037035
16129	13726	507	301	0.23529411764705882
21377	15298	526	1508	0.22857142857142856
20482	31207	508	249	0.2765957446808511
18384	22331	520	261	0.44
21696	12738	501	1509	0.3170731707317073
8331	21091	545	1517	0.32
15002	15533	505	365	0.2608695652173913
16324	32020	331	359	0.35294117647058826
30785	1271	516	255	0.45454545454545453
20542	33486	1289	816	0.2109375
6264	25175	1499	234	0.24
9722	21079	252	854	0.26229508196721313
5328	34683	321	523	0.4666666666666667
32174	30322	529	497	0.19144602851323828
17433	4386	620	1340	0.2631578947368421
29457	25531	281	603	0.22580645161290322
12660	18101	556	218	0.2830188679245283
9377	23840	377	1320	0.36363636363636365
3868	31047	487	626	0.7981308411214953
16160	14636	292	505	0.2375
200	21444	649	360	0.3684210526315789
23341	31624	557	453	0.29411764705882354
9576	17875	484	271	0.2564102564102564
20973	31765	684	495	0.2962962962962963
20589	13111	1265	394	0.3023255813953488
12333	7888	276	1325	0.2978723404255319
19373	3969	295	621	0.4375
12775	34308	292	518	0.2962962962962963
33038	18511	595	487	0.2786885245901639
16267	24642	519	551	0.47619047619047616
27721	715	555	528	0.2676056338028169
19541	17104	1327	293	0.24242424242424243
13385	9441	365	1537	0.24074074074074073
19405	1656	1211	345	0.2857142857142857
1888	27618	412	1324	0.2235294117647059
5158	24158	434	671	0.23076923076923078
30470	9674	736	619	0.2619047619047619
29273	25036	703	522	0.4
10287	29107	385	534	0.3157894736842105
20584	7061	654	529	0.46153846153846156
17927	29880	293	1323	0.2558139534883721
18084	12961	505	192	0.2127659574468085
29709	18662	538	455	0.26666666666666666
10675	8423	617	512	0.24444444444444444
21155	1111	523	657	0.358974358974359
8120	3435	491	794	0.2857142857142857
21399	31267	1242	1001	0.375
24171	9289	1473	845	0.25333333333333335
20661	24577	504	495	0.35135135135135137
1668	28459	661	485	0.32
21226	25921	473	539	0.2903225806451613
11665	21404	204	735	0.3105263157894737
2263	18540	507	542	0.2647058823529412
21234	2580	440	921	0.2857142857142857
33535	3660	797	252	0.5
8642	32550	336	906	0.2777777777777778
4186	4449	516	1440	0.42105263157894735
9169	9933	500	1246	0.2231404958677686
6701	34260	823	373	0.28
10707	15401	1525	165	0.2619047619047619
6020	23613	516	496	0.24703557312252963
23401	22161	1288	1314	0.7437106918238994
5318	27042	570	258	0.36363636363636365
22516	4559	598	506	0.24
32273	26251	416	850	0.29850746268656714
4073	34385	1219	575	0.2033898305084746
27286	25951	853	405	0.21875
10157	5863	927	558	0.2923076923076923
13582	29392	232	304	0.38235294117647056
10424	7552	228	614	0.3225806451612903
17088	14902	588	451	0.3684210526315789
15680	3703	298	277	0.3103448275862069
1587	3439	536	326	0.25806451612903225
14779	31371	223	290	0.36363636363636365
2778	2764	359	235	0.2608695652173913
14352	15247	1307	299	0.21212121212121213
32806	20936	530	539	0.296875
21164	25396	494	413	0.2631578947368421
25939	1261	884	527	0.4
33439	18981	1030	609	0.42857142857142855
32258	1540	441	332	0.275
27193	4453	845	429	0.4166666666666667
2629	13115	232	448	0.4
2359	13686	222	301	0.36363636363636365
15040	32208	1323	315	0.3225806451612903
468	22897	220	349	0.5
5283	24124	713	458	0.2631578947368421
33367	10759	1020	548	0.34375
26029	13944	325	539	0.22033898305084745
9978	481	1336	535	0.32432432432432434
18442	17409	255	681	0.5714285714285714
24530	33481	441	1020	0.3409090909090909
25455	10476	558	1279	0.4074074074074074
13211	16795	1508	312	0.22916666666666666
21920	12830	421	218	0.375
21434	17061	467	816	0.25
25731	7809	459	532	0.36363636363636365
18702	29599	674	456	0.26785714285714285
1888	29199	412	417	0.32
33541	26587	703	371	0.36231884057971014
13408	12113	293	1540	0.25287356321839083
7385	2730	1324	963	0.3
25392	6994	402	1280	0.1896551724137931
13473	13116	232	521	0.375
19569	14047	695	301	0.47058823529411764
19881	23654	1240	172	0.3333333333333333
30394	3563	1468	877	0.3611111111111111
15060	16536	1274	1333	0.24561403508771928
14208	33495	244	1450	0.3333333333333333
1560	20309	261	130	0.5
810	14183	468	411	0.30434782608695654
11856	21884	373	427	0.35
13523	32741	292	1349	0.3548387096774194
25465	21453	408	346	0.2857142857142857
30007	25608	547	1264	0.3188405797101449
10830	32222	499	722	0.27586206896551724
31468	18700	299	1208	0.39285714285714285
16286	5090	1285	340	0.36363636363636365
7029	17	274	554	0.2702702702702703
2044	3278	254	503	0.26804123711340205
734	17972	516	629	0.2261904761904762
0	19886	261	406	0.3
29167	24996	665	1551	0.24028268551236748
10452	6372	349	545	0.5833333333333334
3508	24120	1631	463	0.4411764705882353
14110	12503	1286	448	0.2903225806451613
27732	24433	347	472	0.4090909090909091
4987	18348	1275	514	0.26582278481012656
27360	1467	571	341	0.47058823529411764
19494	2293	1325	1612	0.36336779911373707
7869	19795	1306	539	0.2702702702702703
9295	17217	1305	498	0.3333333333333333
29945	13412	680	190	0.35294117647058826
7885	1990	515	255	0.5555555555555556
31228	11441	1278	1340	0.2454242928452579
940	7378	535	1191	0.3404255319148936
5642	15388	1612	365	0.4
29834	17900	454	293	0.25862068965517243
17699	1478	332	695	0.22727272727272727
31439	4147	513	410	0.38461538461538464
10046	14121	388	190	0.21875
4270	26053	545	334	0.25510204081632654
24734	1959	475	604	0.47058823529411764
2435	32599	809	536	0.26785714285714285
28343	30520	637	289	0.2857142857142857
27028	11470	261	418	0.25
869	2885	469	261	0.21875
4129	18404	555	765	0.25
18452	31402	485	149	0.29411764705882354
13284	17516	411	292	0.27058823529411763
1599	17823	504	448	0.2441860465116279
12325	15389	447	263	0.3333333333333333
29359	127	255	1287	0.5
2891	28530	433	458	0.21621621621621623
32016	15172	356	192	0.36363636363636365
3099	18777	735	293	0.2688679245283019
23857	5794	526	836	0.27692307692307694
24071	29901	1276	375	0.6
30964	10741	378	545	0.38461538461538464
24462	24331	253	558	0.3157894736842105
9548	21018	881	210	0.23809523809523808
22727	26673	527	255	0.21666666666666667
11400	26331	238	259	0.3157894736842105
24386	30637	269	259	0.6008064516129032
22769	19165	541	433	0.35294117647058826
9675	32408	549	318	0.22093023255813954
26727	23614	454	516	0.27860696517412936
28292	5665	413	333	0.2
16593	9020	317	1473	0.23684210526315788
21810	23505	498	581	0.2558139534883721
30576	29541	469	528	0.30434782608695654
10766	2802	554	348	0.5555555555555556
22508	33184	356	490	0.34
9506	22390	539	655	0.42857142857142855
10448	9143	317	710	0.3137254901960784
13488	25975	293	677	0.2857142857142857
5357	27458	661	459	0.4166666666666667
7332	32858	1245	267	0.25287356321839083
2751	34050	323	264	0.2558139534883721
6803	264	461	132	0.3333333333333333
16693	10793	513	437	0.43478260869565216
14862	21947	425	568	0.7777777777777778
32058	7662	530	919	0.34210526315789475
21331	24466	516	1474	0.3684210526315789
25884	34283	318	1170	0.2857142857142857
25742	14357	336	418	0.5714285714285714
23011	26738	415	1325	0.3181818181818182
6974	14798	1254	505	0.28735632183908044
29730	10204	536	266	0.22988505747126436
12342	39	918	1907	0.2535211267605634
33063	7064	1081	597	0.27710843373493976
32453	9460	655	811	0.3142857142857143
4732	20090	348	271	0.22093023255813954
15848	26615	299	1332	0.23809523809523808
19848	13713	564	502	0.2631578947368421
6329	12517	520	1508	0.16666666666666666
1540	1062	332	509	0.38461538461538464
2038	19384	256	371	0.45454545454545453
7934	13571	533	394	0.20485175202156333
12170	4675	1209	405	0.25
4392	16609	1510	521	0.22784810126582278
29661	7795	349	362	0.35714285714285715
27650	23430	258	291	0.2961165048543689
26411	692	321	448	0.5454545454545454
19674	22489	331	1305	0.25
25411	24570	274	1217	0.31666666666666665
13660	19908	220	340	0.6164383561643836
28083	31355	464	514	0.3369330453563715
2744	32200	512	501	0.30434782608695654
2065	32767	569	418	0.22727272727272727
20947	23035	501	1245	0.2894736842105263
2034	16762	317	348	0.36666666666666664
31037	25149	515	434	0.3181818181818182
6422	27702	487	488	0.20987654320987653
23006	32132	498	319	0.2236842105263158
1790	24901	254	1179	0.2549019607843137
2534	31945	221	571	0.2875
5690	31121	1435	470	0.5555555555555556
16525	6032	164	510	0.34285714285714286
5437	16081	494	1303	0.25806451612903225
6160	29798	260	538	0.1958762886597938
24893	22110	502	1196	0.26666666666666666
15818	30754	376	1312	0.2537313432835821
2250	21159	523	261	0.5454545454545454
20303	29569	333	456	0.26666666666666666
14192	26909	441	216	0.275
6222	674	627	509	0.25
8413	1850	554	362	0.28
33180	29126	780	628	0.3048780487804878
4528	32903	557	236	0.20588235294117646
11877	30354	269	854	0.4090909090909091
18005	25439	453	340	0.34146341463414637
35105	3192	909	641	0.5
16593	7711	317	377	0.4
33864	32184	487	255	0.36666666666666664
11397	29604	349	456	0.2777777777777778
19227	10665	552	1264	0.24285714285714285
2609	19024	712	550	0.18823529411764706
21719	27966	581	442	0.36363636363636365
7187	10144	470	512	0.3614931237721022
5034	13049	667	920	0.2631578947368421
31597	31866	362	258	0.21505376344086022
16321	373	478	394	0.25882352941176473
25382	11575	352	657	0.21311475409836064
24688	2875	1439	894	0.2222222222222222
19810	11971	599	319	0.3157894736842105
14642	22286	192	1268	0.7
32332	14990	348	455	0.4
29141	7608	539	345	0.28888888888888886
6654	10776	348	345	0.27586206896551724
9122	8650	1283	580	0.2087912087912088
1551	28711	493	260	0.2222222222222222
32515	24030	333	527	0.6
28178	1345	489	498	0.2292134831460674
34417	24136	710	394	0.3
6968	27434	427	480	0.4415204678362573
31041	2197	335	255	0.21888412017167383
18278	28592	250	345	0.21311475409836064
27672	4386	363	1340	0.2982456140350877
4271	5717	553	585	0.27692307692307694
17221	23438	484	1276	0.22727272727272727
31105	26301	277	1273	0.34285714285714286
33234	15940	778	628	0.2127659574468085
9012	7930	1266	533	0.23178807947019867
1580	10616	527	817	0.3
5660	12241	588	1059	0.35
12878	29235	151	220	0.3333333333333333
24465	17236	558	651	0.27906976744186046
31318	4379	545	898	0.4666666666666667
12157	27083	261	547	0.42857142857142855
7592	2605	470	348	0.3
15220	13267	394	1333	0.23170731707317074
9659	19683	1322	402	0.2535211267605634
8730	25605	470	598	0.3333333333333333
733	24370	524	334	0.3409090909090909
3931	33436	232	614	0.30303030303030304
797	7389	533	1322	0.2962962962962963
34377	17425	934	1377	0.2230769230769231
34768	580	526	1310	0.2631578947368421
19879	8982	1512	554	0.42857142857142855
20940	15969	329	453	0.39473684210526316
31482	13995	524	1524	0.18072289156626506
12364	31113	361	438	0.4166666666666667
31344	31374	565	1232	0.273972602739726
14032	6491	447	455	0.35294117647058826
11299	25418	599	359	0.2894736842105263
4647	9575	345	402	0.3333333333333333
8320	33414	348	376	0.45
9529	4456	1473	565	0.5
31305	33645	372	483	0.3333333333333333
4757	10795	497	1321	0.45
16191	27099	286	463	0.25
23705	14768	236	394	0.4375
17201	26633	481	499	0.4666666666666667
3910	28303	519	478	0.251063829787234
2812	21003	312	539	0.3559322033898305
25862	1813	430	424	0.2708333333333333
12622	24489	489	885	0.2777777777777778
25609	29479	632	522	0.21176470588235294
14727	8344	1301	1542	0.3673792557403009
31415	33393	566	767	0.29850746268656714
26642	10307	1268	346	0.2916666666666667
15816	34161	332	132	0.2857142857142857
18849	32580	525	397	0.24390243902439024
4918	28360	529	1328	0.3125
2025	27349	260	452	0.4782608695652174
4347	5560	1224	1577	0.3772357723577236
9539	2618	1223	272	0.21621621621621623
24216	18178	340	297	0.2358490566037736
30441	22379	427	362	0.3333333333333333
19889	35080	471	982	0.2647058823529412
21436	20194	1290	361	0.29310344827586204
30796	33517	1318	384	0.3125
31967	25303	350	446	0.23529411764705882
8995	30757	1245	550	0.3157894736842105
22090	5962	400	532	0.32142857142857145
32091	22440	236	669	0.4444444444444444
34913	33881	744	301	0.29545454545454547
4124	16488	755	452	0.3076923076923077
17577	17776	346	292	0.21568627450980393
18936	33653	1312	1446	0.26229508196721313
14931	20516	847	663	0.44
21244	15690	1188	292	0.23076923076923078
12534	22840	190	256	0.34782608695652173
20076	12572	244	265	0.23809523809523808
21954	33926	678	236	0.24761904761904763
26970	18253	1353	396	0.2923076923076923
17295	27777	200	222	0.625
12343	9127	417	512	0.5
19334	12449	479	373	0.32323232323232326
23690	21046	320	612	0.2916666666666667
13399	30322	220	497	0.2857142857142857
34086	11364	1431	674	0.27631578947368424
7681	19101	403	1480	0.31746031746031744
16189	13482	1331	320	0.3225806451612903
32568	24575	516	508	0.24554455445544554
16097	25665	364	435	0.35294117647058826
31741	17743	398	317	0.3793103448275862
30086	22373	655	420	0.35714285714285715
9590	16693	1283	513	0.32608695652173914
4721	16550	447	556	0.23529411764705882
8154	24678	503	925	0.42857142857142855
25760	214	550	1311	0.26666666666666666
4361	12381	507	334	0.42857142857142855
16699	32443	513	763	0.28
29803	18159	1325	484	0.234375
33496	27557	892	822	0.26881720430107525
13054	17412	840	392	0.2857142857142857
3341	28030	487	317	0.2361111111111111
32083	7083	530	416	0.29545454545454547
31219	28650	516	353	0.42857142857142855
25354	20522	255	1364	0.23893805309734514
7827	9157	313	857	0.34615384615384615
11868	8055	324	356	0.6819923371647509
23680	3571	465	488	0.26053639846743293
2689	4605	524	648	0.44
18176	7042	448	415	0.3
35076	17590	530	165	0.2903225806451613
8350	6284	292	358	0.3181818181818182
27739	13427	256	192	0.3125
2617	3924	493	655	0.5
645	7302	341	437	0.22857142857142856
22125	18164	512	292	0.3548387096774194
18624	28167	294	1310	0.21212121212121213
15773	15105	394	528	0.27906976744186046
14446	17480	163	448	0.21666666666666667
23170	15490	678	394	0.625
9942	1504	1206	410	0.23636363636363636
20756	14409	1241	233	0.2916666666666667
11261	25118	654	509	0.21052631578947367
13313	1142	505	422	0.20930232558139536
10511	5975	413	1242	0.37142857142857144
17676	31867	448	1384	0.25806451612903225
8163	6270	551	469	0.32608695652173914
16134	26633	161	499	0.5263157894736842
14481	15861	232	1508	0.26666666666666666
30114	10855	343	435	0.5733333333333334
11373	14440	449	1282	0.3225806451612903
18315	7037	1335	1252	0.7425665101721439
207	15648	578	447	0.35
20217	28520	376	548	0.3090909090909091
25342	29239	468	260	0.6428571428571429
13984	15216	292	1333	0.3
6577	5373	345	436	0.47058823529411764
26773	29106	344	1529	0.25925925925925924
29001	9855	1544	1448	0.2321285140562249
25196	24914	491	569	0.3488372093023256
1509	17807	410	405	0.3235294117647059
13443	32212	1510	136	0.4666666666666667
28616	34336	486	354	0.44
22432	21107	637	584	0.2079207920792079
1357	32704	376	335	0.2894736842105263
33263	25421	773	361	0.3055555555555556
28979	13465	296	425	0.23076923076923078
24442	9470	441	1332	0.27350427350427353
5069	24750	560	662	0.2597402597402597
11035	26476	515	255	0.3235294117647059
13574	14282	527	647	0.4444444444444444
20592	23151	447	567	0.7777777777777778
26548	17966	301	192	0.7142857142857143
16303	19049	165	565	0.3235294117647059
15131	24867	484	465	0.2141119221411192
30783	1590	261	536	0.625
15995	4239	556	501	0.3023255813953488
29638	1433	167	381	0.25806451612903225
25484	22621	468	420	0.22278481012658227
23561	24967	1556	364	0.35294117647058826
1343	32175	852	404	0.3333333333333333
28592	29184	345	569	0.2619047619047619
27796	5862	431	555	0.8004640371229699
28662	16706	811	569	0.2826086956521739
22821	14978	525	853	0.3
17637	24025	1509	512	0.325
17030	31360	255	261	0.5945945945945946
10361	11045	1325	1325	0.8815094339622641
14361	33893	524	486	0.3404255319148936
34795	12826	272	163	0.6
2378	24998	547	422	0.24528301886792453
23892	3144	698	495	0.3333333333333333
14980	5896	555	355	0.38461538461538464
10404	6054	350	1325	0.25316455696202533
3281	16409	715	232	0.47058823529411764
5194	34423	253	587	0.34375
16721	29694	571	289	0.3055555555555556
9766	19212	486	512	0.23636363636363636
9282	28566	516	355	0.2916666666666667
18252	12191	332	286	0.26666666666666666
15013	26834	299	433	0.4
20420	10920	142	515	0.6714285714285714
34112	4376	233	566	0.34782608695652173
15192	6047	192	570	0.8333333333333334
3417	11530	544	1305	0.3
18890	30818	277	557	0.4
27739	11005	256	742	0.6666666666666666
15482	1126	190	410	0.375
12804	5049	1291	1210	0.2300955414012739
4415	6652	260	241	0.3090909090909091
17632	11713	458	869	0.375
34993	8135	193	224	0.25
30312	24178	256	345	0.34
11725	10008	558	582	0.6960431654676259
34973	12242	559	237	0.34782608695652173
16098	573	446	505	0.16216216216216217
21330	11258	1535	554	0.29508196721311475
17847	33636	1287	1048	0.2318840579710145
1357	32827	376	486	0.42857142857142855
33063	3725	1081	584	0.35135135135135137
25808	8844	254	516	0.2222222222222222
10944	3168	551	221	0.32142857142857145
30740	10217	414	484	0.40625
8669	15854	1285	223	0.2727272727272727
24064	18302	643	268	0.3684210526315789
30304	16108	243	394	0.2727272727272727
29815	11478	1276	845	0.47619047619047616
7200	16267	1172	519	0.25961538461538464
10622	2770	414	1194	0.36
4395	24734	807	475	0.35714285714285715
8906	37	343	502	0.24193548387096775
18822	30197	637	844	0.47058823529411764
34661	32109	926	437	0.29457364341085274
25887	26469	467	860	0.2358490566037736
34409	30580	178	515	0.28
34056	23195	596	574	0.32142857142857145
26555	16477	850	220	0.2619047619047619
34306	26717	225	528	0.21739130434782608
10937	32974	438	248	0.21348314606741572
32750	8273	416	483	0.28
2386	13558	168	165	0.625
4811	24084	473	1430	0.5
19558	7571	1275	494	0.5
27027	25072	1631	372	0.3148148148148148
24637	19629	553	310	0.4117647058823529
24485	1564	1348	518	0.23728813559322035
20614	31930	1544	335	0.3611111111111111
13022	1051	629	533	0.23853211009174313
14127	28543	825	491	0.5333333333333333
9644	29487	513	515	0.2808988764044944
9164	19790	495	413	0.2916666666666667
25975	16023	677	829	0.22033898305084745
14881	28772	394	418	0.17777777777777778
16575	31901	218	562	0.3333333333333333
26164	30562	697	312	0.28205128205128205
30487	24351	483	566	0.4
13414	30362	164	1318	0.2204724409448819
8546	27249	1267	554	0.3
3365	16080	547	452	0.28735632183908044
9537	6637	338	503	0.30434782608695654
19360	24512	371	1244	0.5833333333333334
3481	22973	495	345	0.19444444444444445
30480	25333	1551	1062	0.28846153846153844
28402	5119	375	562	0.4375
19264	23250	548	534	0.4
33591	31267	265	1001	0.45
2655	31421	628	500	0.3333333333333333
4440	23100	652	308	0.24561403508771928
21722	12679	238	1286	0.2857142857142857
20338	33208	428	545	0.20930232558139536
10875	724	365	528	0.2608695652173913
6638	9564	464	512	0.36363636363636365
17669	3924	804	655	0.2631578947368421
1617	33391	423	178	0.4
14332	34150	536	553	0.2692307692307692
24331	1582	558	522	0.36585365853658536
29383	26438	415	376	0.42857142857142855
21891	30165	1287	520	0.4
22736	21400	486	1233	0.3448275862068966
18672	24115	1523	327	0.23809523809523808
3336	33881	507	301	0.3548387096774194
8080	28730	1164	412	0.32941176470588235
31949	28403	501	1325	0.3898305084745763
33683	2369	533	405	0.36363636363636365
33157	4409	367	1333	0.32
10048	24767	334	343	0.2692307692307692
21636	28826	566	540	0.23333333333333334
17505	9434	448	477	0.25842696629213485
9319	12866	866	220	0.25806451612903225
6107	25158	312	695	0.323943661971831
18072	25847	536	697	0.30303030303030304
14433	2745	365	462	0.4117647058823529
2884	19851	923	565	0.3333333333333333
793	8712	538	1497	0.29411764705882354
12746	27418	394	497	0.2647058823529412
12691	27367	362	487	0.2647058823529412
9938	27978	1270	1323	0.23853989813242785
16721	13802	571	441	0.21311475409836064
37	4340	502	416	0.30612244897959184
10708	2455	1534	1496	0.34707646176911544
17400	31631	428	731	0.36
4331	14358	1531	394	0.34615384615384615
30690	10853	537	635	0.2727272727272727
32340	7486	1544	928	0.24285714285714285
5240	30120	707	317	0.375
22461	24387	308	386	0.32432432432432434
30731	16913	553	457	0.20481927710843373
21666	21399	1201	1242	0.624493106244931
34518	10197	1120	436	0.2112676056338028
34081	18282	354	410	0.34146341463414637
16075	14824	524	454	0.2033898305084746
1456	28434	522	495	0.8213552361396304
31679	17838	323	514	0.47368421052631576
21505	33347	683	595	0.35714285714285715
19698	32694	1217	285	0.4166666666666667
26523	3361	570	1325	0.2631578947368421
19683	16884	402	577	0.23809523809523808
6979	9697	290	419	0.24358974358974358
14655	14349	524	484	0.30434782608695654
16301	30431	484	915	0.34782608695652173
10043	6461	413	569	0.7777777777777778
33150	23789	808	365	0.2358490566037736
27043	26204	258	510	0.22033898305084745
27478	21706	517	487	0.25396825396825395
19600	5316	1307	682	0.25287356321839083
15892	10646	164	373	0.3
31534	4346	526	410	0.2553191489361702
20575	3729	422	539	0.2857142857142857
28549	26602	1257	345	0.2916666666666667
28322	10095	317	280	0.18947368421052632
27146	31009	480	840	0.2903225806451613
2005	21874	535	561	0.2875
24273	7748	425	293	0.4
20185	15445	428	312	0.24
31884	32234	501	282	0.34782608695652173
25974	14026	1325	286	0.47619047619047616
26562	28187	360	504	0.3684210526315789
15408	18773	394	263	0.2222222222222222
15940	10806	628	476	0.4666666666666667
22027	10432	1560	1132	0.3938879456706282
21439	24697	1297	419	0.2138728323699422
5431	6596	860	277	0.32
5380	5394	488	464	0.3333333333333333
556	9833	1281	1275	0.2419871794871795
28084	32286	465	516	0.22105263157894736
6049	9954	287	557	0.42857142857142855
3365	136	547	521	0.32
30881	11637	1359	436	0.2647058823529412
2142	8747	409	328	0.3888888888888889
19098	24036	369	604	0.2727272727272727
23412	5735	375	556	0.21311475409836064
2649	10827	603	321	0.36
20300	21636	435	566	0.42857142857142855
6551	2552	253	407	0.36363636363636365
5396	2589	540	483	0.5333333333333333
13	12599	255	198	0.3333333333333333
11136	25615	536	509	0.5759493670886076
32136	7047	356	1266	0.27848101265822783
17519	19099	411	1509	0.42857142857142855
34477	4697	555	419	0.26126126126126126
18641	9084	516	657	0.2
4256	30299	503	548	0.22988505747126436
17038	10314	263	260	0.30991735537190085
33743	6299	266	285	0.4444444444444444
32533	14666	511	519	0.24
18592	2099	323	509	0.3235294117647059
25781	22194	255	546	0.4117647058823529
10669	30976	490	1340	0.20987654320987653
29655	23511	245	686	0.2892561983471074
33349	20080	1107	339	0.3181818181818182
19244	26286	439	292	0.2826086956521739
27392	15409	493	524	0.23809523809523808
20271	21404	458	735	0.19736842105263158
13798	15773	448	394	0.28346456692913385
30230	9746	526	516	0.3111111111111111
10172	2411	1193	323	0.34285714285714286
5207	3850	372	512	0.391304347826087
7714	9678	277	491	0.5833333333333334
7056	29420	794	465	0.2159090909090909
8264	9786	848	479	0.5
4813	18512	873	516	0.2571428571428571
21805	20968	495	1186	0.2153846153846154
15679	31561	394	509	0.2521246458923513
28530	26861	458	419	0.38095238095238093
8035	19827	739	536	0.2608695652173913
13747	31013	1509	519	0.2638888888888889
2217	23868	252	527	0.21052631578947367
10258	25611	709	1277	0.21951219512195122
12549	22615	853	487	0.46153846153846156
4329	3205	549	343	0.3448275862068966
2056	16526	474	453	0.8741721854304636
25530	12226	361	520	0.34615384615384615
32611	30376	373	261	0.21621621621621623
26049	21206	326	348	0.3793103448275862
29465	8709	297	1138	0.19607843137254902
21424	27679	364	511	0.2647058823529412
20629	12056	1513	452	0.2926829268292683
487	10759	1335	548	0.29850746268656714
16423	27249	648	554	0.4375
6109	31909	334	516	0.21904761904761905
21925	9710	1270	498	0.2926829268292683
2754	9197	363	551	0.34615384615384615
15730	33605	505	358	0.35
32463	18209	528	191	0.3
13255	11830	1508	538	0.24675324675324675
27385	2519	500	250	0.22950819672131148
604	23640	149	1321	0.8333333333333334
22476	24446	523	305	0.4146341463414634
22097	179	897	522	0.2077922077922078
6854	31640	1513	670	0.22
32838	13219	536	508	0.24074074074074073
13832	9686	1508	1520	0.7807768268597761
21791	33094	509	533	0.20588235294117646
17920	34791	190	1053	0.26666666666666666
25604	34651	330	273	0.2358490566037736
12888	28504	164	349	0.24390243902439024
2583	29815	363	1276	0.4
19018	29913	226	1531	0.5833333333333334
2917	18644	1317	1276	0.7382445141065831
21797	1174	323	255	0.3
26695	4115	395	691	0.22564102564102564
31097	27344	277	480	0.20833333333333334
30378	15135	341	477	0.3684210526315789
20655	14607	1308	362	0.34210526315789475
29443	17347	211	509	0.29914529914529914
19679	2536	418	596	0.2122905027932961
15038	16655	244	365	0.3333333333333333
25874	17391	382	613	0.4666666666666667
280	34782	448	776	0.3333333333333333
15022	2657	556	1325	0.2647058823529412
14535	29442	521	211	0.3382352941176471
15661	26016	556	235	0.32432432432432434
147	28181	1307	506	0.25806451612903225
3130	4987	509	1275	0.2558139534883721
17932	35078	622	874	0.2714285714285714
27312	1071	553	301	0.2702702702702703
32882	20067	352	1259	0.2753623188405797
3355	32547	718	1332	0.2972972972972973
13986	35002	362	430	0.21794871794871795
18845	7593	649	484	0.2320675105485232
15390	25495	292	293	0.6643835616438356
21534	11615	334	321	0.2727272727272727
13124	931	301	544	0.25
28147	5221	362	222	0.36
21546	16095	525	452	0.3
31448	1355	317	304	0.2676767676767677
6518	8511	347	1312	0.2542372881355932
16920	11077	569	567	0.6642984014209592
19157	16848	441	507	0.34782608695652173
27235	10607	222	255	0.2857142857142857
27947	13375	356	446	0.2653061224489796
10741	23686	545	521	0.3333333333333333
6396	18925	1309	1300	0.24122412241224123
20282	4495	1334	1176	0.6431642304385211
4995	10195	781	356	0.19298245614035087
7958	218	226	261	0.3275862068965517
15699	4324	448	320	0.2972972972972973
17698	11729	452	1343	0.25961538461538464
7429	29575	654	456	0.4074074074074074
22120	7958	667	226	0.3333333333333333
32798	35035	900	225	0.3
30493	33474	1262	773	0.2761904761904762
8001	31538	454	499	0.47058823529411764
18238	5457	1541	516	0.375
23347	6031	1478	499	0.5
23149	11560	1297	710	0.21875
25420	12405	322	220	0.22807017543859648
16402	1194	509	505	0.38095238095238093
5663	4157	408	1222	0.3
10635	9555	236	1266	0.23404255319148937
22419	10508	503	1351	0.4166666666666667
34215	35049	361	525	0.28888888888888886
12725	31371	448	290	0.2702702702702703
23028	1952	264	1352	0.24489795918367346
22294	25511	1306	523	0.22727272727272727
28337	6787	1532	106	0.3076923076923077
33581	26375	885	743	0.2222222222222222
13917	10978	223	1414	0.3181818181818182
12461	31681	192	309	0.2558139534883721
4384	14860	858	243	0.30434782608695654
32399	30005	508	1523	0.2631578947368421
25380	21116	1345	249	0.40625
24174	13049	542	920	0.34615384615384615
2750	2384	514	550	0.3
29681	12326	260	471	0.2777777777777778
243	23292	785	585	0.25806451612903225
1122	24414	528	396	0.38235294117647056
22198	27232	897	566	0.37037037037037035
487	20654	1335	1201	0.23157051282051283
30374	5585	435	320	0.3076923076923077
8787	6289	565	1268	0.25
34112	7634	233	516	0.46153846153846156
8897	31026	516	492	0.3054989816700611
32397	22328	508	551	0.42105263157894735
7848	2128	216	550	0.42105263157894735
20779	16124	536	164	0.725609756097561
20451	27894	434	324	0.275
19231	2551	564	479	0.2682926829268293
6984	3598	334	515	0.3225806451612903
19674	8973	331	1266	0.3
16926	24876	535	483	0.24691358024691357
10029	18393	1314	272	0.2608695652173913
22278	27002	590	440	0.6
4875	34797	345	512	0.4
23841	4922	1218	482	0.3870967741935484
32655	20210	454	313	0.19540229885057472
19649	26664	402	317	0.3055555555555556
1489	1713	522	1545	0.2248062015503876
18687	21479	455	519	0.42857142857142855
12109	6099	523	315	0.375
9006	34403	569	1166	0.34615384615384615
6561	23758	457	728	0.28888888888888886
7430	6236	256	486	0.375
17314	21874	507	561	0.1875
20860	8108	552	1160	0.25252525252525254
11968	13913	520	232	0.41935483870967744
5166	15172	437	192	0.2916666666666667
3216	18121	876	1523	0.3055555555555556
20413	5220	457	1260	0.375
19477	19499	476	505	0.25
6582	26453	523	376	0.5882352941176471
2669	20440	926	411	0.3181818181818182
27536	6092	611	567	0.3235294117647059
21840	17632	1148	458	0.29411764705882354
3411	8971	260	538	0.27586206896551724
4505	6181	863	500	0.43478260869565216
262	7001	536	578	0.3611111111111111
31259	2786	263	491	0.25675675675675674
30751	23666	560	537	0.2641509433962264
26606	7005	1286	486	0.2582781456953642
17320	10407	597	400	0.2727272727272727
16225	5374	220	280	0.8385416666666666
21893	11034	1273	522	0.2777777777777778
12132	6807	1325	538	0.2
1103	30822	519	280	0.22641509433962265
14314	8300	332	549	0.28
11099	33402	567	236	0.23404255319148937
15636	26732	394	802	0.3055555555555556
346	34273	444	178	0.3235294117647059
17911	12291	332	1530	0.29411764705882354
32286	15591	516	192	0.21621621621621623
3890	28162	508	432	0.3333333333333333
13828	25456	243	335	0.2830188679245283
12613	34588	475	437	0.4
19182	22561	277	494	0.28205128205128205
8926	26510	437	223	0.4444444444444444
26970	18852	1353	501	0.3055555555555556
17652	16320	479	525	0.2926829268292683
8168	27539	433	577	0.2727272727272727
16711	32615	470	277	0.3142857142857143
95	7511	471	1020	0.22950819672131148
26577	12528	297	232	0.2553191489361702
16576	8401	1271	1350	0.739097169089518
12082	7862	536	408	0.3023255813953488
16304	8680	164	1245	0.25
2634	15129	460	853	0.45
16383	3051	505	356	0.3684210526315789
4731	25868	397	409	0.35294117647058826
8713	14295	853	521	0.4
18123	7380	484	1288	0.2558139534883721
184	13775	227	165	0.5454545454545454
7259	901	904	487	0.37209302325581395
27089	7009	254	263	0.6468253968253969
22371	13522	309	484	0.2692307692307692
29299	9462	925	868	0.27586206896551724
9632	8076	469	535	0.5
24166	21306	621	530	0.1875
34004	18026	267	301	0.28
29059	13208	544	362	0.35714285714285715
9562	13551	1431	381	0.3333333333333333
25507	23145	328	275	0.3088235294117647
12320	15910	495	394	0.2544642857142857
32106	32041	318	1330	0.3055555555555556
17950	28668	232	575	0.45
3206	16522	310	536	0.32
200	28396	649	1267	0.3684210526315789
30381	10394	359	858	0.3142857142857143
4024	3905	631	312	0.3023255813953488
30064	34359	538	176	0.2318840579710145
18944	13358	1296	165	0.28
27092	7236	499	502	0.30288461538461536
18822	9220	637	345	0.375
18575	18306	509	373	0.2972972972972973
11603	27928	310	1347	0.35135135135135137
902	31013	449	519	0.2235294117647059
34707	4279	353	547	0.22580645161290322
29781	22796	532	1251	0.3103448275862069
19870	14700	554	1328	0.09523809523809523
29448	13167	522	292	0.8571428571428571
18062	31249	220	1505	0.5
25598	17671	662	165	0.2727272727272727
10515	31480	490	149	0.2727272727272727
14454	28713	1508	260	0.3
8748	1123	705	607	0.5
15363	31844	220	260	0.24083769633507854
25203	14344	390	451	0.29411764705882354
33403	9482	178	865	0.25806451612903225
7197	17542	693	365	0.3333333333333333
24302	34211	1305	189	0.2777777777777778
16699	6477	513	527	0.42857142857142855
17813	33848	521	236	0.22666666666666666
20330	26457	466	554	0.23333333333333334
1330	4126	515	423	0.858560794044665
7020	15808	507	500	0.6540642722117203
18534	16521	404	908	0.23255813953488372
16010	34728	190	892	0.3103448275862069
11989	32573	459	689	0.24
34624	220	882	147	0.5
9771	1282	427	255	0.23728813559322035
21454	27507	500	1225	0.24489795918367346
22367	95	359	471	0.3181818181818182
31524	12675	493	223	0.37142857142857144
12279	7108	261	512	0.3125
20076	27842	244	794	0.35714285714285715
16460	17821	327	525	0.3050847457627119
13072	26342	164	475	0.6666666666666666
23388	6297	495	541	0.26717557251908397
24898	30923	500	1478	0.38235294117647056
12862	16048	1508	293	0.26744186046511625
21280	3001	479	521	0.23640167364016737
22029	23388	1248	495	0.28205128205128205
30892	15805	515	446	0.21867881548974943
34897	21851	932	1245	0.2606060606060606
32319	14914	509	292	0.4166666666666667
28234	1076	344	338	0.34375
4998	6762	415	512	0.32
8978	15158	1223	238	0.2413793103448276
26917	2875	1332	894	0.1989795918367347
13432	30610	1158	617	0.22727272727272727
27024	35060	638	422	0.39473684210526316
4758	6724	570	685	0.34615384615384615
28919	8894	1518	509	0.21311475409836064
14465	14059	521	1525	0.2441860465116279
14317	24305	536	505	0.24324324324324326
6347	2399	538	466	0.24561403508771928
16807	766	407	352	0.4666666666666667
26813	7882	375	452	0.28125
18377	29480	1474	491	0.47368421052631576
13702	6126	484	261	0.4117647058823529
22335	15512	853	1304	0.34146341463414637
7784	6128	432	617	0.75
16404	15807	1105	506	0.2857142857142857
2894	31195	1531	703	0.24603174603174602
18158	10946	232	612	0.18333333333333332
416	32083	505	530	0.32432432432432434
14179	26988	1328	936	0.24107142857142858
21675	6559	1330	1325	0.6239447429009977
5813	33010	344	1035	0.24175824175824176
15029	18197	160	1509	0.2682926829268293
6	27990	516	589	0.30357142857142855
22869	23389	404	540	0.2
29645	10767	334	555	0.28
1762	6390	251	277	0.2642857142857143
1399	18039	522	521	0.6153846153846154
12618	11276	484	410	0.23684210526315788
10286	15349	1214	1508	0.2371244635193133
2962	11756	519	254	0.2676056338028169
12835	13701	389	1286	0.32558139534883723
12952	8691	632	539	0.30303030303030304
19333	30202	358	1221	0.32653061224489793
4015	29456	543	252	0.21739130434782608
14786	8815	478	1338	0.45454545454545453
2063	7725	501	256	0.19230769230769232
13380	24028	468	522	0.2708333333333333
19634	28299	539	338	0.19696969696969696
10087	4146	1074	1278	0.3114754098360656
10424	31046	228	536	0.375
24778	499	914	220	0.275
11231	24545	466	522	0.23809523809523808
2302	34932	1333	950	0.21081081081081082
11475	27548	376	836	0.47619047619047616
7112	5559	509	1240	0.2692307692307692
10324	13879	574	394	0.3333333333333333
4798	10075	860	275	0.4
27200	7106	343	360	0.325
28483	15024	520	253	0.3
34095	34790	825	543	0.2283464566929134
21630	29691	468	317	0.23684210526315788
10315	34920	863	742	0.22406639004149378
14128	29429	95	221	0.2916666666666667
27845	11281	326	265	0.3333333333333333
29168	18296	384	340	0.35294117647058826
20691	17054	557	479	0.28888888888888886
14034	1312	505	430	0.2857142857142857
12862	26595	1508	504	0.3333333333333333
19368	24610	588	527	0.34210526315789475
35091	30465	585	356	0.37037037037037035
5965	7559	330	465	0.21153846153846154
8308	3525	1326	402	0.1794871794871795
15056	34966	536	467	0.22
7416	31412	516	340	0.2571428571428571
25860	8861	483	346	0.2727272727272727
3462	33944	522	795	0.45454545454545453
11782	15191	1526	164	0.2396694214876033
8285	15760	479	644	0.3023255813953488
3326	33319	643	1442	0.3225806451612903
4860	15826	263	187	0.5
5476	22224	555	378	0.2
34411	6130	385	1276	0.5454545454545454
17016	17114	1691	876	0.3684210526315789
21762	8924	470	413	0.4482758620689655
11685	2884	489	923	0.3
28031	32145	320	348	0.30952380952380953
13454	9156	839	523	0.3333333333333333
14451	5857	362	500	0.25
33944	9687	795	925	0.4666666666666667
28989	4681	518	899	0.3157894736842105
27664	5253	919	1305	0.3673469387755102
21092	30205	500	359	0.375
10789	18108	540	293	0.20454545454545456
22130	1963	403	1539	0.2711864406779661
2169	755	1358	490	0.27941176470588236
1790	1586	254	536	0.2857142857142857
1988	5481	407	345	0.25842696629213485
21135	10808	347	260	0.375
5312	5415	1315	1410	0.33283470456245323
12479	31508	1286	529	0.35714285714285715
6439	28768	913	291	0.36363636363636365
24349	3751	396	524	0.19230769230769232
1693	9815	524	1264	0.4
23156	20502	318	334	0.7192307692307692
24841	7546	466	1577	0.20422535211267606
33031	18996	772	252	0.5833333333333334
19145	17092	496	1240	0.3
10438	5573	1349	1247	0.24311183144246354
9695	31246	440	1188	0.4090909090909091
18820	32187	505	478	0.2
34224	5020	1345	1301	0.30952380952380953
9868	11516	1269	260	0.25742574257425743
18938	32860	1179	236	0.19548872180451127
2782	20585	615	663	0.21
24867	30728	465	345	0.3333333333333333
2646	33236	521	100	0.3023255813953488
28487	30625	662	1531	0.24651162790697675
1720	2893	273	1482	0.3090909090909091
3201	183	676	1538	0.25142857142857145
17123	16096	217	165	0.2857142857142857
24765	22632	382	523	0.5217391304347826
22379	5812	362	582	0.4444444444444444
23689	33809	440	473	0.3111111111111111
18027	34736	394	935	0.40625
9827	26554	1323	402	0.29545454545454547
15453	27064	521	259	0.35294117647058826
9782	17656	520	192	0.3888888888888889
33533	14932	770	394	0.2653061224489796
21079	24219	854	532	0.4117647058823529
3211	23999	348	415	0.29411764705882354
20324	11156	503	261	0.288135593220339
24597	2744	474	512	0.2558139534883721
2580	30786	921	502	0.26666666666666666
3475	26655	383	403	0.25925925925925924
13626	15754	189	451	0.5773809523809523
26881	30148	381	1533	0.3448275862068966
23270	1113	258	255	0.2391304347826087
34460	12108	523	548	0.25806451612903225
8242	4228	886	530	0.34782608695652173
3978	17551	1325	484	0.234375
3079	8022	690	607	0.2926829268292683
25668	16568	276	365	0.36363636363636365
34640	8143	776	465	0.2727272727272727
34687	325	675	337	0.875
17144	16951	293	560	0.35714285714285715
11629	31040	1540	1642	0.24701195219123506
32666	16319	404	629	0.375
33794	12704	473	164	0.28205128205128205
24778	12300	914	509	0.24096385542168675
34624	4205	882	514	0.4666666666666667
26195	17550	521	478	0.23684210526315788
15874	10148	165	516	0.27906976744186046
4294	9273	660	510	0.3076923076923077
26219	19343	524	477	0.2631578947368421
11198	34191	415	500	0.19008264462809918
20152	26715	489	565	0.2463768115942029
19502	10393	535	412	0.4090909090909091
1357	15906	376	114	0.2777777777777778
27511	8553	570	655	0.25806451612903225
24134	34624	316	882	0.34782608695652173
28238	14016	1313	521	0.28846153846153844
6821	20288	304	731	0.30303030303030304
16505	5384	635	284	0.36363636363636365
30275	2672	589	503	0.24439461883408073
25571	19111	1545	502	0.36363636363636365
25551	10267	411	344	0.34615384615384615
23244	24488	1208	1331	0.4723127035830619
19045	2773	318	735	0.28095238095238095
12228	26429	487	277	0.17204301075268819
15012	24185	1272	498	0.42857142857142855
22277	12252	362	812	0.3548387096774194
19256	12561	571	362	0.28205128205128205
1524	5544	524	339	0.26666666666666666
30790	24724	348	580	0.2127659574468085
20167	26947	268	256	0.24615384615384617
18336	19044	1523	506	0.2719298245614035
33618	34757	168	545	0.375
33109	1474	826	562	0.3
14802	7141	165	345	0.2727272727272727
24141	15823	389	165	0.2391304347826087
32831	33996	623	482	0.2608695652173913
11695	18050	1174	223	0.28205128205128205
21728	8798	410	272	0.25396825396825395
30518	4032	359	501	0.375
22277	2460	362	1280	0.28865979381443296
18985	3769	336	1321	0.4666666666666667
19095	15651	1324	503	0.3333333333333333
13411	14164	550	524	0.36363636363636365
13692	23269	329	289	0.2891566265060241
12735	34485	218	555	0.2826086956521739
16889	20648	323	348	0.40764331210191085
8007	25868	535	409	0.5454545454545454
14541	9267	158	685	0.5333333333333333
6696	5902	779	416	0.34146341463414637
6198	29802	898	1288	0.3157894736842105
34485	30569	555	373	0.5
8111	3167	513	1213	0.4090909090909091
13016	15800	365	332	0.35294117647058826
5991	12975	543	223	0.5555555555555556
32281	14207	279	226	0.5333333333333333
8828	26541	370	419	0.5714285714285714
21169	14792	514	223	0.2681564245810056
2569	26650	252	1315	0.40625
2277	5035	524	261	0.26666666666666666
5496	33088	501	178	0.2682926829268293
32549	21459	1066	369	0.24444444444444444
25515	6246	814	1326	0.2549019607843137
30258	32812	542	367	0.4
26686	34371	389	486	0.22641509433962265
549	699	293	440	0.2833333333333333
12112	13677	371	467	0.5
1741	1926	282	1075	0.3157894736842105
6995	21927	1269	1274	0.5742811501597445
27198	7340	335	937	0.2962962962962963
8382	34332	449	777	0.2857142857142857
859	16016	1325	441	0.47368421052631576
24726	21879	537	523	0.28205128205128205
30950	32594	528	372	0.2727272727272727
17294	18589	292	1246	0.21839080459770116
7844	27230	268	513	0.36
201	14005	437	292	0.2696629213483146
25674	24111	429	312	0.4
22661	8776	226	1221	0.5294117647058824
3797	4997	349	835	0.5
20396	4647	371	345	0.23728813559322035
8072	34469	402	308	0.3333333333333333
18798	7133	589	221	0.18055555555555555
19152	14800	737	525	0.25
15161	26017	265	536	0.7142857142857143
34726	31283	934	340	0.3191489361702128
22475	1728	511	471	0.208955223880597
9128	26691	525	486	0.2425531914893617
12760	11180	505	249	0.2777777777777778
10333	14128	504	95	0.4166666666666667
33151	9691	354	1524	0.19101123595505617
4816	15737	882	292	0.2236024844720497
29575	18023	456	505	0.2553191489361702
21967	22131	509	411	0.4444444444444444
27411	5029	1328	846	0.2698412698412698
6044	16721	351	571	0.2265625
2390	19264	698	548	0.3188405797101449
8523	34057	373	236	0.2558139534883721
26689	2808	234	668	0.5454545454545454
24040	1392	522	381	0.4
22117	15574	589	394	0.23809523809523808
32268	25919	1642	404	0.23232323232323232
28093	28532	546	505	0.35
3038	34035	1300	185	0.2909090909090909
6290	7635	1514	483	0.27906976744186046
8440	27952	504	398	0.2222222222222222
1177	2762	524	514	0.2318548387096774
12644	3629	448	277	0.28205128205128205
34095	13315	825	191	0.35
23679	25597	495	539	0.3064516129032258
26072	5792	789	846	0.3333333333333333
1787	25315	417	406	0.47619047619047616
10092	29860	1293	308	0.4117647058823529
4763	20996	514	894	0.21705426356589147
13949	6550	505	502	0.3181818181818182
11502	14326	256	1286	0.358974358974359
16647	22317	484	1288	0.4
23317	3411	1227	260	0.30434782608695654
28166	33362	1273	793	0.4090909090909091
12019	28589	501	349	0.25806451612903225
7128	31810	413	255	0.3142857142857143
31802	27818	462	345	0.2692307692307692
9345	13818	376	1509	0.42857142857142855
34373	17287	160	638	0.36363636363636365
19031	2643	736	330	0.22672064777327935
7590	15866	530	292	0.3333333333333333
19923	324	799	535	0.3125
34590	29322	1117	618	0.5714285714285714
12718	22453	299	166	0.2413793103448276
19558	15559	1275	192	0.3333333333333333
31253	34642	335	270	0.4375
8945	26703	524	337	0.3333333333333333
3022	13891	282	165	0.3
15318	24530	448	441	0.22916666666666666
8135	3499	224	293	0.4375
6715	24285	256	452	0.35
29591	1183	456	528	0.6483516483516484
3112	33252	469	773	0.34782608695652173
24133	4249	509	509	0.2784552845528455
18962	18727	259	528	0.5384615384615384
11913	1033	468	312	0.22641509433962265
29694	16727	289	1222	0.23529411764705882
10852	26401	466	441	0.3333333333333333
27573	24632	484	493	0.250996015936255
19425	29897	402	1326	0.22580645161290322
5875	34223	544	437	0.3392857142857143
19369	9514	1317	471	0.30392156862745096
35079	23998	610	549	0.5454545454545454
25172	16266	538	232	0.2647058823529412
9629	21650	487	628	0.6
6746	19294	250	542	0.2727272727272727
1394	32796	586	506	0.21568627450980393
20289	12743	372	292	0.3333333333333333
11476	12476	515	394	0.42105263157894735
7101	12121	669	317	0.3076923076923077
14616	19295	376	479	0.45
9259	28172	423	499	0.23255813953488372
26490	3589	413	515	0.24468085106382978
26726	1504	261	410	0.21739130434782608
30997	10158	312	509	0.2564102564102564
26082	7714	234	277	0.8333333333333334
29961	27374	788	541	0.25287356321839083
2000	28966	526	728	0.20833333333333334
11397	14149	349	165	0.5454545454545454
20283	14949	722	505	0.2857142857142857
34078	14443	273	425	0.25
21350	23711	520	437	0.22093023255813954
15988	34092	448	326	0.31746031746031744
9078	1146	500	882	0.391304347826087
18658	201	357	437	0.44
22589	26704	345	635	0.32558139534883723
7720	9336	570	413	0.18333333333333332
28452	22370	508	320	0.29411764705882354
1962	9649	1524	1265	0.36411809235427706
26622	23509	526	1532	0.2018348623853211
9608	28452	1269	508	0.2553191489361702
17435	6127	617	348	0.2127659574468085
25063	24792	472	704	0.2727272727272727
22591	26668	1353	410	0.35555555555555557
4771	14197	507	1307	0.29213483146067415
978	31583	545	264	0.38461538461538464
27915	6439	488	913	0.2169811320754717
9549	12470	860	299	0.3023255813953488
34636	20558	672	522	0.1935483870967742
16510	12585	192	362	0.2926829268292683
17501	26127	1319	149	0.3111111111111111
9761	15768	420	804	0.25
20364	33359	523	236	0.25
17819	2658	484	519	0.35714285714285715
1930	10763	812	503	0.23529411764705882
31353	14662	522	365	0.36363636363636365
64	426	618	521	0.5714285714285714
33678	28458	486	699	0.225
25603	25512	630	287	0.3055555555555556
4102	3614	516	466	0.2399103139013453
7653	25374	510	407	0.22580645161290322
33023	13242	400	448	0.2676056338028169
4918	5322	529	496	0.7337164750957854
12670	21944	398	446	0.3076923076923077
1670	3140	524	508	0.21908893709327548
4339	24588	260	1335	0.21649484536082475
34590	3669	1117	292	0.2926829268292683
18300	5249	238	548	0.2708333333333333
19204	4794	616	1262	0.23387096774193547
21062	3560	342	927	0.21875
29696	26724	1495	523	0.2857142857142857
11612	34197	408	265	0.34375
12838	29053	522	536	0.5667311411992263
26944	9414	293	504	0.23214285714285715
3296	24140	325	883	0.3793103448275862
14451	18336	362	1523	0.2786885245901639
17702	1102	394	538	0.20833333333333334
32457	28878	300	504	0.25
29012	18448	744	471	0.42857142857142855
25607	10637	435	502	0.25609756097560976
3813	29427	277	525	0.38461538461538464
9157	26425	857	342	0.22
26977	8521	555	255	0.2545454545454545
8991	22580	1240	1509	0.33284457478005863
1275	6033	569	506	0.3111111111111111
32249	31073	542	530	0.2857142857142857
25196	3125	491	523	0.2727272727272727
10549	4377	536	860	0.3684210526315789
17271	1489	1100	522	0.35294117647058826
26036	34339	258	217	0.3142857142857143
34965	17222	494	930	0.23711340206185566
4401	12797	743	301	0.42857142857142855
13004	13281	286	190	0.21052631578947367
29744	15211	424	394	0.3125
5844	8694	560	557	0.30303030303030304
20591	23453	458	287	0.2711864406779661
11222	13278	312	165	0.18867924528301888
22592	26300	1396	1348	0.24473975636766335
7124	30617	408	522	0.46153846153846156
5187	30425	668	415	0.4666666666666667
697	13429	340	394	0.25
10765	6662	569	306	0.2962962962962963
5150	10707	363	1525	0.2261904761904762
30	24892	527	501	0.2236842105263158
7380	14343	1288	292	0.23404255319148937
27649	15595	258	291	0.22727272727272727
33639	20824	593	338	0.34615384615384615
8674	30653	544	1527	0.2857142857142857
32489	22607	397	550	0.2571428571428571
24640	7947	418	382	0.8333333333333334
12477	14303	484	161	0.5
29326	4871	550	1558	0.25225225225225223
19446	20125	854	1350	0.27692307692307694
17340	3223	545	492	0.3157894736842105
11055	21169	277	514	0.5
3131	9230	411	543	0.2545454545454545
25925	19268	430	1326	0.2911392405063291
33440	2818	1169	1051	0.23255813953488372
6194	28256	355	377	0.3465346534653465
18048	18662	1276	455	0.34782608695652173
3466	15499	484	536	0.2542372881355932
29605	13427	456	192	0.2631578947368421
16392	6659	484	288	0.24
26106	30828	272	633	0.2708333333333333
35008	7096	576	1292	0.5833333333333334
9291	30356	1309	493	0.25675675675675674
32745	33645	500	483	0.25
11161	12232	260	345	0.19047619047619047
4926	918	345	316	0.3333333333333333
10582	6046	237	345	0.2564102564102564
32215	11953	449	1014	0.25925925925925924
6706	12673	1174	387	0.5478723404255319
17111	34041	451	767	0.34210526315789475
27516	11247	488	539	0.25
22291	32198	422	524	0.2894736842105263
28700	15326	322	503	0.25862068965517243
27919	15180	534	362	0.3333333333333333
15927	7535	265	500	0.3684210526315789
33770	11614	781	372	0.21818181818181817
20869	26766	459	252	0.23943661971830985
1910	22182	1544	503	0.26582278481012656
15001	29467	449	261	0.25
1501	32297	276	266	0.26373626373626374
28094	26396	545	268	0.2857142857142857
7798	29725	1279	528	0.21951219512195122
31347	4003	555	1261	0.27586206896551724
26388	32536	394	541	0.5
15463	26547	190	420	0.2459016393442623
33965	9603	563	1275	0.2553191489361702
1013	23926	498	1214	0.24074074074074073
147	24649	1307	547	0.2549019607843137
9412	5528	476	401	0.2727272727272727
11202	11825	1347	601	0.34146341463414637
14674	22891	448	353	0.30434782608695654
21488	10434	674	329	0.3333333333333333
5648	25779	1472	556	0.24193548387096775
23988	972	1304	844	0.2391304347826087
21957	29313	641	524	0.18571428571428572
6874	17361	1261	495	0.2111801242236025
26537	9852	847	1030	0.2857142857142857
4775	34264	344	264	0.42857142857142855
11417	4767	361	857	0.36666666666666664
9092	21455	354	309	0.26666666666666666
26078	29931	502	524	0.2857142857142857
2584	35013	512	95	0.24050632911392406
17597	15415	148	394	0.1896551724137931
28177	18927	549	337	0.47619047619047616
1059	10376	346	652	0.22727272727272727
8314	2476	336	497	0.45
21684	2222	316	335	0.5
15060	28386	1274	1282	0.2436837815810921
16434	33250	525	473	0.24390243902439024
19127	8518	652	258	0.42857142857142855
19538	22132	1219	412	0.2903225806451613
33567	4326	473	443	0.2857142857142857
5505	18583	1550	1273	0.2225877192982456
22726	29613	364	456	0.32
33261	30007	236	547	0.30434782608695654
2346	28927	491	548	0.25806451612903225
6007	23392	449	1511	0.3333333333333333
11733	15419	1313	448	0.32
26322	29332	551	547	0.21705426356589147
25591	31300	263	547	0.42857142857142855
12844	12239	1508	548	0.3125
1718	29622	312	456	0.3125
18015	24933	409	458	0.5898123324396782
5111	4160	372	1389	0.1836734693877551
30238	32433	516	511	0.3333333333333333
34878	32274	378	552	0.25
25196	9824	491	1307	0.2204724409448819
28604	33148	714	524	0.4230769230769231
32586	10086	535	1934	0.22857142857142856
8486	20979	447	568	0.40625
33824	12855	790	394	0.3148148148148148
32368	2502	319	857	0.36363636363636365
34874	20857	354	1266	0.3076923076923077
34366	42	530	886	0.3333333333333333
26122	12205	919	167	0.2641509433962264
15563	24161	164	454	0.3076923076923077
3399	17650	291	192	0.3333333333333333
1959	23616	604	489	0.3333333333333333
25569	24965	255	416	0.3389830508474576
21749	29926	546	516	0.23333333333333334
2511	2007	494	256	0.21428571428571427
8180	11004	1352	637	0.34146341463414637
18323	11528	431	345	0.3333333333333333
22454	24545	487	522	0.4230769230769231
17584	16463	394	365	0.45
11963	34313	366	296	0.2647058823529412
25767	30191	376	291	0.22413793103448276
25825	12852	525	804	0.29545454545454547
9198	23135	543	487	0.4444444444444444
19278	12169	292	1525	0.36363636363636365
16162	8722	192	507	0.17857142857142858
34911	17645	592	1286	0.2926829268292683
25649	14561	565	1333	0.23728813559322035
12751	6756	629	515	0.38095238095238093
22294	26535	1306	260	0.45454545454545453
10775	17087	260	1281	0.43478260869565216
5217	21487	414	555	0.5
12229	34933	516	283	0.3793103448275862
22143	31673	533	406	0.20408163265306123
11658	22501	322	472	0.2777777777777778
25498	10989	541	579	0.2459016393442623
11262	26453	341	376	0.6334405144694534
14526	14566	186	448	0.5
22500	34717	516	685	0.2608695652173913
24251	6699	394	410	0.42105263157894735
14650	33061	653	771	0.42424242424242425
6960	25638	288	1297	0.20754716981132076
24197	23973	865	657	0.2268041237113402
1681	32088	524	620	0.34782608695652173
34008	17226	1321	932	0.34545454545454546
25315	21258	406	356	0.2647058823529412
1024	21000	535	180	0.5
31966	18828	386	404	0.3888888888888889
17151	14693	536	232	0.30303030303030304
498	12724	151	529	0.35294117647058826
20094	7862	491	408	0.42857142857142855
33574	4883	358	562	0.25
7418	31537	524	1068	0.3333333333333333
31735	10801	411	569	0.18681318681318682
3072	13051	384	192	0.5878787878787879
34179	21863	1023	500	0.3333333333333333
15467	17637	164	1509	0.2619047619047619
2470	5636	921	429	0.30434782608695654
23869	13774	447	164	0.25
25855	20157	391	260	0.36
5780	21315	521	572	0.2647058823529412
19244	29732	439	763	0.37037037037037035
7046	21415	1315	332	0.43333333333333335
21480	13257	523	293	0.2413793103448276
7026	14194	736	448	0.25806451612903225
11371	23993	534	257	0.2631578947368421
14055	27491	292	495	0.6363636363636364
31185	34375	544	889	0.2830188679245283
6381	15607	334	394	0.28
27934	29316	482	571	0.35294117647058826
20795	3001	556	521	0.36363636363636365
1052	17416	533	483	0.3793103448275862
9809	7150	1323	499	0.3
18578	5710	1239	437	0.3888888888888889
2306	23190	324	1510	0.21875
11621	29925	299	552	0.2708333333333333
25095	34682	261	295	0.3170731707317073
7996	34322	1265	554	0.27906976744186046
30991	3941	394	585	0.26153846153846155
8626	31327	535	881	0.5833333333333334
440	17804	739	1509	0.2558139534883721
23657	8504	718	1203	0.32075471698113206
15401	33702	165	1404	0.47619047619047616
34523	22827	936	553	0.2543859649122807
26358	10668	556	655	0.42857142857142855
8968	21685	544	841	0.6
28059	27268	1561	558	0.24489795918367346
3825	21263	385	756	0.5714285714285714
33190	27231	1041	553	0.22784810126582278
29476	28980	314	365	0.2564102564102564
18319	19572	521	1233	0.35185185185185186
10983	9058	429	537	0.4444444444444444
32290	22143	304	533	0.35714285714285715
33437	22104	178	807	0.2903225806451613
18324	22251	268	1305	0.19672131147540983
27653	23836	503	1247	0.2727272727272727
20796	18876	567	611	0.2553191489361702
11650	32901	256	368	0.19047619047619047
8447	19958	335	501	0.35714285714285715
7776	5438	375	437	0.5555555555555556
28056	21777	386	513	0.26785714285714285
1664	8921	342	850	0.20224719101123595
410	2582	620	277	0.34782608695652173
2809	10219	462	272	0.32432432432432434
20109	24412	1200	412	0.2727272727272727
15045	15210	461	164	0.7132867132867133
4767	15494	857	223	0.3181818181818182
8593	7584	1277	855	0.2777777777777778
21363	20799	599	436	0.3939393939393939
4537	13654	269	448	0.3333333333333333
365	21232	505	204	0.2713178294573643
22277	31491	362	221	0.3333333333333333
2214	34195	534	263	0.5833333333333334
13375	27897	446	510	0.4090909090909091
11937	6577	316	345	0.32
18606	19874	446	379	0.34782608695652173
18636	34066	308	482	0.36363636363636365
34392	25104	595	307	0.2413793103448276
25285	32153	503	1333	0.42105263157894735
9441	32740	1537	537	0.2375
14554	27726	163	559	0.25925925925925924
29425	28905	528	503	0.40124740124740127
19180	27084	1642	436	0.30158730158730157
9811	417	345	224	0.2962962962962963
8502	24005	1266	491	0.21621621621621623
33771	10990	341	520	0.3220338983050847
24171	18868	1473	544	0.2376237623762376
13706	4560	293	543	0.24285714285714285
34460	14315	523	521	0.2916666666666667
11329	6937	484	1193	0.20454545454545456
8763	12479	467	1286	0.4074074074074074
4123	8276	449	541	0.5
13119	9385	520	887	0.6
464	19979	311	573	0.3333333333333333
6068	3865	259	589	0.34285714285714286
24717	531	248	338	0.20245398773006135
5888	34051	505	101	0.45454545454545453
16039	27221	448	438	0.2702702702702703
17196	32082	852	531	0.2375
10495	13366	503	1326	0.2653061224489796
30355	22610	650	407	0.3333333333333333
1587	34898	536	935	0.26785714285714285
10817	30910	1344	497	0.32142857142857145
26478	33992	548	1021	0.4
5707	29886	607	255	0.25
11596	11840	422	197	0.29411764705882354
22943	31462	442	1321	0.25
30425	21027	415	378	0.38095238095238093
17061	23801	816	500	0.25
17408	31708	513	382	0.5
8891	24832	529	414	0.7272727272727273
10142	2142	516	409	0.3
21327	9335	516	1319	0.6
5913	33484	494	1084	0.25925925925925924
29725	25061	528	345	0.30434782608695654
15800	6701	332	823	0.21951219512195122
25722	3479	410	471	0.24074074074074073
11904	28805	493	312	0.27927927927927926
7925	30721	303	536	0.6666666666666666
11504	4149	367	1542	0.265625
29960	14094	380	484	0.46153846153846156
12997	29025	190	442	0.37037037037037035
14239	12199	220	277	0.28662420382165604
1918	21353	498	527	0.35294117647058826
11913	11307	468	1073	0.23076923076923078
10170	14031	419	165	0.4
26996	11219	498	370	0.225
6606	27990	236	589	0.35714285714285715
21427	4938	534	261	0.3870967741935484
19870	15484	554	453	0.2982456140350877
9428	15496	1216	346	0.4642857142857143
10915	21305	1356	487	0.4074074074074074
23834	16024	1290	519	0.3181818181818182
13316	20984	190	353	0.6666666666666666
20189	17483	1503	332	0.3404255319148936
27385	8005	500	505	0.5
32053	30344	373	339	0.25
32315	14343	323	292	0.28205128205128205
10588	25761	885	526	0.23076923076923078
18995	16196	1212	644	0.20608108108108109
1281	21798	255	330	0.4117647058823529
17107	16639	1223	495	0.24615384615384617
32644	7633	309	432	0.42857142857142855
11826	29283	1327	504	0.23076923076923078
28756	176	345	1322	0.21739130434782608
12241	11424	1059	1517	0.30357142857142855
28845	4579	468	645	0.35
10622	3633	414	294	0.375
21699	16153	464	1507	0.2708333333333333
30704	34537	1525	788	0.3
32617	7373	536	1481	0.2545454545454545
14040	32134	454	312	0.35
21422	9062	447	507	0.24210526315789474
34009	15927	598	265	0.5
8563	9780	539	706	0.3142857142857143
1840	6458	255	259	0.25
8828	23875	370	408	0.2857142857142857
26026	3557	236	502	0.2463768115942029
12349	11355	1531	1067	0.2564102564102564
2467	2914	493	465	0.23684210526315788
17387	32043	485	229	0.36
30513	33988	1544	370	0.46875
32994	33155	770	366	0.2807017543859649
28729	22892	577	551	0.22950819672131148
13800	24392	240	396	0.25
33707	23420	266	1542	0.23376623376623376
12101	15518	898	1286	0.2894736842105263
35061	25843	377	562	0.2916666666666667
3989	2650	775	521	0.288135593220339
13237	1136	795	349	0.3333333333333333
18227	19798	522	500	0.20095693779904306
15485	25418	292	359	0.2028985507246377
5374	21019	280	486	0.26666666666666666
7174	30160	1272	360	0.25961538461538464
4352	22733	516	592	0.3170731707317073
10682	13765	797	515	0.2765957446808511
6132	1496	542	242	0.30612244897959184
9778	10975	405	753	0.37037037037037035
22822	1574	1315	502	0.22641509433962265
6060	19843	1531	1259	0.35336538461538464
13031	31324	1268	1544	0.2377567140600316
18165	33513	505	598	0.391304347826087
12638	3715	536	512	0.2926829268292683
12866	321	220	391	0.2702702702702703
27235	30808	222	495	0.3
5416	13789	415	332	0.21052631578947367
32759	6090	518	508	0.24145299145299146
7547	9514	579	471	0.2857142857142857
26071	3173	728	271	0.42857142857142855
9891	9947	802	555	0.39285714285714285
7573	13582	256	232	0.2727272727272727
10315	7738	863	449	0.2631578947368421
30169	26877	1519	555	0.26436781609195403
30576	9151	469	512	0.23333333333333334
3506	7547	655	579	0.26153846153846155
5848	7597	549	522	0.23529411764705882
7386	25072	1512	372	0.375
26391	6848	244	585	0.3793103448275862
8487	11842	651	554	0.168
2742	7927	1330	340	0.1941747572815534
2091	29261	335	568	0.3333333333333333
8912	22474	714	1272	0.29508196721311475
34678	28680	272	430	0.4230769230769231
16297	12972	628	292	0.23529411764705882
14030	2426	164	341	0.5555555555555556
19242	12612	537	192	0.32
28275	24922	455	402	0.5
22106	13657	399	218	0.25
878	11720	415	499	0.2692307692307692
29841	19756	514	1122	0.4666666666666667
34143	6791	478	518	0.3181818181818182
9806	18484	1229	530	0.2608695652173913
11543	6583	1320	481	0.4583333333333333
5904	18641	864	516	0.24731182795698925
1488	25872	522	259	0.7142857142857143
34394	9215	519	498	0.2405857740585774
22095	572	862	292	0.36363636363636365
21406	8823	333	865	0.375
9838	18790	1296	598	0.42105263157894735
24613	8441	305	554	0.3333333333333333
1121	12691	347	362	0.3142857142857143
24033	22935	508	343	0.2537313432835821
24936	4326	490	443	0.2777777777777778
81	14065	491	394	0.24932975871313673
22625	8401	482	1350	0.5882352941176471
32542	1119	1553	474	0.4
6368	14998	496	632	0.375
29735	7775	211	310	0.22580645161290322
9298	18052	1324	165	0.375
12501	27778	192	506	0.24242424242424243
23528	21406	1302	333	0.2087912087912088
24031	25386	524	418	0.28846153846153844
20115	8541	392	1329	0.2894736842105263
13894	1772	292	659	0.3076923076923077
16997	4911	580	751	0.32142857142857145
10234	1680	617	512	0.28
9230	31578	543	533	0.22115384615384615
3526	27686	350	370	0.5
8068	23712	365	348	0.6253602305475504
10613	31412	789	340	0.2524271844660194
15126	32430	532	223	0.75
18214	3952	422	1340	0.28205128205128205
10902	4031	261	410	0.391304347826087
29039	5595	375	1295	0.2962962962962963
28260	27931	513	799	0.2926829268292683
1466	27023	522	675	0.5555555555555556
14955	8518	1283	258	0.3953488372093023
8289	18441	442	440	0.28125
34802	7014	478	1195	0.19117647058823528
22438	20934	718	695	0.24675324675324675
17108	10393	1255	412	0.391304347826087
496	14538	556	529	0.30434782608695654
18707	2122	670	322	0.2169811320754717
16364	3843	394	520	0.23943661971830985
8171	1104	579	527	0.3448275862068966
23801	26577	500	297	0.2962962962962963
32531	29587	357	456	0.22429906542056074
24154	27734	654	443	0.22857142857142856
20202	4252	1228	484	0.32653061224489793
24306	29020	293	524	0.4444444444444444
22808	24377	367	1273	0.3611111111111111
18680	27863	376	251	0.2026431718061674
11303	16128	503	1326	0.34285714285714286
16467	31429	795	318	0.2972972972972973
6974	8969	1254	1279	0.2807017543859649
16456	30260	1307	509	0.3142857142857143
28454	179	261	522	0.19696969696969696
7245	2891	1177	433	0.2616822429906542
3892	7766	599	322	0.6923076923076923
33697	8037	1045	288	0.3333333333333333
2538	13580	599	220	0.38095238095238093
1746	27038	535	485	0.21621621621621623
15063	6578	292	347	0.3076923076923077
29447	26125	534	469	0.19653179190751446
18099	5896	521	355	0.6
32046	10608	507	536	0.3448275862068966
27774	33834	1322	884	0.2391304347826087
2793	860	277	1278	0.2619047619047619
33872	6385	283	417	0.28125
24002	29344	266	695	0.42857142857142855
7038	9707	1329	566	0.2775330396475771
1997	7089	874	1331	0.27586206896551724
22460	3984	479	516	0.29979035639413
30373	5533	375	844	0.375
12811	33316	394	773	0.23333333333333334
2782	26777	615	679	0.35714285714285715
29685	6662	217	306	0.4036697247706422
16154	3531	803	516	0.6
30274	15020	313	1508	0.3114754098360656
21767	5223	737	507	0.22388059701492538
3132	18856	475	562	0.2631578947368421
23666	34779	537	523	0.23880597014925373
18058	32245	188	1532	0.23404255319148937
19676	13074	513	1509	0.2638888888888889
26254	11467	813	555	0.38461538461538464
7484	12881	520	165	0.25
1624	1142	557	422	0.3076923076923077
28514	11909	458	1302	0.23684210526315788
22867	34844	1285	1238	0.3783783783783784
34611	23287	361	1524	0.28
29282	27912	293	466	0.5
28146	16630	510	827	0.2647058823529412
32517	1945	539	533	0.6405959031657356
13406	7896	362	276	0.4
358	21873	292	845	0.25
13039	13131	425	291	0.2
26383	10261	277	565	0.2682926829268293
28801	16660	349	1507	0.3333333333333333
28670	25796	455	542	0.3333333333333333
28626	9759	554	418	0.23404255319148937
5172	23149	340	1297	0.3181818181818182
4199	34381	799	164	0.3116883116883117
15764	9058	519	537	0.42857142857142855
31129	1243	448	261	0.41935483870967744
2102	3773	510	410	0.23255813953488372
17432	26409	553	919	0.32075471698113206
27184	27889	256	341	0.3333333333333333
6564	20355	808	631	0.2916666666666667
21648	1634	377	539	0.2463768115942029
4444	7633	335	432	0.3333333333333333
3314	29290	420	248	0.325
31827	30628	418	1277	0.36363636363636365
8147	16535	547	484	0.38461538461538464
2447	1287	481	260	0.20689655172413793
17215	15463	910	190	0.26666666666666666
4452	17665	504	164	0.5
198	20646	503	529	0.36363636363636365
16337	4310	406	505	0.35714285714285715
20753	11280	1273	500	0.27450980392156865
2771	16745	1262	592	0.27586206896551724
32888	2483	772	615	0.3333333333333333
19505	32565	554	525	0.3333333333333333
25886	34680	291	890	0.21686746987951808
32297	14659	266	1512	0.3235294117647059
4267	13019	461	135	0.32
30359	28771	761	221	0.3157894736842105
7882	27169	452	693	0.75
25049	19176	427	262	0.25925925925925924
6688	26927	515	419	0.5555555555555556
25035	6525	460	310	0.3333333333333333
9728	14174	874	1506	0.2828282828282828
31782	18786	291	458	0.5555555555555556
3218	31786	452	476	0.24509803921568626
31450	17443	530	1285	0.28
16268	15289	1251	299	0.22077922077922077
11416	21123	268	276	0.4166666666666667
28632	11994	257	383	0.4375
13823	33776	502	363	0.2708333333333333
18946	7467	1201	525	0.25
29233	960	335	293	0.2
4390	17308	260	356	0.5714285714285714
10822	28232	1336	222	0.3888888888888889
9146	1724	1347	560	0.5555555555555556
14047	30622	301	361	0.23529411764705882
3341	33788	487	816	0.3333333333333333
30195	11241	291	475	0.32432432432432434
6926	5834	491	397	0.3055555555555556
26918	3599	419	515	0.2018348623853211
10378	1797	805	476	0.47368421052631576
17006	6231	413	476	0.25
5484	15414	569	504	0.4
24207	33617	260	101	0.2608695652173913
33060	29398	100	255	0.3157894736842105
9607	7337	1327	293	0.296875
5472	29127	358	367	0.3114754098360656
1468	33007	692	375	0.5714285714285714
18990	33306	1288	237	0.6428571428571429
2001	4627	515	260	0.21
26148	17041	527	1305	0.29310344827586204
19930	35068	346	662	0.375
9059	10532	565	802	0.30434782608695654
7880	29575	447	456	0.3076923076923077
23334	34206	1542	225	0.275
33629	15278	366	329	0.3018867924528302
28859	33216	492	896	0.25925925925925924
24497	28682	294	358	0.45
755	11309	490	802	0.4
4044	1683	496	509	0.21645021645021645
17006	3068	413	433	0.5
27445	31084	1296	465	0.36585365853658536
20984	31016	353	658	0.2
6140	11785	399	1531	0.2549019607843137
12380	24920	546	698	0.2857142857142857
5578	19631	1509	319	0.25
26426	5996	320	543	0.5454545454545454
5507	10343	857	551	0.4074074074074074
33482	32747	940	359	0.1958762886597938
17721	10836	1276	548	0.6153846153846154
27752	33075	255	283	0.5454545454545454
9859	30366	1340	460	0.2972972972972973
25696	31269	374	872	0.2638888888888889
3278	17506	503	394	0.3888888888888889
2826	23241	521	273	0.44
15029	7727	160	1280	0.45
16950	5795	1158	222	0.24444444444444444
27755	7372	382	410	0.5154639175257731
23239	27993	1360	540	0.3170731707317073
2884	32398	923	509	0.8571428571428571
16260	11601	318	378	0.5
31949	18619	501	425	0.391304347826087
14688	21843	299	1321	0.25252525252525254
24732	23202	471	295	0.15789473684210525
7012	30162	1211	896	0.21212121212121213
26093	11909	552	1302	0.3157894736842105
19192	2960	277	303	0.3448275862068966
27632	18549	823	539	0.3
24662	25148	894	451	0.2558139534883721
16295	17355	448	748	0.7142857142857143
28135	1679	256	524	0.5
17409	29691	681	317	0.7
33534	20473	487	1500	0.25333333333333335
9941	4244	365	277	0.4375
29094	761	430	377	0.3076923076923077
10023	22152	583	243	0.2903225806451613
6698	25292	345	380	0.4583333333333333
9328	10473	326	524	0.27631578947368424
23302	15935	275	394	0.375
26648	18036	639	1507	0.4230769230769231
8195	22	1251	541	0.2833333333333333
32933	14549	778	648	0.21311475409836064
17427	35036	467	173	0.24528301886792453
26222	34911	257	592	0.2631578947368421
32886	14939	703	1070	0.3548387096774194
2692	28567	480	1227	0.42857142857142855
9008	16943	1156	1199	0.24450084602368866
25899	31426	545	317	0.26
9918	34551	313	782	0.47368421052631576
29174	4466	260	320	0.3333333333333333
27847	1445	891	381	0.47058823529411764
4155	5844	349	560	0.3157894736842105
19654	4840	555	524	0.3125
14054	7402	484	474	0.23110151187904968
16271	23445	292	1541	0.2597402597402597
10698	13406	298	362	0.20833333333333334
26698	7075	911	445	0.24242424242424243
15246	13981	538	289	0.3333333333333333
31136	26714	312	748	0.22950819672131148
27	22395	485	762	0.25
12227	16293	495	165	0.21428571428571427
2869	16679	500	1357	0.3125
21051	33491	862	265	0.41379310344827586
6186	26254	410	813	0.3333333333333333
21787	1437	1241	562	0.47058823529411764
10851	23613	542	496	0.36363636363636365
18246	19797	469	474	0.37037037037037035
32479	9479	615	553	0.2857142857142857
17182	8163	882	551	0.1897810218978102
6380	28109	805	653	0.3023255813953488
20832	2068	261	534	0.2
12664	18949	505	360	0.38235294117647056
17930	1851	525	511	0.7142857142857143
27288	26349	421	261	0.32142857142857145
4140	30804	277	493	0.2894736842105263
31735	4281	411	349	0.4
33802	8308	762	1326	0.35294117647058826
16953	2741	343	1075	0.2682926829268293
186	26260	350	1338	0.28169014084507044
30259	9532	451	414	0.23333333333333334
6350	17792	412	365	0.27586206896551724
5217	29022	414	1042	0.2857142857142857
17751	27112	556	343	0.2894736842105263
33880	6854	1443	1513	0.21645021645021645
14842	21394	299	1245	0.25
12105	25855	536	391	0.2716049382716049
24676	17368	1531	497	0.2542372881355932
27668	16316	396	484	0.30303030303030304
25940	28858	483	495	0.21700223713646533
20422	33208	1199	545	0.2857142857142857
24979	20470	317	258	0.5454545454545454
5917	21451	479	345	0.625
22300	17119	1337	290	0.34
20549	3230	491	396	0.2857142857142857
7251	8134	511	550	0.2230769230769231
8832	11834	497	661	0.27586206896551724
3839	31310	553	503	0.24
23679	16147	495	476	0.4166666666666667
25001	2915	325	495	0.5
23020	7431	499	537	0.5346938775510204
4612	31095	393	487	0.27586206896551724
5151	27687	836	1067	0.5641677255400254
4054	14881	453	394	0.3448275862068966
25879	13575	498	1320	0.2972972972972973
27606	20603	533	1533	0.4166666666666667
16289	26921	162	520	0.34615384615384615
8242	6554	886	255	0.3333333333333333
33729	17033	778	437	0.2777777777777778
21473	24404	527	511	0.25
3657	24837	369	260	0.2727272727272727
31818	503	368	162	0.3333333333333333
19735	8905	1434	1531	0.6963423050379572
19576	34757	1320	545	0.42105263157894735
16398	11726	397	555	0.22413793103448276
3077	19222	313	998	0.3
24663	24578	857	389	0.26
17955	28502	292	260	0.23863636363636365
28268	32604	537	616	0.2711864406779661
26899	3276	539	500	0.3
21422	28560	447	852	0.2857142857142857
17179	10605	946	171	0.2413793103448276
940	20364	535	523	0.3181818181818182
20627	27760	523	865	0.2830188679245283
23867	32114	1388	260	0.2375
29038	22276	774	1433	0.3617021276595745
1912	29531	396	536	0.3333333333333333
20219	20901	385	539	0.4166666666666667
14465	12601	521	505	0.2542372881355932
33188	1893	370	237	0.29411764705882354
27862	8575	251	611	0.3220338983050847
15893	24217	451	536	0.625
16914	26505	584	962	0.23076923076923078
24986	8572	267	494	0.5384615384615384
12079	27442	809	1491	0.5
22053	18952	1288	1247	0.504313725490196
3551	7104	469	1298	0.4
25984	21889	486	1337	0.375
22742	15001	620	449	0.2894736842105263
3519	600	349	505	0.265625
27885	10503	499	1330	0.2558139534883721
12238	7760	586	412	0.25274725274725274
11462	9971	201	867	0.42105263157894735
19274	11864	1314	535	0.2765957446808511
29617	28061	456	502	0.3722466960352423
31350	31060	495	311	0.3125
20356	26295	623	665	0.45
8803	20709	1268	448	0.35294117647058826
4412	25568	221	254	0.35294117647058826
1818	6793	500	833	0.3103448275862069
5181	11591	553	251	0.35135135135135137
18411	6548	515	407	0.27450980392156865
6048	24412	510	412	0.4666666666666667
32988	16462	778	505	0.20408163265306123
34957	33886	295	370	0.3142857142857143
25444	3930	841	271	0.4
401	983	1287	989	0.2857142857142857
7100	31102	1256	179	0.26373626373626374
33834	25957	884	900	0.2857142857142857
31535	32409	373	530	0.27906976744186046
8378	12837	566	482	0.2777777777777778
5186	11330	603	494	0.3
23485	29103	885	315	0.25
892	17904	525	191	0.4166666666666667
29236	8841	708	261	0.28761061946902655
26774	17243	1345	489	0.19318181818181818
10755	27852	761	436	0.3
4989	9651	824	547	0.34210526315789475
7268	10788	467	520	0.4375
3504	13362	167	452	0.375
34652	16464	671	484	0.23628691983122363
14995	31373	503	791	0.2807017543859649
22423	14940	491	484	0.5
28185	22657	626	462	0.2972972972972973
25288	34884	345	354	0.2857142857142857
3151	30225	1324	261	0.3225806451612903
22960	11062	542	547	0.36666666666666664
24149	17349	573	216	0.3684210526315789
33689	11457	1033	260	0.3333333333333333
20300	8383	435	428	0.2549019607843137
8087	15241	507	394	0.2112676056338028
32994	21253	770	1509	0.375
16594	23725	213	500	0.30726256983240224
17586	3089	497	1491	0.3333333333333333
2060	28130	646	1152	0.3448275862068966
16676	20021	391	229	0.3157894736842105
24079	18691	502	419	0.3
30619	22186	567	510	0.23958333333333334
9544	12898	872	311	0.3103448275862069
5026	7300	334	342	0.5415282392026578
9171	12684	536	1349	0.39285714285714285
10103	29324	1197	658	0.24154589371980675
18708	32194	698	503	0.34615384615384615
5561	29540	1310	207	0.3684210526315789
28730	26092	412	866	0.2608695652173913
13518	15918	505	115	0.6666666666666666
19232	10902	512	261	0.2692307692307692
32065	11122	535	312	0.23404255319148937
2012	12558	515	226	0.2857142857142857
24871	11122	524	312	0.2926829268292683
4769	31112	557	238	0.3888888888888889
23175	826	567	1551	0.2608695652173913
3983	4408	230	375	0.39285714285714285
25364	16183	555	521	0.4166666666666667
2733	16707	525	285	0.25925925925925924
21558	12737	429	555	0.29411764705882354
2175	25337	281	292	0.2733812949640288
15043	21299	292	567	0.21428571428571427
32967	9491	486	519	0.3333333333333333
17482	15036	1272	218	0.38235294117647056
21693	15041	719	286	0.2777777777777778
20026	774	503	394	0.21621621621621623
2343	6805	877	418	0.16129032258064516
33731	4530	595	549	0.3157894736842105
25974	28871	1325	655	0.22972972972972974
31075	33105	530	353	0.25925925925925924
18782	33697	504	1045	0.42857142857142855
4388	27851	845	555	0.3333333333333333
22632	11288	523	652	0.2857142857142857
18274	16652	475	454	0.7777777777777778
16671	23557	320	352	0.38095238095238093
17147	17163	549	985	0.2619047619047619
28016	3505	486	348	0.21666666666666667
34847	13779	352	394	0.45454545454545453
35067	23699	340	519	0.2375
4322	31136	523	312	0.3125
14250	29513	394	493	0.2972972972972973
7022	1020	519	260	0.4
21004	15789	566	192	0.2894736842105263
8082	9639	513	314	0.23333333333333334
29916	32921	483	288	0.29411764705882354
33586	16741	236	246	0.2894736842105263
25296	27891	369	489	0.2857142857142857
34582	33717	354	533	0.2641509433962264
10158	3992	509	753	0.2647058823529412
20058	20611	572	487	0.25
31538	8706	499	346	0.5384615384615384
31414	6858	503	509	0.22061855670103092
17972	29452	629	256	0.25
9013	16632	1238	265	0.23469387755102042
24696	15240	520	1341	0.3
2387	5868	591	516	0.3888888888888889
24991	16556	502	425	0.22695035460992907
11470	17550	418	478	0.2926829268292683
8663	13351	345	1307	0.21428571428571427
14836	29460	220	277	0.2564102564102564
10664	34174	1325	600	0.4074074074074074
15431	15615	445	291	0.3181818181818182
6763	9892	515	428	0.3157894736842105
7387	32765	1293	544	0.2222222222222222
1971	25683	523	586	0.4
10296	13768	1263	1514	0.33853006681514475
11298	33887	320	122	0.3333333333333333
33730	3235	1429	303	0.3111111111111111
13899	10995	311	569	0.5
9548	7938	881	504	0.36666666666666664
2934	7665	537	543	0.3939393939393939
976	12131	541	1264	0.2765957446808511
15074	11516	556	260	0.375
138	1066	535	275	0.22784810126582278
4130	34211	547	189	0.3181818181818182
25292	30232	380	627	0.3684210526315789
28440	24864	571	396	0.3090909090909091
7511	2969	1020	302	0.2826086956521739
1953	33287	503	533	0.25882352941176473
31512	25312	349	599	0.27848101265822783
7975	734	602	516	0.3275862068965517
5479	19364	619	1277	0.2523020257826888
12409	24423	477	1952	0.3235294117647059
25147	6090	437	508	0.375
18924	4044	510	496	0.22319474835886213
15416	18963	232	1522	0.3888888888888889
20927	15988	343	448	0.2727272727272727
5573	33445	1247	353	0.2222222222222222
3104	31626	651	530	0.4
18111	27599	466	1325	0.20212765957446807
9060	12778	541	406	0.3333333333333333
20634	20272	1522	349	0.2711864406779661
26782	20735	453	1330	0.4117647058823529
6400	2285	433	820	0.3333333333333333
239	13012	1305	394	0.23636363636363636
1107	29952	1518	894	0.3050847457627119
26494	11952	463	380	0.6099706744868035
229	24252	292	754	0.25
18281	21589	261	335	0.25892857142857145
24850	28674	368	320	0.5333333333333333
4884	21719	524	581	0.5905797101449275
1280	3019	255	1646	0.2524271844660194
28567	28367	1227	306	0.2608695652173913
25554	27661	277	340	0.2857142857142857
17607	6031	1298	499	0.27586206896551724
4838	854	447	1323	0.27586206896551724
25754	24311	437	478	0.23376623376623376
19601	5671	1303	1253	0.7494217424826523
5917	14732	479	463	0.22
18493	103	358	474	0.42857142857142855
29295	21229	655	213	0.3181818181818182
6591	26137	516	517	0.20242914979757085
17620	30764	804	359	0.3888888888888889
2749	34261	476	1276	0.25316455696202533
985	24070	632	511	0.3076923076923077
12756	28173	192	748	0.2553191489361702
27504	13258	511	484	0.25316455696202533
19280	9229	480	556	0.35714285714285715
24767	35015	343	455	0.4117647058823529
26558	10440	506	277	0.2857142857142857
25455	30088	558	312	0.3170731707317073
1010	34600	544	934	0.3333333333333333
15340	28406	484	1353	0.2558139534883721
34081	7753	354	567	0.46153846153846156
30964	34677	378	706	0.3076923076923077
31804	4761	293	565	0.30952380952380953
23860	2007	1169	256	0.375
24313	28098	481	463	0.33403361344537813
11836	23790	1293	358	0.2857142857142857
29722	5081	528	1252	0.21212121212121213
29784	24710	658	465	0.3
1531	15515	492	448	0.25054466230936817
8290	1459	688	341	0.2222222222222222
5700	8696	254	413	0.2826086956521739
28286	23495	512	353	0.25
29789	34208	1325	622	0.34375
12240	24912	630	366	0.2982456140350877
962	19839	293	593	0.47058823529411764
5155	383	500	448	0.23103448275862068
24152	9122	533	1283	0.26666666666666666
4773	30211	353	716	0.3469387755102041
23672	21994	332	498	0.25
33455	20601	786	347	0.32142857142857145
7718	30183	254	503	0.3157894736842105
31893	29944	500	532	0.22033898305084745
19057	5912	543	536	0.2826086956521739
9041	31999	339	908	0.3333333333333333
19450	25237	1244	281	0.19148936170212766
12116	4890	312	263	0.26540284360189575
6328	9480	508	561	0.3611111111111111
18371	6022	919	1214	0.23529411764705882
26398	9028	648	560	0.2702702702702703
28556	17450	1333	419	0.1836734693877551
11601	10663	378	1229	0.2564102564102564
9234	31295	555	271	0.28846153846153844
21906	33569	448	178	0.375
4879	29443	466	211	0.3076923076923077
3499	17323	293	1426	0.2553191489361702
24015	17458	507	1950	0.3157894736842105
8643	6896	668	626	0.6078431372549019
22715	19244	515	439	0.44
24434	31857	424	552	0.23529411764705882
2973	20903	504	552	0.35714285714285715
28515	33147	505	375	0.26785714285714285
8284	189	331	522	0.3157894736842105
9275	8279	505	529	0.28205128205128205
24062	32567	536	919	0.25
3	1183	524	528	0.46520874751491054
3262	4152	496	656	0.4230769230769231
26168	14388	849	505	0.2804878048780488
22424	26870	376	845	0.25
18029	3462	481	522	0.6666666666666666
30104	11251	547	389	0.2857142857142857
13845	8913	365	221	0.3488372093023256
18248	30802	546	1492	0.3389830508474576
11640	32971	870	595	0.34210526315789475
10679	21502	1015	511	0.35714285714285715
18349	331	372	310	0.4666666666666667
3828	5830	550	508	0.29411764705882354
31816	34089	1383	820	0.2112676056338028
33863	11977	1027	221	0.3142857142857143
10545	17158	358	348	0.4
29663	15752	277	445	0.46153846153846156
5904	8929	864	400	0.32142857142857145
27504	4750	511	569	0.325
25525	24454	569	413	0.2608695652173913
409	31553	394	530	0.24242424242424243
4319	3861	429	626	0.2830188679245283
23031	3866	483	1325	0.3
24366	67	544	260	0.28
11665	30397	204	482	0.44
7157	5647	421	1481	0.27586206896551724
20642	12185	371	277	0.34285714285714286
28010	5299	260	633	0.26744186046511625
2858	23771	718	475	0.23076923076923078
14903	28874	394	487	0.24057971014492754
3489	8923	518	416	0.24096385542168675
13081	2873	365	536	0.42105263157894735
2151	30302	810	508	0.24691358024691357
4645	28192	540	345	0.1864406779661017
20572	963	450	296	0.32
301	31710	519	387	0.2
16805	5676	439	516	0.4
33041	20464	1455	1232	0.3090909090909091
21445	19204	491	616	0.29411764705882354
14876	9230	1275	543	0.37142857142857144
34203	30692	529	182	0.38461538461538464
27079	13981	255	289	0.27586206896551724
27009	22584	367	336	0.3103448275862069
8618	16848	1202	507	0.25510204081632654
18286	30947	465	485	0.3064516129032258
7573	27093	256	1359	0.2375
5773	33729	525	778	0.2653061224489796
9257	31072	503	500	0.7283702213279678
13250	20372	292	449	0.6923076923076923
5416	13973	415	505	0.25
4634	2327	569	528	0.3148148148148148
16896	21776	1268	1214	0.2367758186397985
2975	10074	420	547	0.5
23055	26429	532	277	0.2682926829268293
14534	12004	403	1300	0.2926829268292683
4503	30688	1248	292	0.23636363636363636
19449	13981	776	289	0.35714285714285715
23589	28694	543	465	0.45
16779	34342	593	259	0.25
15856	22111	299	1232	0.2571428571428571
9921	27569	230	445	0.3684210526315789
34730	3963	673	461	0.2
26583	17891	494	521	0.3111111111111111
28535	2550	548	509	0.25
28132	29347	513	312	0.18181818181818182
12698	14354	505	1509	0.36363636363636365
16473	19632	502	855	0.6
32989	12794	486	1524	0.25
19899	11591	493	251	0.21705426356589147
20835	14932	455	394	0.5833333333333334
25075	19524	1317	1201	0.618421052631579
26600	9037	1530	456	0.30434782608695654
3108	21682	537	888	0.27586206896551724
21888	3478	1258	488	0.19318181818181818
29197	29119	501	1107	0.47058823529411764
18133	3284	394	655	0.2727272727272727
25786	23599	272	556	0.2553191489361702
29424	21991	528	1295	0.3076923076923077
23097	5246	302	516	0.36363636363636365
23869	26022	447	1080	0.21518987341772153
10450	13499	361	556	0.47058823529411764
11978	637	356	615	0.234375
2229	21843	871	1321	0.5384615384615384
21269	7021	487	802	0.2517482517482518
2785	32334	493	490	0.3333333333333333
20281	1805	598	1274	0.2
6666	15307	270	1281	0.25925925925925924
6535	5461	626	438	0.26785714285714285
6561	30323	457	488	0.2631578947368421
33260	25421	362	361	0.38095238095238093
6209	1251	528	555	0.25806451612903225
9327	21530	517	610	0.5573122529644269
19328	29175	514	396	0.45454545454545453
25497	3537	505	445	0.22868217054263565
11609	11022	335	270	0.21929824561403508
1559	26615	448	1332	0.3333333333333333
24310	15322	218	284	0.7142857142857143
20652	17566	1145	265	0.2054794520547945
5449	11608	513	428	0.4
42	5419	886	842	0.8751486325802615
8862	11943	276	412	0.34782608695652173
28687	20561	255	399	0.25
23418	3900	557	503	0.3103448275862069
693	10348	505	524	0.23728813559322035
27373	3327	543	1245	0.2542372881355932
5173	20939	319	535	0.4
7274	22102	1233	450	0.36363636363636365
14063	11999	301	1248	0.3783783783783784
22742	17015	620	455	0.2537313432835821
28845	22268	468	465	0.34782608695652173
2096	28708	490	502	0.2972972972972973
18515	2872	725	516	0.3157894736842105
32264	6546	567	516	0.2558139534883721
29028	12534	348	190	0.23255813953488372
8463	30388	1242	716	0.3170731707317073
3245	23190	1306	1510	0.24301075268817204
23996	1838	260	299	0.9302325581395349
15112	4309	804	526	0.42857142857142855
3155	637	339	615	0.4583333333333333
25734	18864	229	522	0.2631578947368421
14170	19927	521	1321	0.2926829268292683
799	13321	485	446	0.22146118721461186
18181	22820	292	222	0.32142857142857145
8261	2059	1281	461	0.3157894736842105
14058	28076	448	1356	0.25
2988	33192	348	745	0.36
18626	4221	425	532	0.3333333333333333
4719	19653	867	1247	0.4666666666666667
6146	14508	499	394	0.32558139534883723
22073	11420	412	1323	0.2222222222222222
23538	22682	640	1210	0.2375
15966	24497	484	294	0.21212121212121213
22312	9601	466	260	0.32608695652173914
2995	23681	528	483	0.24444444444444444
25422	4630	518	868	0.38095238095238093
2179	3887	515	1273	0.34782608695652173
26709	31909	247	516	0.26666666666666666
855	1259	292	541	0.21951219512195122
26069	28080	469	542	0.4375
3852	4829	1325	511	0.32432432432432434
25353	28785	443	226	0.2608695652173913
31293	17220	292	479	0.25
2889	15835	806	192	0.3333333333333333
31390	32830	381	165	0.25
17501	8212	1319	507	0.3235294117647059
14274	12703	556	451	0.2641509433962264
18938	20103	1179	507	0.19230769230769232
24573	14747	531	524	0.3870967741935484
1344	182	334	365	0.2833333333333333
25731	32163	459	512	0.42857142857142855
30046	24705	433	502	0.357429718875502
10300	21900	520	510	0.5277207392197125
21501	527	493	292	0.5625
14284	10530	188	1042	0.2826086956521739
22802	724	495	528	0.2857142857142857
4776	32324	510	524	0.3333333333333333
13927	24869	1308	464	0.24719101123595505
20519	16718	651	1457	0.20945945945945946
8520	25635	254	1117	0.25742574257425743
12035	18734	406	341	0.36363636363636365
6931	30105	1304	925	0.29508196721311475
16696	12043	513	258	0.2553191489361702
4007	12240	543	630	0.21951219512195122
9794	14341	500	223	0.8333333333333334
14504	20166	166	558	0.5
21694	6242	525	228	0.2857142857142857
4570	998	555	876	0.275
2093	2610	346	736	0.24444444444444444
27640	3040	536	298	0.20224719101123595
23341	16009	557	535	0.23529411764705882
368	27132	359	405	0.3333333333333333
33451	16598	887	404	0.29411764705882354
15923	913	502	516	0.3611111111111111
9926	7644	1494	518	0.32653061224489793
5792	25167	846	1302	0.4444444444444444
25728	29102	335	317	0.24324324324324326
14414	8918	265	413	0.2558139534883721
425	18454	552	291	0.21311475409836064
21922	29919	221	870	0.3783783783783784
21894	29566	346	528	0.2727272727272727
21186	12194	431	406	0.25
5749	11206	373	260	0.4
27754	20426	252	317	0.34615384615384615
10976	25902	1524	1345	0.2236180904522613
3042	15135	1277	477	0.2553191489361702
15746	27464	295	465	0.37142857142857144
11742	555	350	299	0.47058823529411764
9271	29987	555	1215	0.30612244897959184
24251	23181	394	253	0.28888888888888886
34122	12224	597	657	0.3
5094	16766	1504	537	0.2702702702702703
30273	30367	1452	1279	0.3191489361702128
1616	8262	252	345	0.24324324324324326
71	29158	1763	665	0.34146341463414637
7506	5952	492	463	0.37037037037037035
22560	10623	464	536	0.46153846153846156
14788	401	448	1287	0.45454545454545453
11857	12389	667	490	0.3333333333333333
28275	11026	455	255	0.3
6486	11201	1314	260	0.24324324324324326
4425	23106	367	568	0.4375
34369	8158	776	366	0.2765957446808511
34226	32036	178	318	0.28125
280	23988	448	1304	0.2903225806451613
6190	28425	504	1321	0.29411764705882354
6974	7344	1254	602	0.24468085106382978
32973	28608	1026	345	0.28846153846153844
13856	35096	631	485	0.3194444444444444
24341	21778	468	721	0.23255813953488372
5344	20509	423	553	0.42857142857142855
30392	30831	1090	698	0.5059760956175299
10975	6173	753	347	0.30952380952380953
25016	33866	337	676	0.26785714285714285
2913	3299	356	550	0.3076923076923077
22260	15488	1231	299	0.2463768115942029
31375	35060	1459	422	0.2191780821917808
14152	4401	292	743	0.2972972972972973
24604	10130	759	536	0.2894736842105263
33326	31430	288	312	0.18421052631578946
11296	33362	262	793	0.2777777777777778
18095	21738	226	1479	0.3888888888888889
20381	3500	424	1277	0.5555555555555556
6289	33679	1268	264	0.2727272727272727
9050	11018	1334	468	0.27380952380952384
31245	10650	361	512	0.2153846153846154
79	3537	464	445	0.27860696517412936
11641	14008	498	154	0.22807017543859648
19303	8353	332	407	0.2891566265060241
14984	8865	222	655	0.1896551724137931
10190	3877	502	1323	0.2962962962962963
16512	5811	365	574	0.42857142857142855
18181	18267	292	536	0.5
31934	18268	541	312	0.2619047619047619
13855	8629	518	1271	0.5833333333333334
34399	7189	527	502	0.21875
4327	27620	497	448	0.36363636363636365
23586	12863	335	525	0.45
668	8292	927	333	0.30357142857142855
854	8361	1323	765	0.20833333333333334
2366	13622	246	1343	0.30303030303030304
3323	18153	1545	365	0.25806451612903225
9782	14353	520	365	0.34210526315789475
8598	8557	1277	785	0.2826086956521739
28764	32638	418	1285	0.3181818181818182
23538	8335	640	737	0.3711340206185567
6765	15971	498	449	0.20350109409190373
24440	12711	491	628	0.375
2715	8561	299	251	0.2727272727272727
32986	6130	394	1276	0.2441860465116279
27389	21985	465	1288	0.27450980392156865
3082	26683	323	308	0.2777777777777778
16611	25943	505	361	0.5
12913	189	525	522	0.275
3764	22572	1493	503	0.25
15126	28833	532	222	0.3
29944	30120	532	317	0.47058823529411764
23321	26075	275	654	0.47619047619047616
6288	14696	1225	332	0.4
8652	4655	350	343	0.26666666666666666
1501	10610	276	255	0.235
5875	27244	544	493	0.3448275862068966
4851	30780	396	261	0.3448275862068966
19564	24780	401	538	0.3284671532846715
2678	10428	491	512	0.24719101123595505
34792	14297	673	555	0.34615384615384615
7820	1911	333	361	0.6666666666666666
17279	16249	499	440	0.2708333333333333
18081	4383	164	412	0.4444444444444444
25368	25682	413	543	0.6153846153846154
10630	9885	1325	463	0.4
5318	13305	570	289	0.2711864406779661
7767	27511	704	570	0.28378378378378377
31906	916	471	525	0.3157894736842105
32839	3661	536	259	0.42857142857142855
24044	26598	402	466	0.2848101265822785
24154	27373	654	543	0.36363636363636365
25772	30179	255	1051	0.2653061224489796
2659	25111	261	313	0.22072072072072071
15326	25821	503	516	0.3137254901960784
10025	5512	245	507	0.3448275862068966
33563	25802	486	255	0.5714285714285714
23727	23702	523	271	0.24193548387096775
3961	19870	1264	554	0.29411764705882354
18804	16694	536	513	0.3076923076923077
19693	2370	1296	417	0.3870967741935484
28899	28277	1076	500	0.32
25658	12867	1216	505	0.38
20065	12357	1191	202	0.3541666666666667
14727	27317	1301	264	0.25
22530	559	508	448	0.24537037037037038
19811	24702	236	410	0.26582278481012656
10962	29728	246	486	0.25
12436	8485	214	413	0.5454545454545454
11071	25253	261	511	0.3333333333333333
8827	28432	385	1204	0.36363636363636365
7698	5797	550	558	0.23809523809523808
19367	9624	337	292	0.7808219178082192
16759	14184	496	164	0.625
26931	9007	588	364	0.2
22513	21008	457	516	0.27906976744186046
17468	9915	540	513	0.34782608695652173
6646	33730	917	1429	0.28125
33635	2574	1020	420	0.4
34983	32308	889	294	0.36
6428	26710	579	397	0.27586206896551724
9667	15735	423	448	0.19451371571072318
20390	5546	361	569	0.358974358974359
24921	17279	499	499	0.21739130434782608
14457	13173	556	453	0.34782608695652173
22205	15690	421	292	0.3076923076923077
8780	18463	875	293	0.5454545454545454
30207	12232	655	345	0.2857142857142857
23962	3775	1204	758	0.34615384615384615
23899	34840	373	983	0.24528301886792453
15456	14739	346	820	0.42857142857142855
16090	17087	365	1281	0.2916666666666667
13258	2276	484	535	0.22988505747126436
15786	5082	1512	1320	0.3643122676579926
5156	23975	510	1355	0.23255813953488372
34668	32735	674	384	0.3333333333333333
26585	1834	227	498	0.2727272727272727
24501	17503	484	1525	0.24017467248908297
24234	30599	365	532	0.2608695652173913
25585	17600	877	223	0.25925925925925924
32727	21680	488	862	0.30952380952380953
29722	26304	528	1167	0.3076923076923077
17580	21987	446	1260	0.20909090909090908
13065	23625	292	517	0.5
15723	28612	286	571	0.25
24295	30945	1281	349	0.16666666666666666
17750	25757	165	867	0.5
25340	32950	341	352	0.375
25054	4166	1524	280	0.24615384615384617
28239	13672	868	484	0.4482758620689655
18373	8288	884	511	0.46153846153846156
5182	11605	525	1359	0.47619047619047616
22495	18713	527	366	0.2777777777777778
24244	1450	804	332	0.2727272727272727
21760	20076	1360	244	0.3
33295	5736	1021	466	0.3888888888888889
22393	12148	754	836	0.21666666666666667
26155	9345	1225	376	0.4444444444444444
21174	24327	527	531	0.28125
24988	26022	492	1080	0.3
19797	29273	474	703	0.2692307692307692
11909	7395	1302	613	0.2765957446808511
15697	887	394	851	0.23863636363636365
29700	18099	527	521	0.36666666666666664
8959	15702	495	1508	0.2916666666666667
24113	7776	528	375	0.4
17412	11900	392	361	0.2962962962962963
25218	8030	492	1423	0.23972602739726026
18737	3449	197	943	0.4642857142857143
17352	12806	545	502	0.8007968127490039
16240	10316	293	504	0.22448979591836735
27227	7624	1320	357	0.5555555555555556
19726	20757	244	269	0.2692307692307692
20247	13991	260	497	0.325
3659	29675	293	1530	0.3111111111111111
27043	14418	258	555	0.32432432432432434
30008	14811	511	1280	0.4
6832	1184	497	562	0.3894736842105263
1965	35006	293	945	0.2875
7994	32485	1296	691	0.28
34788	23348	150	640	0.3333333333333333
10945	9311	573	1275	0.25316455696202533
7880	5203	447	430	0.42857142857142855
24140	29270	883	472	0.3333333333333333
6054	18405	1325	792	0.23076923076923078
20862	10251	500	554	0.28
13704	23773	505	548	0.22413793103448276
18308	11548	557	566	0.2857142857142857
28373	33127	805	352	0.4166666666666667
30189	17023	602	473	0.21929824561403508
17501	32640	1319	1349	0.8874074074074074
3185	7368	471	737	0.24193548387096775
32585	12713	728	1329	0.3103448275862069
10721	1659	257	856	0.5
34670	26930	865	487	0.2647058823529412
22376	9672	345	517	0.21428571428571427
14585	29144	190	534	0.5333333333333333
30330	29685	406	217	0.21568627450980393
8654	28178	522	489	0.21951219512195122
26234	21228	549	569	0.4117647058823529
26655	12340	403	487	0.21212121212121213
12778	30672	406	547	0.32
223	7305	192	398	0.3333333333333333
18262	4059	1074	905	0.5659679408138101
3056	23403	459	1325	0.32
9994	28791	508	616	0.18110236220472442
4121	1611	454	483	0.4484304932735426
24083	21330	296	1535	0.3181818181818182
34022	2990	267	735	0.2647058823529412
2383	1659	464	856	0.34782608695652173
9960	31709	1242	339	0.3389830508474576
11677	8390	422	494	0.25
4306	20262	509	447	0.2026726057906459
12209	20957	656	1287	0.23529411764705882
30350	12770	633	478	0.358974358974359
7858	27880	1145	301	0.38461538461538464
1734	19734	567	1284	0.3448275862068966
14857	8088	306	513	0.38461538461538464
14261	26083	437	925	0.32608695652173914
34674	5691	673	411	0.3055555555555556
32399	10779	508	499	0.2150313152400835
2299	13006	369	654	0.2727272727272727
7970	12983	621	448	0.4
24778	22666	914	998	0.265625
23007	10103	1559	1197	0.33849918433931486
33954	25609	523	632	0.2391304347826087
11535	1755	900	475	0.27419354838709675
12221	31761	246	573	0.3076923076923077
16130	22542	1333	479	0.21428571428571427
8376	24479	513	382	0.3870967741935484
23084	13972	381	520	0.375
15376	9722	226	252	0.5
11074	9881	336	801	0.32142857142857145
29012	14866	744	359	0.25925925925925924
12458	34223	243	437	0.358974358974359
11423	93	553	499	0.6363636363636364
18830	23828	377	346	0.47619047619047616
31043	14552	316	223	0.27586206896551724
23202	14778	295	220	0.27488151658767773
8467	14852	706	455	0.2616822429906542
27736	27972	411	753	0.26666666666666666
5708	33244	334	264	0.3684210526315789
22938	2277	244	524	0.3076923076923077
30771	26024	238	215	0.3157894736842105
6005	3208	333	335	0.2823529411764706
30088	2985	312	366	0.24193548387096775
33518	12283	948	305	0.19130434782608696
25499	32626	414	475	0.3333333333333333
7916	33139	522	294	0.24390243902439024
10380	13100	261	192	0.4166666666666667
24977	2528	317	189	0.6666666666666666
6466	927	572	530	0.4444444444444444
32203	8171	661	579	0.3220338983050847
10221	25980	316	255	0.275
6538	23214	465	289	0.2926829268292683
14566	11985	448	553	0.2727272727272727
5874	32308	416	294	0.625
28491	17179	658	946	0.25
35004	16926	673	535	0.25862068965517243
26380	31357	505	444	0.24096385542168675
13127	21254	1509	1544	0.46238651102464334
29007	17213	1019	579	0.29446640316205536
8586	9512	509	500	0.22580645161290322
13750	14201	301	362	0.20512820512820512
10011	9282	1294	516	0.32653061224489793
10576	33315	254	709	0.25806451612903225
1106	6955	868	1543	0.3
19138	16630	441	827	0.2
10090	22682	1066	1210	0.2558139534883721
10111	12067	312	1066	0.23076923076923078
11707	23182	281	626	0.27586206896551724
26543	3746	320	514	0.25
24708	11995	534	1202	0.24509803921568626
22120	13832	667	1508	0.1940928270042194
24352	3231	339	425	0.75
25533	15875	501	1507	0.2727272727272727
31377	16032	484	446	0.2147117296222664
4369	7519	1234	1260	0.2524271844660194
34837	3632	774	621	0.2647058823529412
17796	26005	1283	1125	0.23300970873786409
32229	18073	319	452	0.46153846153846156
6851	15487	441	332	0.24285714285714285
413	31822	536	499	0.47058823529411764
20660	15015	1298	532	0.28125
19981	7997	456	287	0.4166666666666667
21230	9731	236	862	0.2962962962962963
888	4701	333	621	0.3023255813953488
14401	25255	232	315	0.21739130434782608
11437	26299	855	530	0.2923076923076923
3757	33339	508	147	0.3
18797	26168	1236	849	0.23214285714285715
15023	31033	269	265	0.5384615384615384
23945	25304	504	258	0.2972972972972973
4145	20567	509	592	0.2481060606060606
18143	31204	411	570	0.4375
2951	23693	582	535	0.3
20868	16477	468	220	0.27450980392156865
4765	11421	502	261	1.0
4410	24136	1288	394	0.21348314606741572
5667	28057	345	498	0.27692307692307694
17541	4719	505	867	0.2727272727272727
5078	22427	564	547	0.3333333333333333
21623	28066	497	470	0.5766738660907127
17800	1108	394	884	0.265625
5985	24639	597	380	0.18888888888888888
13862	21039	1509	465	0.4
29547	32548	505	549	0.23255813953488372
23445	12115	1541	238	0.2153846153846154
3945	31271	334	475	0.28
34	8984	419	1297	0.24074074074074073
1190	16621	256	1281	0.29411764705882354
11057	28481	522	516	0.4090909090909091
10374	977	503	246	0.47058823529411764
4660	32514	562	260	0.23529411764705882
6297	8909	541	1276	0.2839506172839506
5885	9808	1258	1087	0.21739130434782608
20151	4803	502	253	0.36363636363636365
13224	15967	292	192	0.6666666666666666
28180	26445	505	575	0.23404255319148937
30327	34863	411	357	0.42857142857142855
29747	26606	524	1286	0.2553191489361702
2381	34289	503	360	0.2857142857142857
31101	14130	516	556	0.3
4862	10811	196	504	0.2647058823529412
27942	32148	221	497	0.25
31711	15160	563	265	0.2962962962962963
5236	12148	540	836	0.2125
8641	28694	507	465	0.21
25519	1855	555	493	0.3018867924528302
30171	22224	1542	378	0.325
34761	35046	255	271	0.3333333333333333
31139	27548	358	836	0.25
23095	15547	917	454	0.36065573770491804
13631	20235	362	497	0.3142857142857143
13304	7555	478	391	0.22580645161290322
6009	25049	339	427	0.8571428571428571
21549	20235	520	497	0.3333333333333333
12345	2023	639	515	0.29411764705882354
33586	21946	236	513	0.32142857142857145
11907	15281	543	506	0.6470588235294118
8171	9485	579	649	0.22950819672131148
2993	10390	723	1320	0.37142857142857144
7933	4538	533	514	0.3870967741935484
23066	1541	327	312	0.3225806451612903
22878	31869	523	497	0.2830578512396694
24781	17844	585	620	0.2523364485981308
18532	29890	486	723	0.26
18618	31453	1334	302	0.4
451	3272	338	1543	0.37037037037037035
78	9193	472	344	0.37037037037037035
27581	30426	485	619	0.358974358974359
25928	20065	496	1191	0.3181818181818182
20262	28525	447	326	0.3448275862068966
32532	26274	449	345	0.3235294117647059
19512	29348	476	330	0.375
29500	20284	251	235	0.2692307692307692
5834	27511	397	570	0.1951219512195122
13192	25274	484	454	0.23529411764705882
22777	27959	539	839	0.3076923076923077
2213	16838	477	765	0.24390243902439024
21667	2164	582	363	0.42857142857142855
1510	26653	504	1526	0.275
16008	23134	295	334	0.3181818181818182
20626	14456	516	311	0.5454545454545454
30818	13053	557	449	0.3548387096774194
2466	25304	486	258	0.375
17851	27959	325	839	0.2894736842105263
12220	30435	252	1277	0.5
28926	5182	516	525	0.2109375
7203	23468	1359	375	0.34782608695652173
9001	24913	260	222	0.3620689655172414
14597	21043	444	576	0.2169811320754717
13493	3247	505	411	0.22018348623853212
24311	30536	478	546	0.19166666666666668
521	11747	292	400	0.5384615384615384
24117	22922	1642	474	0.2391304347826087
7216	10584	510	293	0.2875
34669	10557	255	482	0.47058823529411764
30321	27100	555	570	0.9226519337016574
13524	27955	293	489	0.4
19641	15385	504	425	0.3050847457627119
5135	20579	513	360	0.34210526315789475
19004	34374	1242	764	0.2698412698412698
21980	25786	1319	272	0.3888888888888889
22851	18461	704	235	0.2777777777777778
27128	28483	568	520	0.2857142857142857
16253	19564	505	401	0.21621621621621623
21653	17152	293	293	0.23902439024390243
19146	14510	894	1321	0.3114754098360656
20145	16868	1049	1241	0.23717948717948717
4783	20011	393	325	0.40625
7950	25920	678	338	0.34615384615384615
16029	15889	332	521	0.47058823529411764
16939	18074	1305	323	0.35526315789473684
29549	18683	515	332	0.23880597014925373
14838	17671	504	165	0.35
26864	17288	410	517	0.37037037037037035
1125	34460	259	523	0.45454545454545453
11228	9575	516	402	0.4375
14714	3128	505	404	0.275
21508	32801	487	480	0.2608695652173913
27533	8408	476	553	0.3488372093023256
31262	14321	543	451	0.3026315789473684
34942	34235	270	776	0.38095238095238093
17669	6537	804	295	0.47368421052631576
16330	10334	292	249	0.2755102040816326
6790	522	400	513	0.22580645161290322
29199	8459	417	260	0.5625
4011	11359	453	1540	0.22340425531914893
7546	31374	1577	1232	0.3333333333333333
2841	31387	615	362	0.3888888888888889
21418	19749	1524	553	0.3111111111111111
33985	22789	907	919	0.37254901960784315
12629	18813	525	260	0.2987012987012987
27053	24283	746	628	0.38461538461538464
22064	30973	366	867	0.27450980392156865
8644	8235	461	428	0.23728813559322035
2443	16019	484	299	0.23809523809523808
665	2812	1323	312	0.3283582089552239
19776	18228	1214	525	0.21739130434782608
28366	19948	456	541	0.24675324675324675
25002	4200	693	524	0.296875
9724	14643	570	466	0.21428571428571427
3578	1794	512	555	0.2549019607843137
9269	23315	418	1314	0.24528301886792453
6988	8936	1323	855	0.4666666666666667
7523	13371	1314	292	0.3111111111111111
30242	21844	493	1513	0.1968503937007874
25787	23346	256	1638	0.3333333333333333
34653	25664	559	396	0.42857142857142855
12472	21677	540	341	0.2608695652173913
22110	30890	1196	1323	0.626418152350081
151	28196	220	434	0.24257425742574257
5169	14313	504	505	0.20652173913043478
4507	17110	343	288	0.23706896551724138
23625	19552	517	505	0.224
12396	16998	490	524	0.20087336244541484
21447	25988	526	481	0.3333333333333333
25420	14502	322	653	0.3018867924528302
5547	4749	345	556	0.5714285714285714
14602	24312	311	625	0.375
3149	13415	261	191	0.27906976744186046
19439	12030	1313	410	0.5
12484	26699	362	396	0.23684210526315788
10326	8895	504	356	0.29207920792079206
2194	16296	265	1276	0.34615384615384615
12773	20317	323	913	0.3170731707317073
29983	19185	292	361	0.25316455696202533
12000	17375	365	401	0.2608695652173913
26645	13625	1301	458	0.45
7063	1226	302	500	0.3333333333333333
19743	15203	1378	360	0.24175824175824176
29541	27242	528	342	0.2641509433962264
33058	25968	486	851	0.24705882352941178
1836	2141	484	475	0.4
20564	9231	405	1269	0.23636363636363636
18388	24997	348	1343	0.6666666666666666
3284	10026	655	341	0.2087912087912088
5876	31935	438	1691	0.45
28714	18746	514	532	0.4117647058823529
4221	30527	532	543	0.25
17268	12341	1100	516	0.34210526315789475
2460	19798	1280	500	0.7
13620	20875	1285	789	0.25
3830	10168	361	363	0.2857142857142857
14967	24026	300	522	0.29411764705882354
3075	10706	420	1524	0.42105263157894735
10615	18371	818	919	0.32
27664	25614	919	1364	0.26666666666666666
22173	11873	305	573	0.5294117647058824
29389	22070	419	344	0.35714285714285715
10451	13039	308	425	0.21739130434782608
13175	8747	532	328	0.25806451612903225
34099	10047	292	540	0.4
15320	610	305	187	0.45454545454545453
8932	1064	692	483	0.3333333333333333
8810	21639	464	312	0.30434782608695654
26297	7065	406	468	0.24242424242424243
14124	13396	293	1322	0.24358974358974358
652	15055	500	1506	0.3125
1439	14382	281	365	0.5917602996254682
12928	16622	522	365	0.38095238095238093
26757	30700	736	685	0.36363636363636365
28899	4438	1076	1320	0.26666666666666666
8051	28034	676	563	0.25333333333333335
29903	23933	410	664	0.43478260869565216
701	28674	292	320	0.3684210526315789
27975	9305	499	792	0.18571428571428572
31351	22765	498	261	0.2682926829268293
20656	16326	1267	1286	0.24047619047619048
3713	11374	536	654	0.25
18218	24261	528	1509	0.24285714285714285
13802	3673	441	596	0.1875
5127	11340	1241	799	0.2833333333333333
15127	16928	628	496	0.34146341463414637
31957	11182	345	255	0.2903225806451613
15400	1903	274	522	0.3611111111111111
14207	17750	226	165	0.23333333333333334
8638	3058	577	464	0.28205128205128205
8326	19398	567	512	0.42857142857142855
30045	4463	760	588	0.47619047619047616
29767	10685	399	890	0.5631868131868132
10709	8677	320	531	0.4
19180	3415	1642	255	0.3188405797101449
24464	3833	730	312	0.391304347826087
28793	27104	537	1512	0.2545454545454545
16970	30314	484	723	0.4166666666666667
6657	31213	244	1325	0.5833333333333334
32452	21044	710	597	0.2857142857142857
17068	27126	1206	312	0.4
6938	11985	530	553	0.23809523809523808
17282	3279	407	523	0.38095238095238093
25317	23577	500	1337	0.26666666666666666
14902	28882	451	529	0.27586206896551724
10098	30746	1415	862	0.2830188679245283
9721	22248	260	1343	0.3548387096774194
33147	4200	375	524	0.2222222222222222
11788	10194	665	343	0.3225806451612903
20752	2628	1247	261	0.2857142857142857
22494	25249	491	306	0.23076923076923078
25834	34981	1265	468	0.5384615384615384
18464	16693	516	513	0.2242798353909465
33235	9662	266	551	0.45454545454545453
16213	31815	529	258	0.3888888888888889
16325	12296	394	600	0.34782608695652173
29580	5000	456	803	0.5555555555555556
12209	6535	656	626	0.27380952380952384
8519	5540	260	380	0.2857142857142857
5632	3089	1230	1491	0.3470319634703196
7813	34794	712	727	0.5
30008	33653	511	1446	0.23353293413173654
2750	15447	514	505	0.23529411764705882
22718	27258	524	692	0.35
3276	4845	500	487	0.22885572139303484
29780	3242	255	1545	0.23333333333333334
31767	19093	424	402	0.2777777777777778
2362	14780	536	292	0.35135135135135137
9899	23102	643	500	0.375
6787	16503	106	365	0.375
23262	11678	1285	392	0.3103448275862069
20862	7169	500	1339	0.25
32374	6686	444	554	0.3333333333333333
11315	11501	513	499	0.22474226804123712
9312	32258	1269	441	0.265625
25415	16680	421	192	0.23353293413173654
16369	14438	332	628	0.2647058823529412
29779	11913	511	468	0.19130434782608696
10718	1406	255	341	0.6
23639	18957	1440	290	0.22772277227722773
9807	9459	1215	1334	0.6505747126436782
7404	24620	410	536	0.3442622950819672
11544	24699	430	493	0.32075471698113206
21004	17083	566	1220	0.5
25067	12606	476	332	0.2542372881355932
12799	98	630	255	0.27906976744186046
12812	13261	448	448	0.9508928571428571
18998	19295	822	479	0.26262626262626265
19794	29020	798	524	0.3103448275862069
1213	19970	500	667	0.5555555555555556
32912	33984	887	788	0.3150684931506849
32708	33329	330	813	0.3333333333333333
21665	769	1210	293	0.29411764705882354
17757	30449	394	411	0.36363636363636365
1363	10892	887	376	0.2777777777777778
676	24522	1313	685	0.23333333333333334
24741	33258	256	830	0.28
22895	4677	506	858	0.36
20527	12416	512	221	0.2608695652173913
29372	32560	515	1088	0.38413361169102295
16867	11905	347	246	0.25
26034	27992	1276	334	0.5263157894736842
13710	10483	1307	522	0.24210526315789474
20744	27139	491	515	0.24691358024691357
15281	17564	506	457	0.4666666666666667
12123	29645	475	334	0.29411764705882354
32637	31074	1518	531	0.275
20899	11173	621	276	0.248
10486	23507	466	289	0.38095238095238093
10067	1149	1485	441	0.38461538461538464
27417	5279	1308	1372	0.6171516079632465
26172	22891	855	353	0.2125984251968504
5486	9290	876	849	0.7241379310344828
8770	1820	595	415	0.6666666666666666
24175	10332	257	496	0.3333333333333333
9889	18732	270	555	0.2807017543859649
7669	4675	535	405	0.2876712328767123
21140	26903	332	416	0.47368421052631576
14310	2755	1310	414	0.4
9937	20823	334	255	0.24789915966386555
20696	26360	350	1281	0.5
15243	28566	165	355	0.391304347826087
16014	30361	394	319	0.46153846153846156
10103	26778	1197	871	0.32142857142857145
11295	19441	362	569	0.3076923076923077
11788	2801	665	651	0.2986111111111111
28276	24705	260	502	0.3181818181818182
4980	21969	1265	934	0.20202020202020202
16987	33709	503	165	0.375
1773	22258	312	1272	0.35714285714285715
6363	12748	446	1287	0.2972972972972973
13419	7010	365	1292	0.2571428571428571
14616	2650	376	521	0.5
2857	17865	793	149	0.6153846153846154
35024	14709	536	505	0.24390243902439024
10291	4209	1612	515	0.26666666666666666
5485	11585	247	254	0.49107142857142855
9950	6184	667	576	0.2545454545454545
11330	4998	494	415	0.3
24386	19403	269	1328	0.20512820512820512
33512	7382	252	1511	0.5
24411	10069	475	346	0.3125
28537	27338	761	517	0.2222222222222222
35113	32735	641	384	0.4166666666666667
26310	19526	557	1243	0.2876712328767123
552	6814	391	372	0.2692307692307692
7191	34789	502	851	0.30303030303030304
21411	17179	474	946	0.28205128205128205
3833	25523	312	649	0.3157894736842105
20270	20027	1381	488	0.3148148148148148
8753	62	1535	273	0.3387096774193548
2790	25445	438	345	0.3235294117647059
11643	32930	508	375	0.22826086956521738
32625	28982	330	879	0.4
34368	31486	194	496	0.6
16026	20557	1325	1319	0.24162679425837322
34129	21449	778	345	0.391304347826087
25409	26327	917	521	0.32142857142857145
18466	26168	422	849	0.2826086956521739
20368	7782	349	1499	0.2857142857142857
28530	8473	458	1292	0.2857142857142857
14267	19411	223	455	0.4666666666666667
11815	7326	1296	1190	0.6692307692307692
9234	28581	555	502	0.26436781609195403
9491	11733	519	1313	0.2777777777777778
4921	12668	585	1326	0.2641509433962264
11994	1121	383	347	0.375
20030	4191	339	922	0.3684210526315789
2980	18633	732	534	0.42452830188679247
10688	16576	806	1271	0.3333333333333333
34858	14218	419	265	0.23809523809523808
7390	18442	1337	255	0.30952380952380953
31824	33494	429	195	0.5555555555555556
7334	5901	534	222	0.3103448275862069
30871	29262	255	601	0.24615384615384617
10054	26624	222	270	0.35294117647058826
18198	34527	362	689	0.2894736842105263
6326	10543	429	516	0.20374707259953162
33665	13052	102	163	0.35714285714285715
7267	1304	507	203	0.25316455696202533
3736	14374	437	453	0.325
28310	27672	495	363	0.2638888888888889
26858	1372	959	562	0.28846153846153844
11016	139	468	260	0.225
4088	352	523	338	0.23809523809523808
22795	12891	1311	190	0.21568627450980393
10570	22063	540	1296	0.2875
12674	25954	628	891	0.38095238095238093
12356	6315	261	381	0.41935483870967744
252	21087	1326	1521	0.23057644110275688
3041	21406	182	333	0.2857142857142857
11761	17704	410	448	0.5
16008	34698	295	521	0.175
15397	125	365	161	0.3157894736842105
23283	10606	959	148	0.26666666666666666
27389	11201	465	260	0.36363636363636365
4092	3908	499	238	0.26666666666666666
29563	26090	528	1320	0.28205128205128205
34995	28324	1117	528	0.3548387096774194
10748	29975	371	512	0.3333333333333333
28583	15995	504	556	0.3333333333333333
14885	11620	505	295	0.25
13553	32872	220	826	0.42105263157894735
25255	13359	315	556	0.3684210526315789
14056	31696	853	481	0.2708333333333333
26706	5459	1213	222	0.3076923076923077
33138	22034	782	511	0.3125
7474	26377	1313	410	0.25
11602	26060	231	378	0.2222222222222222
29810	6865	543	486	0.38095238095238093
16241	28446	337	1233	0.375
19969	7121	359	513	0.2972972972972973
53	4874	418	534	0.5
12443	10161	165	176	0.4666666666666667
33150	10279	808	633	0.5454545454545454
13180	14785	245	793	0.46153846153846156
9984	6497	373	888	0.4117647058823529
33298	14667	1047	505	0.26666666666666666
22893	12244	343	750	0.29411764705882354
30217	4148	512	1540	0.2826086956521739
34626	31252	460	475	0.3023255813953488
21323	1296	277	255	0.2845528455284553
26611	31606	165	221	0.5
32309	25273	425	309	0.5714285714285714
6224	2847	481	512	0.24285714285714285
27688	24263	805	323	0.2777777777777778
10947	411	492	505	0.4
34252	6583	777	481	0.35
17458	16211	1950	158	0.27586206896551724
4919	8351	320	1267	0.21705426356589147
30611	29136	520	599	0.5
26853	7653	486	510	0.6858974358974359
30188	32975	601	570	0.375
7252	23091	498	455	0.23728813559322035
27459	34946	1320	212	0.2777777777777778
16184	19589	1315	558	0.28205128205128205
22933	32602	531	411	0.34782608695652173
11678	1090	392	129	0.288135593220339
9874	25610	293	555	0.2692307692307692
24698	24159	437	267	0.42857142857142855
26165	34987	345	779	0.4166666666666667
25196	11194	491	473	0.1896551724137931
23193	6173	1276	347	0.25
9067	21212	438	277	0.23711340206185566
29374	13378	515	223	0.3705179282868526
20188	33241	1540	802	0.3333333333333333
10650	22506	512	277	0.21818181818181817
21374	14648	502	404	0.43478260869565216
17880	28518	190	554	0.2641509433962264
591	29120	227	467	0.2857142857142857
19520	8945	817	524	0.2564102564102564
1472	29166	400	423	0.2978723404255319
17571	31141	223	737	0.4090909090909091
9353	27001	508	343	0.2698412698412698
27725	19956	425	735	0.35
4124	28696	755	503	0.3220338983050847
25975	31747	677	531	0.41379310344827586
1415	252	323	1326	0.2857142857142857
29968	20119	277	349	0.3333333333333333
32638	16705	1285	271	0.45
23064	18627	1187	556	0.2413793103448276
26583	18074	494	323	0.29411764705882354
4932	33361	305	487	0.24489795918367346
12683	33034	320	148	0.2564102564102564
19809	7375	729	1448	0.2564102564102564
26932	30280	413	514	0.27906976744186046
15894	18938	457	1179	0.17307692307692307
30037	34012	482	100	0.29411764705882354
22502	13517	487	1333	0.14285714285714285
26127	34944	149	144	0.42857142857142855
7000	24957	536	509	0.2178649237472767
19199	34976	595	189	0.21739130434782608
1832	17381	1342	580	0.18181818181818182
19006	20711	445	522	0.2608695652173913
647	10922	396	288	0.5
33735	25853	533	886	0.2833333333333333
649	21408	546	1305	0.39285714285714285
11200	7750	372	542	0.3333333333333333
2057	10749	522	503	0.29411764705882354
26114	9144	1076	707	0.49654218533886585
30060	2561	417	279	0.21212121212121213
25998	26228	546	404	0.2926829268292683
18997	4011	778	453	0.18571428571428572
1184	11740	562	867	0.28125
17731	35038	484	977	0.23684210526315788
16558	23499	332	513	0.75
34084	6840	1023	256	0.4
14512	35	1509	252	0.3076923076923077
12448	2696	210	886	0.45
21619	31618	414	1531	0.2625
19996	15529	434	495	0.32
31046	17164	536	737	0.4117647058823529
6945	22782	277	453	0.2631578947368421
27262	15503	342	292	0.24719101123595505
954	9789	293	510	0.23728813559322035
29299	24284	925	332	0.34210526315789475
833	3096	326	325	0.575
41	13949	549	505	0.375
3009	22604	311	290	0.25
25583	26430	369	440	0.2647058823529412
6673	23323	293	1014	0.26666666666666666
13323	1132	1509	664	0.21674876847290642
19187	6362	1312	455	0.38095238095238093
17108	12555	1255	165	0.2777777777777778
28722	19280	465	480	0.21296296296296297
28311	29414	495	544	0.2857142857142857
3393	32941	475	1027	0.8571428571428571
31447	1278	376	515	0.2222222222222222
7753	34787	567	276	0.36363636363636365
30939	10616	510	817	0.27941176470588236
27161	2288	712	407	0.6026315789473684
2046	7405	435	337	0.45454545454545453
13372	28031	291	320	0.2714285714285714
24403	8052	919	394	0.36666666666666664
3119	15133	927	448	0.2727272727272727
17785	19374	564	461	0.25
19858	16519	1273	555	0.20930232558139536
8619	2835	1334	292	0.2909090909090909
25781	31716	255	149	0.6
17973	22475	362	511	0.38095238095238093
27652	26271	320	658	0.2857142857142857
24525	10802	461	569	0.6363636363636364
19718	2530	290	484	0.3191489361702128
24761	9290	339	849	0.2619047619047619
8260	7656	516	534	0.4117647058823529
21207	22557	292	734	0.46153846153846156
28586	31305	369	372	0.32558139534883723
8973	20671	1266	476	0.23728813559322035
27883	11682	420	1362	0.75
12074	11848	759	515	0.30357142857142855
8184	518	1490	192	0.23529411764705882
21743	15460	1541	192	0.2127659574468085
14120	19326	527	1264	0.2926829268292683
28808	1926	555	1075	0.2318840579710145
16948	32696	513	259	0.22142857142857142
20139	31483	1523	513	0.3191489361702128
25480	19895	465	1286	0.3103448275862069
18911	21343	718	259	0.3127413127413127
24403	14603	919	394	0.2926829268292683
28644	21381	555	657	0.25
11188	6316	1059	495	0.3333333333333333
15188	35020	436	501	0.4444444444444444
14760	20482	505	508	0.2962962962962963
400	32053	174	373	0.26666666666666666
5363	8990	1306	1287	0.6752738654147105
18839	21824	1272	1202	0.24898291293734745
22786	14297	456	555	0.22535211267605634
6660	10893	651	944	0.24074074074074073
3693	217	607	523	0.22727272727272727
16327	25846	1332	418	0.28846153846153844
8370	12113	736	1540	0.3090909090909091
5990	4455	222	337	0.3333333333333333
30952	15520	260	453	0.7
9383	30363	457	491	0.2
32417	10292	317	404	0.21951219512195122
27892	17740	495	232	0.34615384615384615
16146	22708	232	534	0.35294117647058826
21036	21052	294	350	0.40540540540540543
21281	11204	533	1343	0.20261437908496732
11858	20006	1515	413	0.20588235294117646
11161	22693	260	481	0.3939393939393939
9171	20488	536	554	0.20833333333333334
6645	26612	1264	332	0.26153846153846155
7579	32922	583	482	0.15384615384615385
21475	32063	466	437	0.25
24133	5507	509	857	0.23684210526315788
29401	4362	255	507	0.29411764705882354
3587	22019	515	1251	0.2558139534883721
3422	34674	420	673	0.34375
3090	23807	1498	1310	0.358974358974359
20218	6078	526	513	0.24324324324324326
16929	29375	260	515	0.2
29760	20136	359	544	0.25609756097560976
17645	30907	1286	415	0.2708333333333333
15094	23994	505	265	0.38095238095238093
14078	23371	394	1255	0.325
9250	19501	497	1265	0.34615384615384615
28728	34663	552	559	0.21052631578947367
19385	7348	695	398	0.3448275862068966
30228	7804	651	1686	0.26285714285714284
23357	19679	1455	418	0.25
30111	13070	270	192	0.23076923076923078
17036	18965	655	511	0.26229508196721313
13315	2401	191	503	0.42857142857142855
21847	15162	1221	484	0.2616822429906542
32003	33459	512	1021	0.2553191489361702
35016	1984	403	493	0.3137254901960784
14565	12794	232	1524	0.38095238095238093
8179	34724	1381	276	0.32608695652173914
14271	27609	519	1310	0.21568627450980393
5449	4498	513	245	0.4375
13175	15705	532	190	0.38095238095238093
34155	11941	911	985	0.3333333333333333
27991	2453	417	420	0.25
33618	31092	168	372	0.25
33163	35058	781	776	0.2253968253968254
11474	4477	345	1261	0.30303030303030304
23109	11409	293	854	0.4166666666666667
31451	31143	299	267	0.5
12864	631	331	757	0.18181818181818182
18693	28494	1225	489	0.27586206896551724
12055	20707	252	567	0.32558139534883723
4102	20542	516	1289	0.34782608695652173
11897	8010	567	498	0.5454545454545454
29174	20036	260	520	0.3611111111111111
26777	21411	679	474	0.5714285714285714
13939	21458	394	257	0.2786885245901639
14839	31629	555	253	0.3333333333333333
33545	3276	357	500	0.39285714285714285
6653	33546	396	1038	0.4583333333333333
7037	23346	1252	1638	0.22811671087533156
27843	31350	339	495	0.18627450980392157
12320	19171	495	1311	0.24731182795698925
18298	25003	537	528	0.545631067961165
32542	5742	1553	1214	0.33042846768336964
31404	29012	373	744	0.3181818181818182
24831	10655	367	1503	0.2553191489361702
26049	4279	326	547	0.45454545454545453
20341	14711	269	223	0.7142857142857143
13756	25955	454	851	0.3103448275862069
8949	16839	513	491	0.3188405797101449
24646	28181	544	506	0.21666666666666667
17169	22377	503	539	0.32653061224489793
3451	1900	487	550	0.30392156862745096
2420	7350	479	486	0.2801724137931034
3160	34882	621	346	0.24
22300	31437	1337	495	0.3103448275862069
14934	1111	160	657	0.20967741935483872
34818	15332	1118	365	0.21052631578947367
22307	10729	1274	277	0.21666666666666667
6239	5569	531	421	0.3333333333333333
26843	34214	523	396	0.19285714285714287
19038	18840	518	1202	0.2222222222222222
11154	19320	508	1278	0.42857142857142855
25550	18149	1554	452	0.6363636363636364
33724	33862	300	331	0.32142857142857145
19499	30003	505	653	0.2727272727272727
24294	28707	292	1252	0.265625
11186	24309	249	556	0.34285714285714286
32130	21534	406	334	0.2375
22841	34072	562	897	0.5333333333333333
8284	33968	331	370	0.26666666666666666
7285	3364	1221	492	0.216
11740	9401	867	557	0.19469026548672566
4683	28908	556	516	0.26666666666666666
30327	4848	411	522	0.3448275862068966
9021	19610	493	204	0.3333333333333333
34656	12290	276	1611	0.2641509433962264
29612	5370	456	1488	0.2807017543859649
30285	942	547	522	0.35135135135135137
21506	34676	361	576	0.26744186046511625
19611	17215	347	910	0.37142857142857144
21543	6480	544	1277	0.22388059701492538
17424	13507	536	792	0.39285714285714285
27882	32528	654	576	0.6829710144927537
10477	34280	534	178	0.2962962962962963
25638	34299	1297	357	0.2826086956521739
6868	5439	290	256	0.24757281553398058
11942	14263	508	192	0.29545454545454547
1945	13757	533	164	0.2564102564102564
34613	32950	273	352	0.22727272727272727
22394	28469	1323	1252	0.233134073441503
7476	5368	413	1519	0.2535211267605634
5228	18029	338	481	0.39285714285714285
22056	744	509	528	0.3584905660377358
1485	10939	855	238	0.23333333333333334
6905	29182	480	401	0.23492063492063492
30671	3079	666	690	0.9261447562776958
24274	20684	292	269	0.3218390804597701
9686	27867	1520	501	0.34375
27719	13613	559	299	0.3333333333333333
14484	24488	448	1331	0.3055555555555556
5860	20518	367	640	0.45
33068	1354	486	222	0.19642857142857142
30453	779	318	530	0.2619047619047619
20867	12789	610	332	0.2903225806451613
8292	25858	333	552	0.4444444444444444
1309	7965	411	1042	0.2765957446808511
7986	15802	407	524	0.391304347826087
5231	683	1251	1179	0.6089150546677881
16293	34906	165	794	0.4
8234	31084	544	465	0.3076923076923077
20144	8808	1044	359	0.26666666666666666
20653	22908	1231	340	0.28888888888888886
7947	15948	382	293	0.27906976744186046
27957	2769	260	492	0.3448275862068966
3871	34807	252	262	0.325
21501	35062	493	553	0.2972972972972973
6623	32917	261	1048	0.5
8062	2799	351	360	0.3888888888888889
18573	21478	1394	377	0.2727272727272727
3997	8888	736	334	0.23754789272030652
19617	13905	268	190	0.4074074074074074
30214	13538	238	362	0.35714285714285715
26244	4566	317	413	0.8333333333333334
22495	34795	527	272	0.38235294117647056
32518	13476	499	192	0.4
24845	26349	468	261	0.5384615384615384
9165	28827	538	334	0.3333333333333333
5168	14223	562	795	0.20454545454545456
22851	33400	704	1023	0.2711864406779661
26276	16078	530	293	0.3333333333333333
13696	23149	1341	1297	0.23529411764705882
15859	3955	394	349	0.34285714285714286
466	21880	587	510	0.5
21086	28193	237	615	0.6363636363636364
5921	24033	345	508	0.2962962962962963
19129	29514	365	227	0.25
16142	5632	1311	1230	0.23778501628664495
21909	25286	499	302	0.30434782608695654
24613	15689	305	332	0.6511627906976745
31938	12185	398	277	0.3333333333333333
23400	22722	485	771	0.28846153846153844
7581	6636	1818	558	0.4166666666666667
24892	19017	501	364	0.4117647058823529
16128	25748	1326	344	0.20833333333333334
2791	8783	420	499	0.3157894736842105
33296	15727	1449	1325	0.3090909090909091
30902	31860	261	492	0.26666666666666666
11908	29945	404	680	0.24175824175824176
1846	10381	525	429	0.17142857142857143
27644	24786	504	873	0.375
26860	307	1301	408	0.27586206896551724
22486	16342	678	365	0.23809523809523808
19332	11605	433	1359	0.5
34159	5387	100	494	0.32432432432432434
24753	16704	251	306	0.3333333333333333
16805	4501	439	358	0.22033898305084745
27014	5016	260	222	0.296875
2291	6870	229	528	0.34285714285714286
30266	21189	277	508	0.2682926829268293
13417	21938	394	1335	0.29310344827586204
35088	19635	559	494	0.2
26843	17406	523	255	0.3333333333333333
2808	24464	668	730	0.2875
8155	2455	243	1496	0.2641509433962264
12380	80	546	486	0.44
8871	32139	410	1544	0.5
14024	542	394	448	0.27860696517412936
17305	9352	479	338	0.31666666666666665
31890	27505	735	507	0.34177215189873417
13666	27670	332	264	0.3333333333333333
8802	33365	261	375	0.2647058823529412
6714	17255	255	941	0.4642857142857143
16984	17733	394	454	0.38095238095238093
29706	7606	548	528	0.4444444444444444
34659	15067	805	1304	0.2857142857142857
20774	13855	414	518	0.5454545454545454
1416	26985	503	500	0.22624434389140272
2942	27419	1280	425	0.2826086956521739
32459	26354	528	254	0.2653061224489796
17047	235	510	519	0.36666666666666664
11383	11346	292	600	0.4
33138	18233	782	382	0.21739130434782608
33367	29775	1020	518	0.3018867924528302
17669	20965	804	413	0.29310344827586204
22977	7332	1320	1245	0.225531914893617
15540	21538	394	539	0.4
29732	8898	763	520	0.2702702702702703
32175	8079	404	507	0.3142857142857143
29721	17424	528	536	0.2553191489361702
12880	1394	192	586	0.2077922077922078
27840	7852	1309	480	0.25263157894736843
6924	25149	1282	434	0.26
17759	2301	286	365	0.20833333333333334
13310	19992	521	325	0.5217391304347826
13648	33022	362	657	0.2982456140350877
34256	4260	586	487	0.26666666666666666
33243	32336	769	323	0.2857142857142857
13470	30794	529	1076	0.2830188679245283
29044	23536	523	513	0.43478260869565216
33552	14578	1024	523	0.27419354838709675
15337	14054	1286	484	0.29545454545454547
26522	18609	527	524	0.391304347826087
31122	29458	334	247	0.23316062176165803
912	16454	1303	292	0.2564102564102564
6179	15240	404	1341	0.2553191489361702
552	816	391	503	0.2185089974293059
7387	22879	1293	429	0.34
12648	33597	286	1021	0.3333333333333333
27468	1519	494	255	0.2441860465116279
12208	8370	653	736	0.2894736842105263
25945	8732	502	503	0.2239819004524887
22851	17334	704	504	0.2962962962962963
10935	2589	281	483	0.3
17168	4444	1325	335	0.25925925925925924
11166	15246	550	538	0.3870967741935484
5570	2283	802	473	0.30303030303030304
23337	29504	1464	249	0.23214285714285715
30266	8778	277	542	0.3157894736842105
479	17598	805	220	0.2631578947368421
18317	4344	656	354	0.3111111111111111
1289	3709	838	454	0.30434782608695654
32423	17833	637	165	0.35
6534	14096	855	317	0.6363636363636364
10456	17742	549	487	0.4090909090909091
24329	15741	628	226	0.24390243902439024
4933	3899	568	471	0.23529411764705882
31635	20287	323	501	0.2571428571428571
6474	9466	557	879	0.32
9450	18156	535	1523	0.25
30514	1845	887	512	0.3333333333333333
31107	9897	542	535	0.9385796545105566
25544	16761	1825	250	0.20253164556962025
26664	13414	317	164	0.35294117647058826
12014	11629	485	1540	0.21951219512195122
24457	5120	564	511	0.2894736842105263
32506	19565	600	468	0.2857142857142857
9447	12158	345	263	0.23949579831932774
18980	916	568	525	0.4
17368	14023	497	792	0.42857142857142855
11297	27473	547	1257	0.2647058823529412
6532	7070	342	518	0.4375
34968	3382	190	294	0.3235294117647059
2322	12610	465	555	0.4
20019	25072	320	372	0.2727272727272727
34461	28286	776	512	0.2916666666666667
6502	25000	258	424	0.6153846153846154
14097	3293	293	876	0.30612244897959184
31122	786	334	530	0.25
9785	26172	508	855	0.6
29402	11130	544	277	0.5
3675	9925	567	546	0.2391304347826087
2303	2083	409	279	0.5555555555555556
21969	15495	934	1333	0.28735632183908044
25619	27138	314	268	0.2457627118644068
8882	4592	553	413	0.2808988764044944
23618	12883	550	484	0.3269230769230769
26821	2043	839	400	0.34210526315789475
653	22214	1531	337	0.36
30464	31181	518	361	0.46153846153846156
20512	1967	256	524	0.3125
3927	6277	396	533	0.37777777777777777
32435	15951	528	505	0.3333333333333333
8949	21858	513	1322	0.36666666666666664
807	1703	491	482	0.5178571428571429
30237	14168	507	165	0.625
30243	5863	310	558	0.45454545454545453
12419	2268	556	406	0.5
29587	11250	456	228	0.391304347826087
10501	6129	293	379	0.3076923076923077
7153	13382	269	192	0.3333333333333333
24947	2703	492	493	0.34375
33378	30973	824	867	0.22580645161290322
4952	25549	345	1527	0.47619047619047616
32480	9341	259	509	0.25
12165	7861	548	1276	0.26262626262626265
1635	16638	488	1333	0.20809248554913296
20723	18306	499	373	0.24096385542168675
26706	7331	1213	1203	0.8622611464968153
32504	7271	476	1246	0.25961538461538464
10956	4482	468	401	0.2727272727272727
31061	412	512	235	0.21052631578947367
29804	16831	894	309	0.43333333333333335
20079	16048	425	293	0.2833333333333333
26677	3525	494	402	0.2857142857142857
9483	14783	803	556	0.2222222222222222
19761	19210	504	521	0.2446351931330472
8634	12036	471	499	0.7368421052631579
23628	9451	452	540	0.5625
6084	26038	274	469	0.38461538461538464
1009	9441	469	1537	0.2222222222222222
22434	11867	292	461	0.2692307692307692
14068	17686	304	320	0.39285714285714285
5392	9300	536	1297	0.34210526315789475
1115	17799	263	220	0.2647058823529412
19994	29234	484	324	0.2826086956521739
31094	11815	536	1296	0.45161290322580644
24630	1481	500	377	0.44
13647	11968	394	520	0.2463768115942029
27568	23142	1284	360	0.36
20696	6184	350	576	0.36
14722	8555	556	597	0.5437710437710438
30823	26802	1292	521	0.47058823529411764
5170	30514	504	887	0.5
19667	1579	1282	530	0.25806451612903225
8777	17717	1230	165	0.3404255319148936
22606	23533	1278	1360	0.21957236842105263
22987	7336	742	276	0.5
25052	2428	308	523	0.3548387096774194
8612	6931	367	1304	0.375
6966	7237	530	476	0.375
20949	5958	457	1266	0.23255813953488372
11188	28171	1059	263	0.26666666666666666
26516	18712	424	1255	0.4
27107	16731	513	326	0.38461538461538464
31389	28046	620	465	0.26666666666666666
33665	27610	102	258	0.375
8316	14017	416	403	0.5463414634146342
30383	24862	469	365	0.3333333333333333
3852	633	1325	644	0.22377622377622378
32781	34440	1348	490	0.20454545454545456
17644	20444	448	296	0.2558139534883721
29896	16961	494	1322	0.29591836734693877
1548	33500	475	283	0.5
15120	28725	505	509	0.3235294117647059
5804	7178	356	1219	0.2446043165467626
2131	32158	498	503	0.25
19108	8560	538	584	0.36363636363636365
5619	28651	499	551	0.2692307692307692
19711	2858	434	718	0.2926829268292683
3299	26454	550	333	0.20987654320987653
34674	13212	673	519	0.25
25758	8379	341	545	0.5217391304347826
12935	21367	192	520	0.35714285714285715
15103	18258	556	277	0.42857142857142855
17630	33414	484	376	0.23255813953488372
28642	17722	578	521	0.7586206896551724
29428	2560	221	403	0.42105263157894735
33041	10336	1455	544	0.45454545454545453
7685	14680	412	338	0.22727272727272727
34588	26884	437	494	0.25806451612903225
20877	17977	222	1510	0.26666666666666666
28291	12287	364	276	0.38095238095238093
9701	637	624	615	0.24285714285714285
11021	4320	571	869	0.30952380952380953
10911	13061	1256	502	0.29310344827586204
32221	9724	503	570	0.47058823529411764
953	23545	312	350	0.21818181818181817
21551	97	519	824	0.3
13640	14274	448	556	0.35714285714285715
129	3995	236	484	0.23809523809523808
1351	1191	479	575	0.2903225806451613
34012	24700	100	373	0.5
16296	19116	1276	410	0.2524271844660194
26431	29716	257	528	0.26
15680	7289	298	1230	0.21875
316	220	505	147	0.38461538461538464
33826	34150	487	553	0.47368421052631576
5897	7950	248	678	0.5
16523	7806	292	492	0.2972972972972973
26620	173	394	543	0.5
1516	6051	255	486	0.2608695652173913
25197	9979	859	625	0.20279720279720279
15407	9100	1276	517	0.25925925925925924
32405	13208	651	362	0.23404255319148937
29933	34860	258	283	0.6
30135	2931	516	261	0.4444444444444444
25441	583	553	338	0.3111111111111111
22075	19674	563	331	0.3125
5387	27869	494	1320	0.3
31459	16909	516	421	0.30952380952380953
25461	16052	468	165	0.4
2662	3320	529	590	0.2361111111111111
1511	33754	504	486	0.2777777777777778
18175	14360	116	505	0.2692307692307692
16321	28479	478	509	0.34210526315789475
7781	6342	1472	1217	0.2319672131147541
16011	29207	453	263	0.2777777777777778
5405	6299	522	285	0.48
34300	5581	835	391	0.6428571428571429
20862	6059	500	1545	0.4
24207	16982	260	288	0.18877551020408162
21608	32849	623	1061	0.2413793103448276
9274	20253	502	1251	0.23076923076923078
9835	1190	1215	256	0.2972972972972973
12393	17024	490	630	0.25
788	4483	508	345	0.3125
23790	13333	358	191	0.5
21229	15674	213	245	0.4
18201	27058	192	255	0.2857142857142857
26942	1964	1239	340	0.4
29260	21079	1241	854	0.22395833333333334
24580	16409	521	232	0.375
18571	17913	305	292	0.7142857142857143
26504	28307	538	258	0.20175438596491227
28941	9717	537	421	0.2413793103448276
3517	6258	432	396	0.37037037037037035
3837	9040	503	313	0.3157894736842105
17497	1050	244	256	0.28205128205128205
9127	6003	512	499	0.22008547008547008
33226	9975	354	1279	0.23076923076923078
9029	14581	574	362	0.2545454545454545
33642	29277	771	511	0.2647058823529412
18938	73	1179	539	0.2074074074074074
9783	25629	504	891	0.4375
9223	2207	568	525	0.3333333333333333
34791	22718	1053	524	0.32142857142857145
32820	4589	548	1277	0.21348314606741572
32563	17175	898	296	0.2708333333333333
21283	8909	276	1276	0.35714285714285715
30642	14902	434	451	0.8
23495	12625	353	1307	0.2972972972972973
26973	20419	334	1161	0.2765957446808511
10470	14566	541	448	0.3157894736842105
22573	29781	484	532	0.38235294117647056
1140	551	529	1287	0.3333333333333333
19310	5714	1540	260	0.2916666666666667
10451	6206	308	337	0.2926829268292683
9141	21758	554	540	0.7086466165413534
7024	7614	1289	542	0.19801980198019803
27438	4551	517	311	0.18309859154929578
11579	21454	627	500	0.21666666666666667
22672	1173	522	261	0.32142857142857145
18799	26055	656	312	0.26595744680851063
7498	2077	327	538	0.3076923076923077
3986	30451	656	277	0.28
11330	14356	494	329	0.3448275862068966
3629	17334	277	504	0.25
27949	26764	482	486	0.3333333333333333
1542	3524	482	1318	0.21212121212121213
5587	8374	413	634	0.3548387096774194
15879	34234	286	758	0.2653061224489796
9392	30033	977	650	0.5714285714285714
5679	1941	628	1406	0.26609442060085836
5880	11519	1247	561	0.2638888888888889
13140	8333	538	643	0.6428571428571429
27998	4498	261	245	0.6666666666666666
22993	5870	253	422	0.288135593220339
8198	1924	1323	1277	0.2558139534883721
17333	34888	1215	1276	0.24050632911392406
24527	755	322	490	0.20634920634920634
32621	28140	516	725	0.3055555555555556
28522	21305	336	487	0.375
14705	16944	453	1254	0.29411764705882354
20450	25023	633	262	0.29245283018867924
3014	20018	221	919	0.45454545454545453
11646	9458	534	898	0.25925925925925924
28823	27457	335	546	0.35714285714285715
14336	19650	1524	1312	0.23089564502875926
25088	1648	1512	196	0.5
7017	5774	1535	500	0.2894736842105263
21816	15505	350	286	0.4444444444444444
448	23982	444	1260	0.24
32716	13432	526	1158	0.20588235294117646
20258	32231	350	413	0.175
9758	17004	570	255	0.20754716981132076
15392	22919	379	480	0.33962264150943394
27646	5444	534	876	0.2962962962962963
32189	26858	444	959	0.24242424242424243
35045	11080	977	475	0.25
10694	20830	1369	1147	0.2408207343412527
6655	8271	294	256	0.21393034825870647
30071	12010	495	511	0.3076923076923077
25836	29691	450	317	0.2962962962962963
248	33383	192	101	0.5555555555555556
25689	27414	356	456	0.22058823529411764
25390	23008	1349	277	0.35
26226	10003	301	445	0.3023255813953488
8521	18091	255	411	0.2857142857142857
5019	28962	1512	480	0.3076923076923077
26789	28966	567	728	0.2916666666666667
33465	17666	761	448	0.30303030303030304
19231	31018	564	1546	0.20987654320987653
30610	5276	617	540	0.24390243902439024
10462	3938	468	277	0.21875
13611	23698	484	544	0.3269230769230769
985	2392	632	337	0.2830188679245283
27052	7133	266	221	0.4375
33440	19877	1169	749	0.24812030075187969
32807	31678	586	295	0.1794871794871795
19748	9540	345	865	0.23809523809523808
8228	15420	513	530	0.34285714285714286
20526	17817	1148	394	0.23076923076923078
13728	20158	1286	218	0.3333333333333333
3515	20135	615	347	0.19318181818181818
27477	24799	1282	556	0.2413793103448276
9985	7239	472	1552	0.26
9883	5693	1483	541	0.29508196721311475
22038	28365	1337	620	0.2727272727272727
16566	23349	293	1285	0.25757575757575757
10723	23390	237	539	0.42105263157894735
16828	11276	1276	410	0.8888888888888888
1126	26192	410	491	0.1935483870967742
18114	18550	853	501	0.375
5763	8108	570	1160	0.2765957446808511
6624	32313	216	489	0.3333333333333333
12816	5263	1508	429	0.22857142857142856
34812	9617	984	276	0.375
30382	16323	407	1509	0.3448275862068966
165	28117	498	562	0.34375
15302	20101	521	1130	0.34615384615384615
14768	22109	394	1276	0.39285714285714285
18841	32797	1249	901	0.3148148148148148
32944	11715	793	558	0.25892857142857145
4244	34618	277	797	0.6666666666666666
33870	18168	837	191	0.4
27510	1520	530	455	0.5689655172413793
26552	17017	501	601	0.2857142857142857
1198	22761	321	361	0.28205128205128205
6444	6603	1526	737	0.26666666666666666
2866	11910	320	1280	0.29545454545454547
5970	10551	382	276	0.3235294117647059
24318	20381	301	424	0.37142857142857144
12849	18282	448	410	0.3
5391	12221	534	246	0.2857142857142857
16196	1920	644	511	0.2926829268292683
7763	26309	1292	882	0.2523364485981308
3339	20378	406	753	0.26666666666666666
34595	27779	300	255	0.30434782608695654
274	15710	347	190	0.7142857142857143
32549	9324	1066	553	0.2549019607843137
6585	33111	515	351	0.36363636363636365
25234	3464	565	522	0.23148148148148148
3830	13279	361	191	0.3333333333333333
10692	4094	1523	257	0.2391304347826087
13214	6883	332	280	0.875
29276	3243	507	469	0.25906735751295334
5254	5863	1303	558	0.35135135135135137
18089	2125	191	503	0.4666666666666667
865	13753	536	245	0.34782608695652173
19517	31119	555	1335	0.2826086956521739
7653	15774	510	450	0.5625
7008	32530	515	498	0.34285714285714286
6481	30581	1314	349	0.25
27193	2987	845	509	0.2903225806451613
6878	25424	621	394	0.2702702702702703
10196	23250	1326	534	0.2261904761904762
3337	33248	478	713	0.22580645161290322
16932	6456	461	905	0.46153846153846156
18670	30582	507	581	0.37142857142857144
34333	21538	870	539	0.2457627118644068
23898	617	493	1314	0.21621621621621623
7895	5048	1547	1288	0.3626209977661951
13502	28675	331	277	0.25609756097560976
22329	14644	550	450	0.6189427312775331
22131	34741	411	1022	0.36585365853658536
10855	7823	435	1618	0.375
1483	30968	255	1489	0.2440944881889764
10909	34634	490	364	0.5555555555555556
29074	34248	928	190	0.23943661971830985
226	30911	510	1270	0.23076923076923078
9017	30669	1159	556	0.25675675675675674
3685	14856	444	502	0.7142857142857143
30667	7336	278	276	0.234375
27230	6932	513	1251	0.24528301886792453
27967	1801	336	502	0.2608695652173913
33553	7278	168	1227	0.2839506172839506
30800	10133	655	479	0.30434782608695654
8505	13290	705	315	0.3333333333333333
25178	16470	579	623	0.2903225806451613
31530	32139	546	1544	0.26666666666666666
7904	35092	356	349	0.27586206896551724
12973	31795	1508	615	0.25
22206	14856	454	502	0.44
2642	29321	1317	501	0.2631578947368421
27474	6949	466	551	0.23893805309734514
457	11931	259	536	0.24528301886792453
18795	978	338	545	0.42857142857142855
24008	23061	507	1236	0.47368421052631576
30508	32800	410	503	0.3333333333333333
2062	965	496	312	0.34782608695652173
11122	16835	312	410	0.30612244897959184
19212	12724	512	529	0.22950819672131148
8844	13977	516	536	0.4375
25903	12204	838	544	0.24193548387096775
10634	7965	404	1042	0.22448979591836735
25605	2493	598	409	0.2638888888888889
25195	25062	579	1327	0.38461538461538464
23095	29877	917	292	0.34615384615384615
17011	26110	505	475	0.3333333333333333
30943	1305	526	256	0.45
25489	28998	227	524	0.6470588235294118
23364	4344	1488	354	0.3157894736842105
28634	7759	406	635	0.2631578947368421
16115	23899	292	373	0.4375
9308	5861	418	240	0.3103448275862069
21093	3599	536	515	0.24324324324324326
7565	26645	861	1301	0.22727272727272727
19542	9515	535	457	0.23076923076923078
25453	4764	496	444	0.4
289	31479	235	348	1.0
632	14259	475	292	0.35294117647058826
12951	23853	226	505	0.22580645161290322
3042	34254	1277	141	0.21052631578947367
16910	10259	504	256	0.25757575757575757
18485	13885	1277	332	0.2682926829268293
7373	14557	1481	401	0.2727272727272727
8975	18910	845	440	0.3225806451612903
19191	32990	296	887	0.25
4322	14443	523	425	0.2894736842105263
1545	669	323	337	0.9461279461279462
19754	7021	1281	802	0.21428571428571427
27858	4888	243	228	0.25
1013	20735	498	1330	0.2328767123287671
14983	3070	448	491	0.5
9657	6614	313	811	0.22727272727272727
24136	4670	394	510	0.2
24710	31212	465	1332	0.7272727272727273
23902	25436	333	369	0.23943661971830985
19057	26494	543	463	0.4444444444444444
16060	15144	192	223	0.34782608695652173
21626	15248	644	484	0.35294117647058826
20306	5945	1210	1315	0.23708920187793428
6125	205	412	236	0.2857142857142857
21355	1119	332	474	0.23809523809523808
7765	18096	310	505	0.2727272727272727
32680	27565	543	584	0.21428571428571427
17011	10188	505	526	0.25333333333333335
32150	33132	193	823	0.5333333333333333
27819	8013	555	303	0.2413793103448276
20975	30963	1338	373	0.3333333333333333
16173	22083	484	413	0.75
21033	7285	294	1221	0.26
8966	5004	338	331	0.5331010452961672
29428	32288	221	565	0.2857142857142857
21595	6454	273	863	0.32
8780	15349	875	1508	0.23622047244094488
24386	32620	269	500	0.4
33206	6452	1021	468	0.2222222222222222
22371	23742	309	404	0.3333333333333333
17012	10142	530	516	0.3111111111111111
24666	2989	1548	516	0.2727272727272727
30268	10536	441	516	0.28
14882	25123	1311	414	0.24691358024691357
1236	10060	449	541	0.2553191489361702
19374	19183	461	1346	0.3888888888888889
28516	24235	535	428	0.4666666666666667
18362	27711	354	221	0.3783783783783784
30315	30707	845	1351	0.22012578616352202
9263	2403	260	380	0.25806451612903225
23468	4237	375	536	0.42105263157894735
28936	6668	534	675	0.7710843373493976
1790	30191	254	291	0.45454545454545453
13341	4007	328	543	0.46153846153846156
32770	30398	887	479	0.2549019607843137
8028	23701	516	523	0.6153846153846154
25183	17273	418	255	0.325
31502	34836	222	354	0.28
15065	31532	365	373	0.21739130434782608
4010	14189	550	521	0.3793103448275862
6403	31894	479	507	0.4
20843	20112	1234	359	0.26153846153846155
14959	34739	484	676	0.2698412698412698
1045	12170	824	1209	0.29545454545454547
28986	19431	683	448	0.2786885245901639
4777	19773	579	554	0.5717017208413002
32981	21254	269	1544	0.21951219512195122
30082	11866	894	256	0.2558139534883721
25121	3264	1265	483	0.24731182795698925
10616	11321	817	1325	0.29310344827586204
21779	17010	1458	709	0.4230769230769231
25849	34608	663	559	0.1839080459770115
26399	9666	584	1542	0.2833333333333333
29548	12185	465	277	0.38095238095238093
33829	19677	101	522	0.275
2994	29405	480	479	0.21428571428571427
27303	28089	404	495	0.18840579710144928
16428	8919	165	872	0.391304347826087
674	29184	509	569	0.4444444444444444
24723	13557	258	448	0.27586206896551724
9425	31341	1315	446	0.2835820895522388
4430	13534	545	528	0.36666666666666664
22168	13647	1324	394	0.32142857142857145
26272	31187	446	1307	0.2692307692307692
27365	9067	474	438	0.24848484848484848
23470	8216	1360	281	0.35294117647058826
14279	34669	536	255	0.27586206896551724
28261	33026	1530	265	0.3090909090909091
31141	3415	737	255	0.3425925925925926
26636	1979	1332	524	0.5
17252	33882	549	887	0.2826086956521739
34296	25780	772	255	0.5
15319	11558	1319	517	0.24444444444444444
3770	21928	1320	510	0.36363636363636365
24282	15421	829	299	0.4375
17020	394	536	1284	0.34285714285714286
22731	1664	1525	342	0.2903225806451613
34395	9488	907	843	0.19791666666666666
31081	13108	258	519	0.3103448275862069
27401	5492	537	513	0.24324324324324326
21454	29450	500	378	0.3055555555555556
28119	16867	541	347	0.32142857142857145
578	20596	556	302	0.2631578947368421
12573	21080	320	469	0.2625
26967	29506	360	525	0.21212121212121213
3786	31043	624	316	0.24193548387096775
32780	30367	546	1279	0.3448275862068966
32755	22216	261	1312	0.4
22561	16691	494	501	0.23173277661795408
10406	28595	276	415	0.25925925925925924
5044	1810	572	427	0.27
15809	34535	299	778	0.22857142857142856
17017	9644	601	513	0.5916334661354582
11857	31251	667	261	0.24
13766	26374	747	573	0.3333333333333333
8535	29847	570	285	0.32142857142857145
13516	11813	362	1253	0.3888888888888889
3908	11538	238	857	0.2604166666666667
11497	9648	256	567	0.2553191489361702
31597	6769	362	507	0.2857142857142857
6974	4915	1254	846	0.35714285714285715
30460	24313	612	481	0.4166666666666667
32118	27913	544	486	0.22413793103448276
7909	32231	296	413	0.2553191489361702
6986	27717	736	851	0.5833333333333334
10772	3749	222	415	0.27586206896551724
19302	10329	507	504	0.21428571428571427
24376	7472	411	513	0.3181818181818182
18936	17577	1312	346	0.22950819672131148
26486	15249	357	536	0.37037037037037035
2122	24562	322	774	0.21428571428571427
11516	6787	260	106	0.26785714285714285
27841	515	1310	555	0.2972972972972973
13587	11742	165	350	0.2571428571428571
12267	1939	508	261	0.4
11808	27080	1334	457	0.23684210526315788
911	6268	106	1517	0.32142857142857145
26051	17605	301	505	0.2835820895522388
32470	5074	541	346	0.3157894736842105
3968	27676	542	524	0.30434782608695654
1656	4682	345	436	0.4166666666666667
29529	30444	269	1338	0.2619047619047619
1266	14158	544	232	0.4
5268	26218	858	519	0.2727272727272727
12715	29206	271	526	0.8571428571428571
2578	22441	221	457	0.5714285714285714
706	2156	474	1532	0.21794871794871795
19084	12994	1227	192	0.47619047619047616
13675	12107	165	291	0.2962962962962963
27083	30070	547	516	0.29473684210526313
12028	16633	297	191	0.3157894736842105
18327	24689	820	1279	0.2702702702702703
14671	7414	1289	612	0.22413793103448276
28873	10479	482	491	0.24912280701754386
18260	29071	349	568	0.30434782608695654
28392	15837	498	165	0.25925925925925924
349	14568	448	523	0.4090909090909091
2130	26063	494	553	0.3333333333333333
21305	17046	487	503	0.2537313432835821
3988	10241	799	865	0.5407407407407407
22924	21302	499	238	0.30303030303030304
7125	14351	365	232	0.4375
14736	8337	243	281	0.2698412698412698
30278	10354	521	348	0.5714285714285714
32326	11808	509	1334	0.4166666666666667
5702	10490	553	1343	0.2736842105263158
7724	25402	260	511	0.24615384615384617
14562	22810	264	540	0.47619047619047616
3129	19560	507	555	0.21621621621621623
28130	3899	1152	471	0.5
8220	28209	1316	451	0.2571428571428571
27510	29659	530	516	0.34285714285714286
25895	21700	324	353	0.7278911564625851
11248	29728	756	486	0.2972972972972973
10892	19904	376	378	0.514745308310992
23324	13461	1293	223	0.22727272727272727
32063	17352	437	545	0.24615384615384617
24486	1533	1347	261	0.28205128205128205
29664	37	463	502	0.2420814479638009
33139	28498	294	584	0.5454545454545454
19749	182	553	365	0.35294117647058826
27439	32450	1320	1359	0.4444444444444444
23814	27052	468	266	0.2692307692307692
1422	11117	345	249	0.25874125874125875
2922	670	404	337	0.39473684210526316
6768	11256	514	612	0.3170731707317073
3044	10872	533	556	0.32142857142857145
12200	5095	167	827	0.27692307692307694
24340	19614	526	570	0.21621621621621623
15610	2134	446	510	0.2727272727272727
18316	16976	449	533	0.9198218262806236
2267	14756	495	223	0.24644549763033174
11360	10281	758	539	0.25
22839	12610	887	555	0.28125
16204	13519	161	1276	0.275
11358	429	1530	292	0.325
10995	16035	569	521	0.26373626373626374
23430	4406	291	415	0.3333333333333333
2669	10090	926	1066	0.25925925925925924
24526	21717	475	1544	0.30612244897959184
22547	3891	706	545	0.3
7439	14827	1554	1303	0.3655834564254062
22127	18591	522	1268	0.23943661971830985
21532	2188	396	270	0.38461538461538464
14813	26530	521	472	0.5
33049	18667	341	872	0.6666666666666666
13641	12690	521	192	0.24242424242424243
16095	12631	452	475	0.8063157894736842
10630	19303	1325	332	0.6153846153846154
16140	25828	438	527	0.3090909090909091
10696	27967	332	336	0.26666666666666666
8667	474	698	779	0.2653061224489796
1746	22729	535	508	0.25675675675675674
15105	8024	528	549	0.5222222222222223
8278	17659	556	327	0.3448275862068966
17709	5928	1308	566	0.26666666666666666
10596	3770	865	1320	0.45
29119	21845	1107	568	0.2391304347826087
25743	20516	260	663	0.2537313432835821
8775	3698	879	519	0.2903225806451613
7726	9348	542	1201	0.35294117647058826
15907	32532	164	449	0.4
26311	12981	542	190	0.582010582010582
30132	20249	1351	1287	0.2421812349639134
24359	18209	613	191	0.4
10489	4296	1540	516	0.391304347826087
975	25161	545	1179	0.2765957446808511
11944	17576	529	519	0.5263157894736842
6088	13313	512	505	0.21621621621621623
29369	22406	534	1215	0.2484076433121019
6408	8679	603	530	0.3333333333333333
11849	25921	515	539	0.2558139534883721
29251	4981	585	1278	0.4110535405872193
15012	6545	1272	1282	0.7762738853503185
31563	24404	489	511	0.2920892494929006
15212	26265	540	846	0.4117647058823529
8395	27757	457	460	0.803921568627451
17961	31028	1509	370	0.25396825396825395
20873	9905	1342	345	0.23270440251572327
33337	26125	102	469	0.5
16506	25106	403	472	0.34146341463414637
6742	9297	384	383	0.2903225806451613
1664	27900	342	259	0.37037037037037035
7894	29397	140	544	0.5
14979	1733	454	469	0.42857142857142855
295	10376	220	652	0.21428571428571427
34933	17601	283	191	0.24074074074074073
20670	9006	1502	569	0.38095238095238093
17726	4003	1343	1261	0.7282204020848846
12520	10893	536	944	0.38461538461538464
6939	4115	543	691	0.37254901960784315
23188	15091	1515	629	0.21875
21749	23240	546	269	0.3018867924528302
650	20827	493	406	0.4074074074074074
6166	17754	549	453	0.32142857142857145
13754	9147	190	837	0.22058823529411764
6577	6885	345	1268	0.2391304347826087
19628	15582	364	192	0.5
3235	33909	303	1276	0.4
28941	31792	537	348	0.38461538461538464
30211	9152	716	530	0.3076923076923077
17100	30548	626	480	0.3333333333333333
8313	24534	1322	520	0.4
16470	8604	623	1281	0.29107981220657275
10048	6122	334	650	0.23076923076923078
32880	15483	1020	1508	0.34285714285714286
16670	21059	228	307	0.35
7173	11818	1324	1274	0.7234375
486	19825	394	492	0.2409972299168975
31660	32285	364	516	0.24242424242424243
2716	28273	460	221	0.2894736842105263
32290	25048	304	526	0.35
12994	13695	192	448	0.4166666666666667
15366	11151	265	361	0.25
28180	23218	505	1144	0.36363636363636365
6243	23459	337	942	0.3939393939393939
3746	10874	514	524	0.24509803921568626
22301	30623	368	516	0.3888888888888889
18994	28396	1294	1267	0.22765598650927488
18018	3757	394	508	0.25461254612546125
34063	21859	1023	489	0.22727272727272727
32994	23545	770	350	0.5
34556	34760	756	383	0.7105263157894737
12589	11258	1308	554	0.24
21013	28655	507	851	0.2230769230769231
31314	8845	348	898	0.2727272727272727
26511	11265	521	383	0.3333333333333333
1178	33286	392	893	0.2857142857142857
17440	26076	1325	282	0.27906976744186046
31605	8213	500	510	0.23529411764705882
11028	23751	544	261	0.29508196721311475
19997	14202	1288	165	0.3333333333333333
20898	24460	638	345	0.5555555555555556
5252	25676	335	578	0.5217391304347826
11060	10421	567	441	0.391304347826087
11312	12030	258	410	0.2542372881355932
22961	565	556	444	0.26666666666666666
6965	34949	1513	279	0.2857142857142857
12016	23112	508	451	0.24507658643326038
26590	11010	502	547	0.28888888888888886
19652	29309	1335	246	0.24096385542168675
11278	26947	1524	256	0.2903225806451613
12366	16511	1325	631	0.2727272727272727
11814	833	510	326	0.2857142857142857
5940	11110	441	334	0.3125
10651	16101	404	299	0.2972972972972973
17925	5714	218	260	0.3
18839	11469	1272	569	0.2826086956521739
750	881	217	515	0.24444444444444444
27361	25848	555	331	0.3488372093023256
11156	29057	261	837	0.5454545454545454
2605	8806	348	583	0.8333333333333334
26863	26116	345	1257	0.3333333333333333
16	17188	260	868	0.25
22458	3448	361	798	0.23423423423423423
23678	28200	512	255	0.37037037037037035
12727	12131	232	1264	0.2465753424657534
4374	31274	1529	1320	0.2263843648208469
18680	2578	376	221	0.32
1229	15178	477	1508	0.3333333333333333
4906	3270	504	311	0.323943661971831
5531	14392	540	556	0.42857142857142855
16096	24296	165	478	0.7103448275862069
13159	11641	505	498	0.2289156626506024
8812	10506	1333	369	0.42857142857142855
19521	30387	369	706	0.3793103448275862
6137	5691	477	411	0.22033898305084745
14561	25055	1333	507	0.35
379	3065	445	175	0.32786885245901637
27516	1393	488	317	0.2465753424657534
34660	9408	259	570	0.1875
30238	31840	516	737	0.3142857142857143
2442	20995	292	317	0.37037037037037035
26212	18414	519	1261	0.22807017543859648
26229	7267	1223	507	0.3157894736842105
27393	3597	776	515	0.3888888888888889
31064	28568	312	518	0.5
8506	25619	699	314	0.43478260869565216
18440	14312	407	394	0.3333333333333333
34453	23198	765	585	0.24210526315789474
676	965	1313	312	0.6153846153846154
21336	14959	802	484	0.25
30345	11368	327	270	0.36363636363636365
13099	17784	453	192	0.8064516129032258
27764	5906	345	434	0.3793103448275862
29143	27892	554	495	0.43478260869565216
9608	14610	1269	1508	0.23406040268456377
7295	13473	256	232	0.22727272727272727
12991	26893	292	330	0.46153846153846156
7514	814	534	446	0.4375
16972	18554	310	802	0.4074074074074074
6104	28526	334	331	0.6121212121212121
19639	8992	1316	1282	0.23637820512820512
13110	6497	299	888	0.2196969696969697
25499	22869	414	404	0.36666666666666664
18089	18855	191	871	0.4
7622	12886	499	453	0.3235294117647059
30131	11709	1220	551	0.3333333333333333
30403	30793	503	1642	0.22077922077922077
25451	34298	502	738	0.24175824175824176
23724	31235	652	227	0.3
27539	2073	577	255	0.22857142857142856
27655	13659	261	135	0.4166666666666667
16450	19157	191	441	0.5828877005347594
11800	2949	427	469	0.6
18182	28086	505	469	0.21568627450980393
4552	31023	838	523	0.3125
21482	22294	1311	1306	0.8272870662460567
6559	33528	1325	523	0.18604651162790697
28926	1295	516	536	0.34375
5671	32401	1253	447	0.27941176470588236
12372	11300	562	334	0.4444444444444444
19646	11976	596	849	0.2222222222222222
2698	11055	509	277	0.3
18810	14365	526	450	0.30434782608695654
29182	20162	401	356	0.3333333333333333
17472	17519	205	411	0.5454545454545454
5096	32519	1312	348	0.2894736842105263
11024	14353	296	365	0.19736842105263158
17607	22632	1298	523	0.36363636363636365
28075	21970	583	472	0.25609756097560976
12869	32832	365	393	0.5
25475	16746	487	698	0.25862068965517243
29401	706	255	474	0.20454545454545456
10846	23523	293	317	0.42857142857142855
19229	24230	508	556	0.5882352941176471
14771	24805	232	425	0.23529411764705882
8966	27395	338	1299	0.3333333333333333
2717	18407	393	442	0.21621621621621623
30645	11334	759	484	0.45454545454545453
12966	33798	519	322	0.8571428571428571
28434	17447	495	1325	0.32
4143	792	1325	506	0.23333333333333334
210	22210	320	352	0.5555555555555556
14885	32824	505	516	0.26865671641791045
22099	20509	1304	553	0.28
31569	17558	753	135	0.36585365853658536
11428	5988	511	632	0.3
25612	18253	239	396	0.3181818181818182
15365	21055	223	351	0.5714285714285714
1048	2130	543	494	0.3
14442	31257	1509	516	0.2830188679245283
34972	5089	467	332	0.27692307692307694
17160	28006	1545	276	0.375
3270	19970	311	667	0.3220338983050847
6151	19241	540	346	0.7
14557	29858	401	310	0.46153846153846156
33108	34245	703	351	0.2923076923076923
17165	18075	392	1275	0.25
13911	29952	1340	894	0.2247191011235955
3357	25964	511	632	0.2159090909090909
24587	5397	406	500	0.2558139534883721
29581	23029	456	504	0.22325581395348837
27239	16803	576	281	0.45
27138	30628	268	1277	0.2916666666666667
8609	25408	1359	414	0.3283582089552239
15324	26485	320	582	0.22580645161290322
4400	24100	1516	540	0.42857142857142855
19459	5710	1122	437	0.37142857142857144
34043	24429	1020	385	0.2727272727272727
33916	2199	933	534	0.3269230769230769
3919	9774	277	261	0.2517985611510791
29675	31154	1530	376	0.42857142857142855
10940	7208	1262	465	0.21621621621621623
726	33883	528	1062	0.358974358974359
20189	21923	1503	556	0.3191489361702128
2687	29781	1317	532	0.3076923076923077
25235	1339	549	503	0.2
19009	15478	466	394	0.24528301886792453
23811	26994	1295	507	0.296875
28075	2180	583	515	0.2361111111111111
22115	2392	625	337	0.34615384615384615
14935	16251	188	1519	0.5555555555555556
29111	17498	323	458	0.3157894736842105
27840	33370	1309	598	0.3114754098360656
16098	13846	446	344	0.2696629213483146
1772	25975	659	677	0.19811320754716982
31656	28837	295	550	0.5714285714285714
13827	1458	299	379	0.6319444444444444
26512	30867	1345	345	0.3
7880	8889	447	452	0.4642857142857143
11995	12019	1202	501	0.259958071278826
27566	26890	436	558	0.2727272727272727
31154	18429	376	259	0.23529411764705882
5326	1058	825	736	0.2631578947368421
33547	29630	1021	560	0.3076923076923077
33297	33231	597	481	0.24498886414253898
28239	21567	868	490	0.375
14288	32924	293	1023	0.22807017543859648
21593	3059	246	1277	0.4166666666666667
25376	30849	691	253	0.38095238095238093
13451	27178	525	422	0.3684210526315789
13392	19967	394	646	0.24444444444444444
11086	33753	802	178	0.4
33011	31560	777	503	0.3
26201	1577	521	532	0.49206349206349204
20638	21145	536	1330	0.34210526315789475
1435	19836	410	369	0.3888888888888889
9047	9109	1263	285	0.25925925925925924
7729	29845	552	291	0.5
3845	17194	1278	842	0.6111111111111112
27694	5095	498	827	0.3181818181818182
26310	29018	557	555	0.29411764705882354
1949	26681	1007	682	0.25301204819277107
25608	13496	1264	221	0.5454545454545454
12243	4010	377	550	0.2857142857142857
4569	26359	320	505	0.36363636363636365
10673	971	361	289	0.23255813953488372
31101	12560	516	505	0.30985915492957744
11620	33355	295	148	0.42105263157894735
5248	10468	560	448	0.3793103448275862
32147	7864	735	859	0.24719101123595505
10087	27438	1074	517	0.25
21158	13374	549	396	0.5
15294	30385	232	548	0.32727272727272727
5926	29985	352	507	0.4166666666666667
398	34989	338	429	0.45
27714	20182	351	261	0.22594142259414227
17197	11247	1164	539	0.34615384615384615
26556	19132	476	550	0.5
10337	1979	1351	524	0.27586206896551724
13516	35098	362	810	0.35294117647058826
15362	5708	414	334	0.3
15558	21419	553	342	0.4166666666666667
19823	1263	580	255	0.19298245614035087
7402	18499	474	1231	0.41379310344827586
23513	27429	569	299	0.23809523809523808
29467	1755	261	475	0.32
24928	11772	1355	320	0.215962441314554
4162	22280	1342	1243	0.37349397590361444
28782	12442	552	293	0.22388059701492538
130	24108	588	467	0.2080536912751678
16938	34766	863	449	0.42105263157894735
10643	17796	520	1283	0.24822695035460993
15204	33595	231	273	0.35714285714285715
18214	16079	422	165	0.2727272727272727
3558	9614	761	442	0.25675675675675674
4937	30533	557	304	0.3404255319148936
7316	27150	544	484	0.3333333333333333
30898	32898	1304	101	0.24561403508771928
365	25320	505	423	0.30434782608695654
24700	17765	373	332	0.3333333333333333
14535	7464	521	331	0.6666666666666666
22527	34583	885	698	0.19642857142857142
3395	6747	1211	476	0.2549019607843137
24878	16554	854	365	0.35
9300	33489	1297	533	0.24358974358974358
6104	21533	334	370	0.2222222222222222
96	13088	824	164	0.22
29410	3039	483	651	0.3333333333333333
7499	31192	513	303	0.4166666666666667
3565	10228	503	1547	0.25
27018	19552	498	505	0.2389937106918239
2787	29246	417	554	0.3548387096774194
3140	13342	508	1332	0.38461538461538464
2037	33631	471	283	0.46153846153846156
2060	33920	646	949	0.37037037037037035
4298	29770	512	528	0.2138728323699422
10442	26352	368	261	0.5384615384615384
9844	34648	967	506	0.25
10853	27172	635	870	0.25396825396825395
11393	19397	512	533	0.2391304347826087
19604	34509	323	917	0.24675324675324675
21381	1978	657	513	0.36363636363636365
1260	29992	525	515	0.1952662721893491
9653	33838	286	788	0.375
33268	22208	1510	255	0.21951219512195122
12048	30600	253	522	0.4666666666666667
18062	5820	220	856	0.4
4932	27456	305	1233	0.23711340206185566
143	27720	556	556	0.5446265938069217
7361	25223	461	500	0.7777777777777778
7220	11238	1254	483	0.2777777777777778
30949	26617	1443	448	0.2564102564102564
25684	8679	277	530	1.0
1019	2168	332	225	0.24
34759	8747	556	328	0.30434782608695654
1097	15735	852	448	0.7142857142857143
7867	29903	415	410	0.6
3723	11483	1313	570	0.32142857142857145
27608	12754	512	804	0.27586206896551724
17338	18390	345	541	0.36065573770491804
17650	14309	192	448	0.4166666666666667
21368	25001	475	325	0.5555555555555556
12050	16585	331	505	0.2619047619047619
21889	34204	1337	1013	0.34615384615384615
31755	384	1198	549	0.3157894736842105
5323	11707	1322	281	0.3111111111111111
717	19348	528	345	0.18681318681318682
9345	19546	376	1223	0.3888888888888889
10636	24506	262	446	0.4
14086	26727	244	454	0.2413793103448276
1216	5899	779	570	0.30434782608695654
10237	14603	498	394	0.24285714285714285
30050	23870	1537	271	0.3389830508474576
16295	586	448	505	0.2631578947368421
11969	17449	538	462	0.3076923076923077
29579	26546	456	356	0.24444444444444444
3853	16379	343	318	0.3333333333333333
24688	29416	1439	255	0.24719101123595505
50	8641	447	507	1.0
19244	15878	439	292	0.27586206896551724
24604	20856	759	707	0.4945054945054945
8713	20207	853	1265	0.35294117647058826
2754	23064	363	1187	0.28846153846153844
23256	14569	1511	505	0.27586206896551724
27847	16766	891	537	0.2702702702702703
32848	5187	773	668	0.23943661971830985
34916	28810	926	523	0.24
24065	18244	486	317	0.5
1066	15929	275	165	0.3125
26221	17824	420	1035	0.47619047619047616
33424	9625	704	697	0.2835820895522388
7789	23086	1499	551	0.5
29607	32663	456	470	0.42857142857142855
16303	33932	165	262	0.6666666666666666
24211	18117	556	451	0.4
26218	26942	519	1239	0.30434782608695654
9979	12948	625	292	0.30434782608695654
8334	15127	629	628	0.695859872611465
28042	2519	661	250	0.23529411764705882
24979	26426	317	320	0.871875
30382	34664	407	786	0.38461538461538464
26722	18592	502	323	0.34210526315789475
4829	8476	511	651	0.34615384615384615
24433	20343	472	659	0.5714285714285714
31758	11415	540	317	0.2545454545454545
8840	3309	260	491	0.4666666666666667
16814	12189	533	520	0.375
34369	25359	776	645	0.29545454545454547
12092	10864	1513	572	0.38235294117647056
26917	8441	1332	554	0.36
726	25154	528	322	0.34615384615384615
27325	26093	320	552	0.2916666666666667
4762	29734	703	542	0.3170731707317073
26750	11594	1498	1327	0.3554083885209713
12395	22593	470	1382	0.275
24704	10113	279	293	0.33043478260869563
16249	14112	440	484	0.3333333333333333
21011	31290	1539	1325	0.22716441620333597
26202	33735	524	533	0.2608695652173913
30408	32468	508	1254	0.208955223880597
29552	12274	658	516	0.29545454545454547
24390	28431	1276	660	0.25895316804407714
809	19733	506	1241	0.4666666666666667
7957	16191	1547	286	0.2727272727272727
16699	34418	513	1393	0.20512820512820512
11315	3201	513	676	0.22448979591836735
34292	16480	595	484	0.32432432432432434
16188	6268	394	1517	0.4090909090909091
21454	13116	500	521	0.3076923076923077
34595	12425	300	319	0.41379310344827586
5546	10142	569	516	0.28888888888888886
8261	26375	1281	743	0.2366412213740458
645	1922	341	471	0.1875
289	4358	235	860	0.38461538461538464
18978	19496	564	257	0.38636363636363635
3255	30566	491	1300	0.34210526315789475
26142	9620	522	512	0.21367521367521367
4413	19985	541	878	0.6
14865	2212	505	350	0.2553191489361702
18628	4634	377	569	0.5454545454545454
14268	19694	1331	1294	0.23168789808917198
7746	1093	476	540	0.2857142857142857
13377	33854	1525	481	0.25
32486	21063	1211	294	0.3157894736842105
9981	30806	494	488	0.20084566596194503
8676	2173	540	253	0.34782608695652173
28493	21445	642	491	0.2549019607843137
25149	19472	434	857	0.35135135135135137
10470	8875	541	1524	0.2753623188405797
19454	744	593	528	0.19553072625698323
21594	9917	248	295	0.22459893048128343
3644	33986	349	595	0.2765957446808511
11970	15304	868	394	0.23333333333333334
22074	15212	540	540	0.3902439024390244
2030	31750	261	728	0.2222222222222222
27959	28056	839	386	0.4666666666666667
6704	17106	1214	476	0.29850746268656714
26258	8198	1131	1323	0.5130769230769231
2225	24249	413	525	0.28
26365	34992	323	932	0.36363636363636365
8631	282	514	781	0.3142857142857143
5582	31054	1291	416	0.2558139534883721
23887	16122	213	192	0.4166666666666667
182	29397	365	544	0.35714285714285715
26770	26806	701	558	0.3225806451612903
6586	34484	405	277	0.25862068965517243
28220	21836	414	1357	0.5294117647058824
31476	10022	1321	562	0.22535211267605634
19030	440	452	739	0.32432432432432434
20291	16246	542	408	0.3018867924528302
20142	32161	516	512	0.25333333333333335
16883	7898	502	527	0.3333333333333333
10706	20839	1524	705	0.30434782608695654
14780	4754	292	318	0.3225806451612903
12725	31598	448	372	0.2647058823529412
20692	26522	278	527	0.7
6352	834	414	495	0.26865671641791045
3396	32519	1520	348	0.26666666666666666
32125	32497	316	267	0.3181818181818182
12874	11112	804	1188	0.25
4802	32527	1490	255	0.40625
22912	4070	581	603	0.2571428571428571
14795	27462	232	432	0.3076923076923077
5646	11753	666	542	0.35294117647058826
2948	9608	323	1269	0.2903225806451613
21857	4651	510	1254	0.2692307692307692
12994	33792	192	1020	0.32
31737	12673	735	387	0.3382352941176471
13760	30121	295	301	0.6531986531986532
2642	12443	1317	165	0.2777777777777778
19547	12048	469	253	0.2413793103448276
19262	20349	579	446	0.4583333333333333
18026	29396	301	481	0.35135135135135137
18783	5	367	490	0.2033898305084746
17755	32334	505	490	0.37037037037037035
28262	1682	659	518	0.5
29093	35031	545	565	0.2318840579710145
27261	8432	350	499	0.27586206896551724
14777	20657	1507	1261	0.37580128205128205
4304	336	513	394	0.2490566037735849
30830	27101	1273	553	0.25
21060	4994	464	876	0.391304347826087
4672	30881	837	1359	0.34210526315789475
2235	23414	501	348	0.35555555555555557
5886	31674	698	291	0.17105263157894737
15656	10909	128	490	0.36363636363636365
22748	5141	1460	705	0.27450980392156865
17562	23047	220	895	0.19753086419753085
25134	12621	1194	394	0.3125
16763	2427	827	337	0.3181818181818182
4808	23200	507	1543	0.3333333333333333
33350	95	1095	471	0.2692307692307692
22564	22696	506	292	0.3541666666666667
5180	6254	556	272	0.375
21034	29615	294	456	0.5384615384615384
17076	17776	1424	292	0.25773195876288657
25716	23969	586	1290	0.37777777777777777
16310	7665	394	543	0.25
26107	3073	1529	167	0.28
32236	30985	733	586	0.48148148148148145
176	3314	1322	420	0.29411764705882354
18681	741	365	528	0.3
16110	825	332	312	0.2631578947368421
20413	20901	457	539	0.2808988764044944
20431	7682	408	141	0.29411764705882354
18107	1204	528	259	0.36363636363636365
16295	9804	448	526	0.29069767441860467
11679	5336	990	358	0.20491803278688525
1581	13697	527	362	0.35
25075	25798	1317	535	0.3018867924528302
10506	2615	369	539	0.2553191489361702
15633	33668	1330	805	0.21951219512195122
24362	26171	1571	242	0.35714285714285715
18264	1378	466	504	0.16049382716049382
29151	35007	811	1310	0.216
815	9932	513	548	0.2692307692307692
25673	21082	1279	529	0.3404255319148936
10318	22147	1525	316	0.38095238095238093
5933	25043	667	1336	0.2803738317757009
18512	28660	516	621	0.4
13542	13351	165	1307	0.21052631578947367
15514	22449	292	521	0.3
27362	8660	487	1228	0.2727272727272727
13112	3636	1508	916	0.45454545454545453
12443	30698	165	858	0.36
19659	17278	570	79	0.5384615384615384
1354	32973	222	1026	0.34210526315789475
33241	3501	802	420	0.35555555555555557
28311	31941	495	516	0.2277432712215321
2789	33134	927	366	0.4444444444444444
31651	2789	427	927	0.21875
11022	2688	270	534	0.3088235294117647
7699	6072	396	500	0.28
18490	14572	1541	372	0.2682926829268293
5168	6021	562	557	0.2962962962962963
13087	9519	451	441	0.3888888888888889
25545	24810	255	491	0.2702702702702703
6570	6307	554	350	0.26666666666666666
21973	18066	330	804	0.30303030303030304
22184	3083	570	323	0.275
22472	10682	599	797	0.22429906542056074
26171	15792	242	447	0.2777777777777778
12220	7818	252	1278	0.3333333333333333
7303	26429	419	277	0.5833333333333334
2119	19350	261	555	0.38461538461538464
29807	10415	464	545	0.31746031746031744
9616	1185	346	432	0.375
20548	14803	490	795	0.38095238095238093
30827	459	332	421	0.28205128205128205
31198	31287	868	626	0.4
17867	23813	484	526	0.20618556701030927
18252	19416	332	508	0.3548387096774194
31473	3716	300	318	0.32
34853	9016	351	1262	0.32786885245901637
12890	5238	1333	739	0.2608695652173913
29084	4163	291	315	0.16666666666666666
18957	25585	290	877	0.2545454545454545
4812	22213	611	256	0.5833333333333334
15982	17845	479	220	0.30434782608695654
27605	31845	567	255	0.25
25394	26750	872	1498	0.3333333333333333
8668	26702	373	342	0.23333333333333334
11783	16265	234	394	0.3191489361702128
21411	24636	474	356	0.2833333333333333
181	23809	411	1218	0.2857142857142857
15210	891	164	732	0.2571428571428571
9035	25189	863	260	0.35294117647058826
4828	35036	470	173	0.3170731707317073
19739	1077	1291	1027	0.32142857142857145
8502	24508	1266	390	0.43478260869565216
31861	29387	492	755	0.30434782608695654
389	14161	233	804	0.38095238095238093
25445	33877	345	337	0.391304347826087
26298	3173	260	271	0.23529411764705882
21669	3396	365	1520	0.23655913978494625
25779	15499	556	536	0.38095238095238093
2721	25967	373	875	0.25
25939	15643	884	144	0.8571428571428571
28440	548	571	520	0.3333333333333333
24311	2884	478	923	0.6
8471	34793	1318	309	0.2878787878787879
5749	28110	373	256	0.4444444444444444
17431	525	455	518	0.35714285714285715
7909	717	296	528	0.2857142857142857
14179	2870	1328	1492	0.32051282051282054
7750	10807	542	552	0.21621621621621623
3847	15548	348	521	0.47058823529411764
1888	9382	412	512	0.3
23909	8864	535	655	0.2714285714285714
1527	17189	537	811	0.22641509433962265
22214	10359	337	503	0.5555555555555556
13109	30151	320	573	0.25
24315	30637	316	259	0.2619047619047619
24029	15156	524	555	0.24390243902439024
7347	12233	583	619	0.27692307692307694
25717	2730	1427	963	0.2631578947368421
3246	34959	1309	343	0.2641509433962264
28205	2817	1106	290	0.22388059701492538
8719	30373	1131	375	0.3333333333333333
22860	32309	1522	425	0.3548387096774194
19351	21081	855	298	0.42857142857142855
16894	17914	434	164	0.34782608695652173
8982	2873	554	536	0.5
20907	18732	303	555	0.3103448275862069
18449	18698	482	1210	0.20833333333333334
21586	14754	504	292	0.45454545454545453
33672	5935	788	506	0.2441860465116279
8149	1067	411	412	0.23255813953488372
7915	25512	522	287	0.25
22797	22963	467	555	0.3076923076923077
34694	13851	295	1509	0.27586206896551724
18572	18546	1524	271	0.30303030303030304
21638	26092	507	866	0.24390243902439024
26617	10282	448	624	0.2894736842105263
11001	24313	516	481	0.28888888888888886
9791	8083	531	1191	0.2204724409448819
32330	32443	318	763	0.2773109243697479
3429	20637	564	1494	0.22666666666666666
26699	24896	396	502	0.34146341463414637
791	15383	506	223	0.3373493975903614
26764	6720	486	487	0.505307855626327
27525	9144	452	707	0.2692307692307692
20289	27725	372	425	0.21818181818181817
1997	29336	874	1523	0.2727272727272727
687	19420	338	338	0.5
29419	10109	541	295	0.21951219512195122
27629	26614	1219	505	0.24731182795698925
1050	8590	256	533	0.22413793103448276
12893	23155	846	533	0.23170731707317074
4121	23984	454	1297	0.4230769230769231
33028	23931	1023	696	0.2909090909090909
1780	4653	486	559	0.42857142857142855
24540	13044	420	332	0.2972972972972973
286	4446	1306	405	0.30434782608695654
28915	15099	556	1511	0.23943661971830985
5909	27732	505	347	0.4
32574	6153	443	554	0.20930232558139536
20711	27737	522	707	0.3937984496124031
3536	22731	490	1525	0.3125
34508	28838	503	665	0.3157894736842105
4052	24472	239	469	0.24347826086956523
8450	11746	492	544	0.27906976744186046
16754	19806	337	342	0.2714285714285714
4918	13709	529	524	0.4444444444444444
16075	21390	524	337	0.5
20158	28989	218	518	0.27906976744186046
17389	3710	591	404	0.21333333333333335
24600	17315	432	410	0.2413793103448276
23944	14011	624	301	0.2222222222222222
6361	20963	365	502	0.2553191489361702
30640	3566	1324	523	0.2765957446808511
20926	30161	525	635	0.1935483870967742
8068	5239	365	825	0.3888888888888889
34387	34833	294	496	0.3142857142857143
26074	28490	1325	659	0.28125
19683	26516	402	424	0.3333333333333333
14077	28159	316	590	0.22535211267605634
21633	25450	261	358	0.25925925925925924
8064	15404	343	406	0.2638888888888889
12766	21120	853	293	0.25
32433	17291	511	516	0.28888888888888886
30146	25951	292	405	0.29411764705882354
453	24527	448	322	0.5454545454545454
30717	3222	524	320	0.3
12172	15917	737	303	0.23157894736842105
31343	31067	345	474	0.3333333333333333
5813	17390	344	443	0.3888888888888889
16014	391	394	292	0.2222222222222222
6570	12164	554	259	0.3333333333333333
10744	1673	312	506	0.375
23585	28343	356	637	0.35294117647058826
32038	15852	260	1303	0.3142857142857143
14222	12429	448	448	0.9191011235955057
9414	31395	504	319	0.5
13939	8733	394	503	0.6269035532994924
13784	26533	529	345	0.3235294117647059
18946	16978	1201	518	0.26436781609195403
2616	12192	492	394	0.27586206896551724
8740	21113	1220	331	0.23129251700680273
15733	10739	1317	255	0.23728813559322035
25872	30158	259	268	0.2916666666666667
24645	12244	1323	750	0.2828282828282828
16927	10835	429	336	0.30952380952380953
28789	31024	252	1515	0.24390243902439024
15516	10449	631	258	0.25742574257425743
14669	35056	787	192	0.36
22160	9220	478	345	0.3125
3062	8956	308	221	0.2631578947368421
15617	11951	448	538	0.5833333333333334
1421	6155	441	585	0.23404255319148937
16473	8	502	514	0.29411764705882354
4276	27740	271	260	0.25925925925925924
12379	14939	566	1070	0.2826086956521739
11481	33833	585	772	0.3103448275862069
18278	19224	250	1319	0.38461538461538464
9063	13921	452	521	0.20833333333333334
19459	32416	1122	470	0.21875
4626	34424	510	357	0.3333333333333333
9787	595	488	784	0.22560975609756098
31671	21718	326	1276	0.35
21042	5511	396	557	0.3333333333333333
21512	17611	1181	186	0.23255813953488372
22419	8312	503	1336	0.3269230769230769
25493	3773	621	410	0.38461538461538464
29003	21207	806	292	0.3888888888888889
28601	4550	390	325	0.2777777777777778
13221	14492	539	223	0.2916666666666667
8147	1930	547	812	0.35135135135135137
247	25778	220	575	0.34210526315789475
18634	16112	311	484	0.3333333333333333
13988	10140	521	512	0.3088235294117647
12078	28344	237	1282	0.32608695652173914
9866	8407	1262	251	0.23333333333333334
32293	29451	362	351	0.3181818181818182
30634	30596	324	331	0.25925925925925924
14309	13353	448	448	0.9397321428571429
4943	27142	700	530	0.2608695652173913
33176	2213	178	477	0.5555555555555556
26111	26332	1325	229	0.38095238095238093
19578	31335	556	345	0.28888888888888886
1853	29029	1544	822	0.34146341463414637
226	13587	510	165	0.203125
23691	3431	261	483	0.22580645161290322
15600	24802	426	1306	0.2909090909090909
2264	21958	600	886	0.3888888888888889
20525	11106	1168	608	0.37037037037037035
32992	19938	267	259	0.5714285714285714
8865	18852	655	501	0.2608695652173913
5558	2463	255	221	0.2413793103448276
30993	19497	549	290	0.3181818181818182
3515	8668	615	373	0.2903225806451613
32509	17711	347	505	0.2391304347826087
1212	28464	317	495	0.34782608695652173
31014	24040	1321	522	0.25
33183	10944	1021	551	0.32
28051	29716	537	528	0.5
27541	9025	638	558	0.2903225806451613
24330	158	1350	252	0.2608695652173913
28160	10479	1267	491	0.21017699115044247
903	2622	507	467	0.3684210526315789
16063	26531	1186	346	0.16666666666666666
12511	33315	532	709	0.23529411764705882
23385	26446	541	351	0.26229508196721313
17194	26976	842	537	0.23478260869565218
4651	18528	1254	1326	0.7152886115444618
29348	17515	330	232	0.27906976744186046
20647	31830	1326	466	0.25
13688	6847	134	371	0.3448275862068966
34256	14259	586	292	0.4166666666666667
31745	18205	658	290	0.225
5071	16887	1239	472	0.34210526315789475
33166	28000	481	493	0.22012578616352202
2253	20643	373	259	0.5384615384615384
20550	931	497	544	0.23076923076923078
18487	13601	1530	851	0.32432432432432434
9366	27324	1348	1352	0.2302839116719243
28607	19437	419	630	0.2916666666666667
14187	8359	476	276	0.36363636363636365
8636	14577	1329	473	0.2413793103448276
16859	24969	1303	257	0.4230769230769231
6647	8569	1293	508	0.36363636363636365
6608	10285	549	399	0.2692307692307692
34974	4890	248	263	0.3225806451612903
6837	21597	535	327	0.34615384615384615
18895	22245	277	657	0.3333333333333333
14940	16480	484	484	0.9669421487603306
1067	267	412	374	0.2753623188405797
4799	11957	356	548	0.2972972972972973
29519	28635	279	314	0.3333333333333333
10705	9009	1279	1241	0.24085850556438793
12655	34803	165	483	0.2962962962962963
19935	32617	522	536	0.4166666666666667
19672	11313	728	348	0.2777777777777778
10591	22348	414	388	0.3333333333333333
26063	30218	553	516	0.21875
4208	33645	515	483	0.24096385542168675
32845	34495	512	889	0.391304347826087
9263	8438	260	369	0.4166666666666667
13436	29507	1006	525	0.2125
34462	31659	753	533	0.24369747899159663
3788	21615	1557	1292	0.2623574144486692
19013	4416	433	331	0.5555555555555556
25423	34220	321	1188	0.47619047619047616
3242	25193	1545	257	0.3333333333333333
5048	13102	1288	1276	0.23859934853420195
16739	24253	255	505	0.22826086956521738
26267	20050	375	1337	0.2318840579710145
30640	17761	1324	223	0.3333333333333333
25651	1605	415	539	0.27586206896551724
21270	33771	516	341	0.2631578947368421
28074	29086	333	1525	0.46153846153846156
17651	25350	332	361	0.36363636363636365
12635	15823	407	165	0.35714285714285715
242	29148	546	376	0.25
10103	13194	1197	1330	0.5895061728395061
25884	7820	318	333	0.35294117647058826
3322	3889	475	1325	0.3793103448275862
9221	27340	416	511	0.4411764705882353
5483	25178	571	579	0.3076923076923077
26265	8677	846	531	0.25510204081632654
485	6485	505	1288	0.2553191489361702
27439	21145	1320	1330	0.23609991941982272
23352	20883	289	581	0.2916666666666667
29466	33198	284	100	0.2328767123287671
26630	18204	545	525	0.24358974358974358
21662	32719	261	248	0.2900763358778626
34258	26122	295	919	0.4444444444444444
21133	21481	469	1267	0.45454545454545453
23492	32344	245	205	0.2222222222222222
23072	6545	229	1282	0.3783783783783784
11281	16696	265	513	0.25
30818	28242	557	507	0.2571428571428571
17996	374	1275	338	0.3181818181818182
448	3427	444	1321	0.6363636363636364
25324	34326	494	669	0.2786885245901639
29255	22123	377	506	0.30434782608695654
34145	27192	1086	434	0.4
34796	8702	671	311	0.375
19082	3767	824	567	0.3888888888888889
23423	4672	665	837	0.3709677419354839
27179	25075	412	1317	0.20588235294117646
23127	16734	474	372	0.5
21305	6980	487	356	0.30952380952380953
10086	11476	1934	515	0.25196850393700787
16822	19827	1460	536	0.3488372093023256
17040	4503	550	1248	0.38461538461538464
33573	30953	797	323	0.2857142857142857
19405	323	1211	338	0.2692307692307692
9418	13219	510	508	0.3125
13211	34687	1508	675	0.3333333333333333
26642	35023	1268	674	0.391304347826087
27905	1113	435	255	0.4090909090909091
33591	15294	265	232	0.38095238095238093
20858	30798	576	271	0.2564102564102564
2745	4163	462	315	0.24074074074074073
29663	1302	277	449	0.5
16066	26752	394	1529	0.28888888888888886
12713	2987	1329	509	0.2261904761904762
19549	17549	560	556	0.2903225806451613
10084	13904	1544	292	0.20915032679738563
33599	26949	486	562	0.36585365853658536
3982	11361	238	1484	0.45454545454545453
2963	21809	423	257	0.28205128205128205
3179	35040	873	723	0.36363636363636365
14636	1992	505	345	0.28125
18217	4532	476	487	0.2620967741935484
13932	17636	310	231	0.375
794	28394	512	349	0.29545454545454547
4339	31170	260	503	0.25925925925925924
31771	31914	528	229	0.2894736842105263
8842	17874	263	545	0.3548387096774194
22061	10017	1461	873	0.2535211267605634
17611	7177	186	1267	0.5
13745	23761	332	375	0.625
25509	17714	251	192	0.2857142857142857
34513	863	561	320	0.24324324324324326
19583	20825	1268	1252	0.24517684887459806
2768	30411	547	343	0.32653061224489793
13411	23195	550	574	0.3235294117647059
24749	32253	515	710	0.5454545454545454
19605	33386	344	533	0.4146341463414634
928	21093	1776	536	0.6180422264875239
32654	14599	588	223	0.28
16463	1234	365	252	0.2692307692307692
22071	2959	317	330	0.5
9198	28324	543	528	0.375
71	11048	1763	536	0.24390243902439024
16447	17712	165	521	0.4
9642	2902	523	411	0.41379310344827586
15287	5899	192	570	0.6666666666666666
23184	34763	289	467	0.3333333333333333
9169	21766	500	466	0.8167420814479638
34117	18374	1206	327	0.2716049382716049
1150	30713	445	388	0.5
12531	20458	448	420	0.3076923076923077
10064	2678	677	491	0.25
14900	6315	192	381	0.2033898305084746
28837	30135	550	516	0.18243243243243243
30878	18723	293	254	0.23952095808383234
34903	28625	935	509	0.3148148148148148
30164	23761	930	375	0.2857142857142857
23940	7450	396	347	0.39338235294117646
20235	4370	497	1340	0.35185185185185186
33651	27876	782	410	0.4666666666666667
17518	34254	507	141	0.47058823529411764
10418	13203	249	188	0.3076923076923077
242	32824	546	516	0.23684210526315788
34208	8463	622	1242	0.3793103448275862
20971	34078	545	273	0.4090909090909091
25980	33705	255	1020	0.23684210526315788
18117	6948	451	557	0.38461538461538464
27543	10431	317	395	0.2972972972972973
16036	14403	525	521	0.2786885245901639
11030	28138	497	609	0.36363636363636365
2040	23631	646	1212	0.24489795918367346
24690	18346	1277	567	0.27419354838709675
10862	30097	1327	1642	0.28957528957528955
27524	31494	1264	518	0.22916666666666666
19171	33839	1311	772	0.4074074074074074
13748	6465	504	1319	0.2717391304347826
29062	12613	655	475	0.25882352941176473
163	25162	688	298	0.24528301886792453
26401	11914	441	1481	0.3170731707317073
14000	5665	448	333	0.3333333333333333
24348	6047	438	570	0.35
34709	5919	231	222	0.5333333333333333
30719	32810	485	871	0.2857142857142857
9802	19326	407	1264	0.3235294117647059
9612	25000	455	424	0.5574229691876751
23711	22274	437	1309	0.36666666666666664
20474	27152	1542	443	0.1951219512195122
1533	27551	261	924	0.25
10011	15438	1294	192	0.5
8750	30157	843	383	0.2413793103448276
9464	14422	794	194	0.24444444444444444
31048	7801	546	621	0.34782608695652173
29511	32937	260	369	0.4
1767	9928	394	1324	0.3225806451612903
11223	14942	551	293	0.23148148148148148
30901	3710	645	404	0.2972972972972973
2353	28076	483	1356	0.35
20732	17873	537	1333	0.38461538461538464
29361	3645	444	312	0.3
18387	30540	736	512	0.34146341463414637
29270	21165	472	469	0.42857142857142855
17005	4626	542	510	0.37037037037037035
29174	27572	260	475	0.3283582089552239
32532	20575	449	422	0.26136363636363635
20570	13272	475	299	0.25
34395	5072	907	412	0.37209302325581395
2607	29650	596	535	0.32666666666666666
13771	30328	192	412	0.375
33697	4345	1045	1304	0.3448275862068966
23117	4246	388	261	0.24175824175824176
20998	32382	328	670	0.5625
3806	19824	230	1078	0.275
24221	33418	530	1434	0.5
25598	10986	662	491	0.2777777777777778
26541	13768	419	1514	0.3
33130	17273	354	255	0.28125
33536	29051	178	540	1.0
26936	13458	872	454	0.5739514348785872
34414	1497	1412	999	0.42105263157894735
10194	1107	343	1518	0.6666666666666666
31390	26122	381	919	0.625
5195	9891	1305	802	0.26785714285714285
15584	26158	455	552	0.2222222222222222
7128	11823	413	1252	0.28
7504	1825	485	345	0.2682926829268293
21871	5781	443	397	0.2682926829268293
6538	10137	465	516	0.3891213389121339
34274	25360	178	645	0.2549019607843137
6441	33472	1521	797	0.24761904761904763
8769	1740	930	484	0.34375
32011	461	542	405	0.5625
26331	25429	259	538	0.38095238095238093
2401	7760	503	412	0.3055555555555556
3085	29798	494	538	0.3076923076923077
8647	14381	1275	409	0.3191489361702128
31525	9616	490	346	0.37037037037037035
9435	25403	1503	506	0.2972972972972973
15136	14673	1333	1508	0.3749072011878248
18015	33513	409	598	0.2558139534883721
28616	19909	486	276	0.3333333333333333
29761	3029	548	1041	0.37037037037037035
15899	20721	223	688	0.297029702970297
2899	27572	464	475	0.2962962962962963
32167	21489	370	364	0.3741496598639456
30162	33491	896	265	0.26666666666666666
27116	33984	1338	788	0.25
14764	12517	556	1508	0.28
22172	23220	484	487	0.27586206896551724
29235	869	220	469	0.288135593220339
31905	28983	256	1085	0.21212121212121213
15474	6655	556	294	0.30434782608695654
11194	14288	473	293	0.2903225806451613
6563	21161	1304	723	0.24528301886792453
21579	22299	498	1291	0.2875
2798	20859	909	414	0.3333333333333333
28834	2145	585	888	0.2459016393442623
23427	8321	547	471	0.4583333333333333
6135	34393	404	555	0.4
31355	14591	514	528	0.3333333333333333
33854	17946	481	505	0.27419354838709675
18360	17262	393	1100	0.3448275862068966
2930	20393	319	366	0.3125
24093	33364	497	1023	0.38461538461538464
13712	6859	326	547	0.5
5003	20405	549	277	0.2857142857142857
4187	20222	520	1330	0.25925925925925924
31679	3368	323	261	0.2413793103448276
6711	9986	534	261	0.34615384615384615
14864	21148	622	276	0.30434782608695654
3225	13005	521	541	0.4666666666666667
26253	35111	315	645	0.26666666666666666
29095	7460	509	260	0.2857142857142857
21253	25791	1509	520	0.3333333333333333
34984	4892	555	268	0.2608695652173913
2455	28698	1496	332	0.35714285714285715
29513	29255	493	377	0.2
3502	9314	1300	1276	0.6859706362153344
15212	19828	540	340	0.20967741935483872
17498	23406	458	271	0.3170731707317073
27941	33579	569	791	0.23076923076923078
19131	17262	496	1100	0.3023255813953488
27001	31000	343	495	0.2463768115942029
19231	1621	564	255	0.2127659574468085
15197	27738	1505	298	0.3125
28001	19540	227	1257	0.2692307692307692
1418	4351	379	501	0.23529411764705882
28311	14282	495	647	0.30434782608695654
8828	20925	370	502	0.45144356955380577
31441	14328	312	628	0.2558139534883721
32676	33163	484	781	0.35714285714285715
13651	7800	458	1214	0.21052631578947367
23269	32651	289	293	0.2949640287769784
23989	29688	637	255	0.4444444444444444
10496	9653	470	286	0.32142857142857145
28782	15304	552	394	0.47368421052631576
6845	33360	277	178	0.2692307692307692
25788	13656	256	226	0.3076923076923077
2473	8959	260	495	0.4117647058823529
5814	21720	1323	1531	0.36927621861152143
24136	19942	394	516	0.2047244094488189
10726	14861	513	424	0.24183006535947713
14853	11472	483	413	0.3584905660377358
19666	5929	1321	881	0.2736842105263158
24635	24434	293	424	0.2962962962962963
4520	22738	409	301	0.3469387755102041
16665	16216	525	232	0.13043478260869565
28367	25497	306	505	0.28846153846153844
1570	30576	495	469	0.175
13585	19653	452	1247	0.2727272727272727
19112	25185	1198	579	0.28846153846153844
30863	16685	569	266	0.26666666666666666
25478	11579	451	627	0.35714285714285715
8017	22634	516	309	0.42105263157894735
23379	18575	235	509	0.3
5395	31919	508	575	0.7755102040816326
17546	7530	292	1479	0.2545454545454545
27832	4170	503	298	0.4375
28963	192	519	261	0.35135135135135137
22064	860	366	1278	0.7777777777777778
10588	10851	885	542	0.75
5041	33660	415	780	0.2653061224489796
6163	26508	360	509	0.23255813953488372
4705	18787	585	435	0.391304347826087
6480	14937	1277	453	0.3
19651	17921	1270	853	0.22666666666666666
31425	25336	356	223	0.3181818181818182
3838	16721	545	571	0.34615384615384615
13329	31906	292	471	0.2857142857142857
29474	18861	506	293	0.23943661971830985
1692	8418	255	553	0.46153846153846156
8216	26546	281	356	0.37037037037037035
18914	15818	736	376	0.25925925925925924
13191	1879	332	293	0.24691358024691357
9932	27836	548	221	0.2542372881355932
22798	1937	345	490	0.2857142857142857
25196	12266	491	356	0.248
7639	12360	411	212	0.2602739726027397
27237	24714	498	341	0.288135593220339
29649	30125	391	832	0.33962264150943394
8068	24743	365	1021	0.3103448275862069
27229	27122	260	346	0.41379310344827586
28541	5109	404	503	0.30158730158730157
98	9145	255	440	0.5
20542	25831	1289	544	0.20652173913043478
15762	18211	505	232	0.288135593220339
11396	2101	520	524	0.21052631578947367
8809	8388	1217	408	0.39285714285714285
8758	14429	342	269	0.3888888888888889
17607	2596	1298	492	0.25
4742	13681	516	858	0.2153846153846154
28686	27746	544	1360	0.3108108108108108
14464	27589	406	599	0.4666666666666667
31996	23467	362	225	0.24242424242424243
1058	6146	736	499	0.2702702702702703
31087	29644	341	286	0.3333333333333333
4729	21456	373	336	0.24489795918367346
9812	19951	1222	379	0.26153846153846155
18093	26450	192	943	0.34210526315789475
7883	17979	846	226	0.4117647058823529
19252	1763	348	503	0.5384615384615384
10761	13847	396	471	0.5555555555555556
16076	22967	1287	554	0.5
4106	30010	512	1488	0.34615384615384615
19925	25916	894	520	0.234375
23625	28461	517	258	0.4
20130	9182	313	332	0.5856697819314641
24700	3443	373	471	0.2631578947368421
7211	25148	465	451	0.42857142857142855
16143	32087	366	543	0.36363636363636365
8404	24878	554	854	0.22077922077922077
14298	4357	403	498	0.35714285714285715
23376	24994	959	510	0.35
21945	23331	462	1478	0.32142857142857145
10351	11973	466	569	0.25862068965517243
31848	28748	509	512	0.25925925925925924
24617	17216	1475	930	0.3333333333333333
6073	19571	773	1319	0.36585365853658536
2947	1725	907	1329	0.23853211009174313
14177	21192	362	488	0.47058823529411764
162	11724	666	220	0.5
21923	22496	556	293	0.18181818181818182
4164	13650	536	1511	0.3018867924528302
17765	18910	332	440	0.5
16765	26170	507	538	0.18446601941747573
31530	9219	546	498	0.3170731707317073
11833	34959	517	343	0.38461538461538464
14987	52	290	763	0.2545454545454545
19706	30724	856	548	0.28888888888888886
15807	15297	506	165	0.2545454545454545
4332	16560	569	1281	0.22556390977443608
23671	18087	1472	454	0.2037037037037037
24770	5484	1316	569	0.3137254901960784
24496	31601	267	507	0.22857142857142856
19163	12974	597	627	0.6939799331103679
9752	23435	509	524	0.391304347826087
6081	7501	259	522	0.4117647058823529
17086	30014	1224	292	0.3157894736842105
34470	33885	503	352	0.3076923076923077
30576	20762	469	1206	0.25316455696202533
14002	4163	506	315	0.375
8782	529	665	304	0.3225806451612903
18973	915	540	515	0.24615384615384617
21117	18704	590	643	0.2553191489361702
15981	28889	194	294	0.2962962962962963
32476	28537	330	761	0.35294117647058826
27847	6210	891	462	0.3125
33674	12734	783	292	0.3
3392	34625	460	551	0.28205128205128205
24508	32902	390	264	0.391304347826087
3381	3917	234	336	0.2692307692307692
6547	31485	512	520	0.2604166666666667
15938	5621	362	514	0.2926829268292683
20448	13508	451	448	0.279826464208243
5525	21271	1308	491	0.1875
6035	4254	248	334	0.22510822510822512
16395	14997	163	232	0.2631578947368421
28385	31547	1255	756	0.32
35052	27037	208	255	0.29545454545454547
11195	6808	400	475	0.2702702702702703
968	31842	261	661	0.4117647058823529
5086	29891	260	479	0.30357142857142855
6377	2971	1680	167	0.2903225806451613
26567	34373	504	160	0.25
20976	27737	548	707	0.27906976744186046
19738	8445	455	411	0.5401662049861495
21670	29762	413	530	0.23809523809523808
3465	26643	522	779	0.21428571428571427
150	9357	520	551	0.47058823529411764
28037	12971	396	220	0.3888888888888889
16016	4725	441	1321	0.4090909090909091
24398	17254	316	896	0.2807017543859649
11744	12856	550	1305	0.5714285714285714
801	26492	516	365	0.391304347826087
2178	3459	537	520	0.3469387755102041
12103	12795	501	292	0.19767441860465115
3554	12125	507	479	0.36363636363636365
32912	28294	887	401	0.2948717948717949
21970	21963	472	497	0.36363636363636365
1236	21393	449	260	0.2421875
9050	11023	1334	544	0.2807017543859649
18894	6263	530	1539	0.36363636363636365
6280	18957	615	290	0.3181818181818182
10053	1789	529	541	0.47058823529411764
26457	26794	554	546	0.3
31483	2403	513	380	0.5
6756	20646	515	529	0.36
4940	16783	343	390	0.3333333333333333
20955	9284	332	511	0.3235294117647059
1251	6255	555	286	0.30952380952380953
26332	27814	229	350	0.28169014084507044
16374	13487	804	556	0.28346456692913385
34033	9217	214	498	0.2653061224489796
8436	8892	491	407	0.2833333333333333
8954	18210	418	190	0.29411764705882354
2448	2064	877	239	0.4
20939	15211	535	394	0.2711864406779661
8551	12071	508	257	0.25688073394495414
11540	3092	339	1202	0.3793103448275862
24408	24758	376	255	0.22695035460992907
9164	1804	495	1323	0.2535211267605634
6265	3038	1595	1300	0.36699321778447624
4949	7462	501	593	0.25
13614	16778	525	544	0.27450980392156865
35008	20102	576	689	0.22580645161290322
13701	14655	1286	524	0.35294117647058826
6621	12611	469	454	0.42857142857142855
14930	11423	505	553	0.3
23830	11897	430	567	0.4117647058823529
33883	24827	1062	538	0.391304347826087
7650	14069	509	411	0.26666666666666666
10375	15942	516	311	0.25
16656	21989	292	1245	0.20224719101123595
26982	18566	343	365	0.30357142857142855
21840	8273	1148	483	0.21875
14193	19941	505	522	0.22935779816513763
12168	32807	272	586	0.2692307692307692
26196	19556	583	345	0.23809523809523808
19526	29013	1243	1403	0.37795918367346937
28062	326	345	1206	0.3181818181818182
11354	17282	730	407	0.3695652173913043
33554	28183	895	395	0.3220338983050847
28141	12669	1807	176	0.29411764705882354
17538	11394	556	518	0.4444444444444444
3572	23370	502	1276	0.4444444444444444
16221	28656	318	446	0.3448275862068966
29741	31034	255	236	0.3
15892	18135	164	632	0.18823529411764706
23627	11622	494	483	0.5
30926	15207	605	448	0.34615384615384615
23344	26526	1302	418	0.4482758620689655
6036	21928	1321	510	0.22058823529411764
11636	25142	365	353	0.3611111111111111
26495	24309	520	556	0.35714285714285715
21791	4347	509	1224	0.20952380952380953
17531	31976	448	506	0.20903954802259886
25564	10335	592	255	0.26229508196721313
24230	16140	556	438	0.35
33482	3970	940	403	0.3333333333333333
27299	27295	1336	1365	0.2535211267605634
19670	6896	510	626	0.19834710743801653
17471	30980	238	888	0.38095238095238093
24213	14363	537	192	0.36
16332	26497	406	375	0.3170731707317073
24305	10436	505	398	0.22477064220183487
18909	28936	573	534	0.2926829268292683
17746	25808	292	254	0.24509803921568626
28462	20826	314	1209	0.2621359223300971
15291	22155	220	466	0.23255813953488372
13656	26720	226	495	0.22115384615384615
8341	22222	417	513	0.28888888888888886
16373	10098	404	1415	0.2903225806451613
18981	13274	609	505	0.2631578947368421
25444	32365	841	652	0.36666666666666664
9878	19517	558	555	0.5
6767	22200	507	885	0.2463768115942029
31117	5360	474	479	0.32142857142857145
10266	29993	228	529	0.25
27416	12878	1230	151	0.4
14719	21232	232	204	0.5126903553299492
17789	13926	308	283	0.2459016393442623
18783	26923	367	655	0.6363636363636364
21530	32781	610	1348	0.21518987341772153
28125	16144	337	560	0.3448275862068966
1712	27063	511	316	0.34782608695652173
6636	25775	558	536	0.30303030303030304
9641	19400	1320	1315	0.6945967110415036
30827	15490	332	394	0.37037037037037035
5057	27215	585	412	0.19718309859154928
6303	23231	316	668	0.3333333333333333
14719	32774	232	682	0.25806451612903225
5459	6652	222	241	0.32
25798	33768	535	777	0.27692307692307694
12893	30271	846	546	0.29508196721311475
5792	1915	846	514	0.23809523809523808
16046	1515	317	543	0.3333333333333333
32578	13645	523	301	0.31666666666666665
31063	8572	519	494	0.20448179271708683
24873	3862	491	676	0.4
30902	10882	261	427	0.35
266	6253	394	358	0.27586206896551724
17948	27761	1287	868	0.5
31586	1251	322	555	0.375
9170	25336	397	223	0.6666666666666666
18028	13631	165	362	0.5833333333333334
7721	8638	542	577	0.2549019607843137
8027	18708	348	698	0.27906976744186046
26098	12875	347	373	0.3448275862068966
19519	28968	845	383	0.34375
26008	12054	350	259	0.2962962962962963
21188	18217	1280	476	0.24299065420560748
9447	10777	345	256	0.21982758620689655
25467	19433	1330	505	0.26865671641791045
22575	26572	894	524	0.14285714285714285
13442	12534	362	190	0.5
7135	30147	427	277	0.26865671641791045
9089	19698	353	1217	0.24528301886792453
743	14105	528	528	0.36666666666666664
25913	17187	1344	687	0.4666666666666667
33136	5237	1052	855	0.5333333333333333
7198	11896	1275	404	0.2
27106	25117	1311	292	0.19047619047619047
19145	30157	496	383	0.35
5795	26869	222	335	0.6
29589	1676	456	521	0.4444444444444444
26980	14692	810	1319	0.3888888888888889
14316	21537	226	735	0.45454545454545453
14462	7270	1286	1346	0.7298541826554106
2153	6873	1288	1244	0.7008481110254433
25534	7040	255	1442	0.28125
11128	22931	277	342	0.3177570093457944
1804	7444	1323	1323	0.24699278267842822
26303	16180	467	290	0.5263157894736842
17832	2220	1276	508	0.27586206896551724
5328	12759	321	213	0.28205128205128205
14838	15179	504	521	0.9027777777777778
17837	17819	350	484	0.26
14119	31210	505	591	0.27586206896551724
27476	31590	497	373	0.3111111111111111
13442	17932	362	622	0.21052631578947367
34962	6579	673	516	0.21052631578947367
18444	2987	255	509	0.5333333333333333
17386	5807	412	349	0.3
4068	4663	899	461	0.4375
28453	32350	1424	412	0.3469387755102041
14189	2470	521	921	0.5555555555555556
4843	16452	524	502	0.3220338983050847
5973	6798	511	1455	0.25
26244	683	317	1179	0.30158730158730157
18541	5441	562	893	0.5
1632	3116	488	337	0.2857142857142857
20417	10587	1269	345	0.2807017543859649
2533	9864	487	1264	0.3333333333333333
34710	27343	774	855	0.3050847457627119
27328	7803	533	276	0.4
26489	2161	565	1266	0.22018348623853212
4741	2592	222	655	0.4444444444444444
16151	19135	292	334	0.2146118721461187
9462	7994	868	1296	0.3333333333333333
13144	16896	1330	1268	0.2409435551811289
32895	21569	788	498	0.3076923076923077
19815	17113	487	299	0.21951219512195122
10219	3926	272	737	0.3333333333333333
13731	20922	191	510	0.3191489361702128
12942	4894	556	200	0.24761904761904763
27883	4022	420	549	0.28125
31329	6302	553	335	0.3333333333333333
31828	6533	547	1282	0.45
13461	25045	223	406	0.38095238095238093
3850	5232	512	337	0.34375
21228	31493	569	521	0.28
6480	5662	1277	842	0.2708333333333333
32473	7602	307	522	0.2391304347826087
13322	8862	1316	276	0.4375
6406	20279	400	358	0.8
1063	8870	544	315	0.4666666666666667
19887	30404	499	659	0.3888888888888889
282	10588	781	885	0.41379310344827586
34128	5784	359	1305	0.2765957446808511
18961	6030	327	430	0.21739130434782608
7813	8684	712	652	0.22857142857142856
34971	30105	771	925	0.4
19600	20782	1307	451	0.29310344827586204
8959	31757	495	285	0.2777777777777778
4920	13967	493	556	0.32653061224489793
28582	31223	569	551	0.3076923076923077
33428	24150	1445	308	0.375
32168	24940	536	567	0.2727272727272727
19304	28095	351	294	0.2894736842105263
12289	4702	1304	628	0.24666666666666667
15652	5222	220	507	0.2857142857142857
2458	32723	550	538	0.2876712328767123
19769	7287	556	1278	0.3333333333333333
24834	8002	657	502	0.375
18760	11096	539	1282	0.4090909090909091
16351	9945	406	555	0.25
7796	22829	556	1292	0.2909090909090909
18609	3138	524	375	0.3902439024390244
4989	15562	824	159	0.25263157894736843
5400	21988	345	1329	0.296875
14273	21724	394	407	0.2857142857142857
3368	26932	261	413	0.34782608695652173
28399	12159	702	269	0.5
25463	4353	280	345	0.26573426573426573
26641	16598	408	404	0.24060150375939848
22570	22094	736	855	0.2535211267605634
10958	21179	537	298	0.2962962962962963
11501	32561	499	508	0.2520491803278688
20439	4918	547	529	0.4583333333333333
132	9104	394	562	0.29850746268656714
23808	18546	1268	271	0.3235294117647059
31887	4260	260	487	0.29411764705882354
30575	18082	261	525	0.42857142857142855
34117	34453	1206	765	0.2978723404255319
23520	27913	1320	486	0.3157894736842105
25587	18502	341	1033	0.3157894736842105
33206	14477	1021	630	0.22388059701492538
3824	2007	500	256	0.2761904761904762
24198	6944	477	277	0.2
22330	28356	534	801	0.2926829268292683
29584	22797	456	467	0.8571428571428571
26338	13645	487	301	0.45
23961	23859	1474	469	0.3157894736842105
33086	19414	782	555	0.5333333333333333
9544	12073	872	782	0.41379310344827586
29376	5663	515	408	0.2631578947368421
29863	10227	303	567	0.2972972972972973
25540	26490	760	413	0.32432432432432434
8733	23699	503	519	0.22565320665083136
26548	24048	301	1380	0.4230769230769231
1696	16973	449	1278	0.3275862068965517
25085	523	1522	444	0.2459016393442623
31222	1478	1529	695	0.22727272727272727
2807	5439	325	256	0.4117647058823529
19271	17986	618	506	0.2894736842105263
7289	14580	1230	445	0.19626168224299065
333	24777	220	370	0.1836734693877551
33373	27589	229	599	0.30434782608695654
11798	17083	1222	1220	0.2516722408026756
2655	33551	628	374	0.20408163265306123
29168	6724	384	685	0.32142857142857145
337	224	444	300	0.2891566265060241
26991	26815	255	541	0.6679841897233202
3866	17822	1325	292	0.25
6572	31841	413	289	0.36363636363636365
8885	9222	259	558	0.29411764705882354
505	30914	235	222	0.5833333333333334
26715	11042	565	918	0.375
12594	32866	332	476	0.23076923076923078
7295	7976	256	527	0.3488372093023256
23014	10573	345	237	0.25
9175	15031	1494	365	0.38095238095238093
9360	9704	364	1453	0.23684210526315788
11860	11468	335	402	0.32432432432432434
10159	18606	1415	446	0.4583333333333333
863	18200	320	628	0.21428571428571427
30870	21413	631	259	0.26153846153846155
10193	34472	903	297	0.28888888888888886
12622	23456	489	581	0.3088235294117647
19474	2093	365	346	0.2777777777777778
84	17886	259	362	0.2972972972972973
6046	2556	345	153	0.2857142857142857
17562	29646	220	258	0.23834196891191708
7590	14953	530	192	0.4
24446	6670	305	292	0.22777777777777777
7566	16139	459	392	0.3103448275862069
22742	1946	620	332	0.5
20605	12729	625	332	0.4375
20885	29032	486	506	0.375
9543	10795	865	1321	0.35
34774	8601	259	635	0.2638888888888889
501	28618	418	261	0.3
18957	7710	290	503	0.34615384615384615
23552	32071	668	500	0.2727272727272727
2682	30432	709	239	0.2631578947368421
34353	15745	324	519	0.2222222222222222
1914	8364	618	616	0.8038585209003215
1126	4770	410	368	0.22033898305084745
1555	19667	758	1282	0.2077922077922078
6706	18854	1174	497	0.19834710743801653
21589	15898	335	505	0.4117647058823529
19744	5059	595	698	0.2786885245901639
21818	8273	372	483	0.6666666666666666
33458	6265	782	1595	0.2826086956521739
17212	18868	579	544	0.2727272727272727
30771	26869	238	335	0.21621621621621623
29762	18863	530	469	0.3
8447	2386	335	168	0.42857142857142855
11487	5570	500	802	0.375
33419	14632	354	536	0.34210526315789475
1479	25265	381	582	0.5
14549	22567	648	446	0.2857142857142857
32618	1634	536	539	0.22058823529411764
14899	30451	365	277	0.375
7563	9562	684	1431	0.36585365853658536
6379	14543	506	448	0.19901719901719903
29139	16422	920	411	0.27586206896551724
15699	26378	448	1340	0.37142857142857144
900	20901	1440	539	0.21311475409836064
21753	21178	1323	1508	0.36316181953765847
22575	32308	894	294	0.3611111111111111
24384	20058	255	572	0.21428571428571427
1366	18235	345	1529	0.5
12227	43	495	500	0.3125
27466	28175	631	327	0.16666666666666666
3200	19532	929	345	0.6666666666666666
23546	10041	788	554	0.23148148148148148
34067	28124	1020	569	0.27631578947368424
968	24724	261	580	0.5537848605577689
4369	3176	1234	282	0.2692307692307692
25461	21729	468	258	0.375
27549	30126	659	556	0.24324324324324326
15767	15304	308	394	0.4074074074074074
29645	17915	334	1333	0.21666666666666667
24330	29101	1350	1052	0.28846153846153844
2833	5439	548	256	0.2235294117647059
26153	20863	477	528	0.22911051212938005
9430	29108	507	611	0.25
27156	6110	353	312	0.38461538461538464
14592	27410	1509	737	0.2894736842105263
4529	19584	548	692	0.2857142857142857
3839	9175	553	1494	0.2462686567164179
23443	14414	815	265	0.22857142857142856
1343	33556	852	741	0.6
18373	12743	884	292	0.21739130434782608
31385	26114	360	1076	0.4583333333333333
10533	26068	547	420	0.4375
19382	17652	853	479	0.3170731707317073
19745	30135	555	516	0.19008264462809918
32695	11819	441	497	0.4117647058823529
21175	599	479	311	0.27802690582959644
34832	18480	530	544	0.25
12070	15754	376	451	0.26865671641791045
9229	16418	556	502	0.23214285714285715
11410	13932	553	310	0.3181818181818182
19757	33573	1089	797	0.3548387096774194
312	2091	305	335	0.4375
17950	5243	232	417	0.28846153846153844
29777	8258	224	506	0.46153846153846156
20172	7248	342	1220	0.20869565217391303
21692	22413	510	349	0.2682926829268293
16161	26104	427	449	0.22857142857142856
7078	21471	470	1098	0.4666666666666667
35034	22153	132	498	0.42857142857142855
20665	30050	586	1537	0.29591836734693877
18467	1887	277	678	0.20238095238095238
25177	11410	434	553	0.3170731707317073
32701	24826	225	871	0.3548387096774194
979	10626	255	446	0.35294117647058826
18189	10783	1286	1312	0.24317817014446227
24177	29633	334	528	0.3142857142857143
4026	15673	271	1343	0.22
13952	14524	165	453	0.6993006993006993
9463	22147	811	316	0.3793103448275862
19078	23516	829	237	0.2727272727272727
11880	14564	430	446	0.20689655172413793
5411	21112	519	251	0.2236842105263158
9129	34430	527	1191	0.391304347826087
25354	14834	255	1508	0.2923076923076923
3020	18319	546	521	0.5
1327	9163	267	256	0.391304347826087
28513	25710	498	549	0.4117647058823529
12046	5940	226	441	0.4666666666666667
29007	10350	1019	551	0.42105263157894735
6501	31809	290	299	0.265625
19365	10287	576	385	0.41379310344827586
9098	8586	392	509	0.22950819672131148
1732	19794	496	798	0.2714285714285714
5702	26690	553	503	0.45454545454545453
30409	11588	292	256	0.225
7813	23539	712	275	0.22377622377622378
15777	11540	1287	339	0.2857142857142857
26615	25064	1332	415	0.21666666666666667
13757	31119	164	1335	0.2109375
324	25966	535	1328	0.3620689655172414
14502	8270	653	851	0.6697674418604651
23262	2163	1285	1134	0.7432188065099458
14119	7937	505	454	0.20394736842105263
15114	10282	362	624	0.5
32775	2959	391	330	0.30434782608695654
19796	34841	1073	274	0.2328767123287671
23481	497	764	125	0.3055555555555556
12120	9910	919	675	0.47619047619047616
2954	27393	323	776	0.30952380952380953
6240	3194	1048	1277	0.4782608695652174
6962	15686	1544	1287	0.22778675282714056
15959	13870	479	629	0.5384615384615384
24488	14791	1331	1507	0.3539367181751288
32073	31930	373	335	0.2869318181818182
5554	4049	523	509	0.36
135	3809	556	487	0.2967032967032967
1420	12045	522	507	0.46153846153846156
22386	28199	520	541	0.3023255813953488
6517	24692	738	874	0.38181818181818183
9582	12072	415	501	0.35
22315	24679	639	483	0.24390243902439024
18400	32258	1321	441	0.3076923076923077
4193	33693	599	295	0.3269230769230769
24147	23193	1278	1276	0.8279245283018868
20257	161	383	566	0.2413793103448276
29458	9347	247	415	0.39285714285714285
14870	30	165	527	0.234375
18720	22552	1287	356	0.5714285714285714
14234	8959	448	495	0.2471131639722864
15357	5429	161	390	0.4230769230769231
25235	30718	549	522	0.36
30505	35027	512	535	0.23952095808383234
4945	18668	458	413	0.5807365439093485
21725	24696	655	520	0.30434782608695654
18980	28907	568	1137	0.25161290322580643
18870	16060	314	192	0.8571428571428571
29093	842	545	651	0.24390243902439024
7750	19379	542	759	0.6
23117	12832	388	1330	0.2916666666666667
6842	5261	438	825	0.34
29580	32699	456	498	0.625
28043	27572	675	475	0.27380952380952384
28050	22281	922	1323	0.3870967741935484
3828	22583	550	301	0.2
11586	30862	546	665	0.21666666666666667
27399	4384	1352	858	0.375
8193	1736	1330	529	0.35294117647058826
10493	5671	322	1253	0.24561403508771928
21047	31246	383	1188	0.32608695652173914
3600	26658	515	583	0.31746031746031744
4861	3923	521	457	0.3333333333333333
10215	8653	645	458	0.47619047619047616
16115	4538	292	514	0.2727272727272727
7463	25610	847	555	0.5384615384615384
31356	28953	474	404	0.24509803921568626
1575	25321	516	277	0.3225806451612903
31314	28021	348	381	0.25
13401	21974	503	535	0.32142857142857145
16126	8879	463	258	0.2261904761904762
9906	13003	315	292	0.2742857142857143
31869	8067	497	497	0.3157894736842105
23313	10178	668	717	0.3050847457627119
4693	9047	343	1263	0.3333333333333333
24808	33870	292	837	0.26229508196721313
18643	33595	252	273	0.2619047619047619
24093	27137	497	547	0.25663716814159293
14461	32635	505	391	0.3142857142857143
5491	5447	540	1289	0.32558139534883723
18747	9976	575	329	0.3684210526315789
20418	12619	894	1276	0.22018348623853212
1413	2624	689	547	0.32558139534883723
1895	16045	362	165	0.4
29724	22062	528	1294	0.2857142857142857
16099	9732	1315	875	0.42105263157894735
15944	4793	263	356	0.2631578947368421
13577	9384	484	332	0.35555555555555557
17016	28662	1691	811	0.2777777777777778
22582	32912	303	887	0.32
24910	24902	1348	293	0.27450980392156865
13676	8310	192	1277	0.21951219512195122
31375	35086	1459	784	0.2727272727272727
16898	6768	504	514	0.23387096774193547
32170	13218	418	448	0.4074074074074074
32566	27048	462	521	0.5882352941176471
22445	4690	736	555	0.26666666666666666
22336	13782	427	362	0.2345679012345679
34327	9139	344	586	0.19696969696969696
2702	6176	491	354	0.2682926829268293
6446	18008	1480	165	0.375
1987	25417	509	821	0.24242424242424243
23140	10726	454	513	0.24087591240875914
28047	25750	465	570	0.6
19191	12057	296	624	0.2535211267605634
28251	29171	558	429	0.3225806451612903
14439	24169	331	1542	0.32
4168	9469	473	1290	0.28125
18327	20704	820	231	0.42105263157894735
22637	14457	261	556	0.4
16312	32047	301	328	0.625
23948	25706	585	1277	0.22018348623853212
20579	25290	360	501	0.3148148148148148
30753	26917	1271	1332	0.375
17051	34664	465	786	0.2549019607843137
28920	33509	804	100	0.4
19235	27909	521	435	0.3
10468	10792	448	376	0.7
18263	18872	500	468	0.21788990825688073
24091	7884	1866	609	0.2909090909090909
1420	20108	522	343	0.25
26659	9049	500	1273	0.3125
20637	380	1494	505	0.2717391304347826
27084	8494	436	438	0.46373626373626375
27446	21429	274	881	0.4666666666666667
25105	34985	242	933	0.24210526315789474
21876	7199	917	1257	0.21212121212121213
9371	3554	529	507	0.34210526315789475
27636	8282	504	373	0.22413793103448276
29314	27386	551	490	0.3684210526315789
32256	11752	441	250	0.2698412698412698
15166	20943	531	526	0.3333333333333333
1427	28891	695	534	0.26666666666666666
14123	16869	292	252	0.3
17648	9075	164	571	0.4375
4780	8584	409	496	0.35294117647058826
7225	19736	676	1315	0.27102803738317754
28644	24330	555	1350	0.4444444444444444
286	12192	1306	394	0.21666666666666667
9656	12837	585	482	0.38461538461538464
19182	32337	277	323	0.42857142857142855
30242	409	493	394	0.27586206896551724
18800	22602	577	479	0.36363636363636365
32292	30385	319	548	0.24468085106382978
8974	24482	1334	361	0.4444444444444444
7616	34062	1342	926	0.3333333333333333
19091	3403	558	540	0.32075471698113206
30078	1587	467	536	0.2164009111617312
13343	15084	556	373	0.21481481481481482
34714	8778	924	542	0.2018348623853211
6134	19176	500	262	0.24509803921568626
29673	9438	380	507	0.23577235772357724
15926	12652	95	1330	0.2608695652173913
29144	10227	534	567	0.37142857142857144
3676	17676	270	448	0.2962962962962963
20752	4196	1247	250	0.29545454545454547
25867	31997	494	496	0.3125
26227	29181	373	551	0.29411764705882354
770	25914	261	371	0.5
12919	26672	362	345	0.42857142857142855
14398	9215	292	498	0.20408163265306123
34093	27940	347	532	0.3
13137	284	362	550	0.625
7394	4414	536	473	0.6804123711340206
9064	9931	512	411	0.22972972972972974
1773	3211	312	348	0.36666666666666664
33947	19148	237	512	0.28
32989	17591	486	292	0.3333333333333333
8290	25408	688	414	0.36363636363636365
16588	13339	192	505	0.3333333333333333
13408	13927	293	1308	0.4
27712	29580	502	456	0.2702702702702703
24970	1503	345	410	0.3111111111111111
33391	10904	178	320	0.24
26572	32687	524	200	0.30612244897959184
5622	13555	553	505	0.3111111111111111
24981	571	336	338	0.30952380952380953
21991	16593	1295	317	0.3076923076923077
18745	28499	523	458	0.46153846153846156
8721	1574	466	502	0.19668737060041408
24279	27479	1508	1179	0.3625866050808314
18345	3407	548	503	0.29411764705882354
7453	12307	475	428	0.5
9540	17141	865	731	0.25
24221	6132	530	542	0.3142857142857143
14100	24523	362	472	0.37142857142857144
3271	59	276	494	0.2682926829268293
5075	7096	480	1292	0.22857142857142856
21744	19121	1253	487	0.2222222222222222
25657	7190	522	571	0.24761904761904763
31142	22608	239	656	0.32
34773	3933	805	374	0.4117647058823529
3197	14204	356	458	0.554006968641115
34335	33395	586	1021	0.2753623188405797
2341	18732	495	555	0.3076923076923077
16730	4465	1283	446	0.3548387096774194
4014	18471	435	410	0.27450980392156865
4026	17821	271	525	0.34615384615384615
15859	4186	394	516	0.2514450867052023
22843	26585	465	227	0.34782608695652173
25228	33355	260	148	0.45
22277	4970	362	499	0.1935483870967742
13996	21638	536	507	0.2545454545454545
12512	34238	332	111	0.8
6752	17985	515	394	0.20987654320987653
33754	14237	486	524	0.2962962962962963
31281	20335	148	360	0.4666666666666667
30020	20953	469	1308	0.46153846153846156
23085	33140	484	809	0.2903225806451613
3272	12916	1543	165	0.19117647058823528
2756	787	521	932	0.26277372262773724
6757	26431	515	257	0.2391304347826087
33837	20824	487	338	0.35294117647058826
24997	18470	1343	589	0.375
29319	7208	487	465	0.28078817733990147
31919	29543	575	237	0.625
17187	2365	687	356	0.35714285714285715
5977	2438	429	262	0.21052631578947367
10142	30316	516	413	0.28205128205128205
6731	26528	335	761	0.3076923076923077
34545	13382	784	192	0.35714285714285715
31701	6739	151	538	0.22
28569	6121	586	524	0.34615384615384615
6992	23973	1233	657	0.24413145539906103
33813	25510	1024	525	0.2631578947368421
27806	33905	535	178	0.4117647058823529
27682	7393	519	536	0.30434782608695654
5582	30803	1291	509	0.42105263157894735
25256	28740	261	484	0.2962962962962963
23347	34164	1478	91	0.4
13235	13055	1333	453	0.21428571428571427
10474	27120	1071	1122	0.36363636363636365
4303	31227	259	556	0.4
2731	21027	319	378	0.5
1840	21812	255	691	0.225
13590	24571	638	325	0.4
12425	16749	319	498	0.2916666666666667
23366	4389	261	691	0.25
22791	27655	658	261	0.3333333333333333
21440	28818	1326	345	0.2631578947368421
9827	24223	1323	425	0.3055555555555556
16181	23903	191	848	0.38095238095238093
15690	16217	292	556	0.2962962962962963
33369	10688	363	806	0.47058823529411764
18500	10434	238	329	0.625
25421	26226	361	301	0.6411960132890365
9307	6177	835	410	0.3684210526315789
30679	31586	348	322	0.2631578947368421
21964	2838	484	396	0.6
4360	21643	256	236	0.34545454545454546
17542	27873	365	387	0.21428571428571427
28033	31776	578	472	0.3125
13632	281	292	394	0.22580645161290322
13264	423	191	237	0.2682926829268293
9936	33779	1305	311	0.3170731707317073
22345	13402	1337	1306	0.24184566428003182
10327	30279	504	509	0.20606060606060606
11715	31391	558	329	0.4090909090909091
25182	28180	249	505	0.2631578947368421
14547	16714	541	580	0.2535211267605634
20752	4563	1247	1344	0.24727577535624476
24312	4012	625	335	0.29411764705882354
10787	20967	871	466	0.36363636363636365
8243	33938	508	357	0.3125
24288	19649	365	402	0.3181818181818182
27949	6979	482	290	0.4
15633	289	1330	235	0.34375
30612	12480	224	164	0.38095238095238093
501	35072	418	264	0.35294117647058826
30926	8196	605	608	0.2777777777777778
522	29928	513	286	0.28205128205128205
14664	10939	144	238	0.4
31705	31137	348	237	0.4
30745	29876	398	350	0.5833333333333334
7599	7921	522	492	0.49272349272349275
32850	19168	778	293	0.2972972972972973
9188	20908	367	667	0.34375
8406	31505	551	503	0.23430962343096234
33027	25554	271	277	0.2553191489361702
13003	71	292	1763	0.2540983606557377
4029	564	1325	292	0.4090909090909091
29005	5435	761	464	0.3103448275862069
9596	4796	1291	371	0.26785714285714285
3149	9277	261	512	0.3333333333333333
18262	9228	1074	555	0.2396694214876033
12678	19346	505	856	0.2982456140350877
19022	32037	491	320	0.2537313432835821
14195	3396	293	1520	0.5
22858	31681	1319	309	0.21978021978021978
29296	30779	339	711	0.5555555555555556
6156	27996	363	260	0.36666666666666664
7884	31112	609	238	0.29411764705882354
7099	24654	1274	561	0.4117647058823529
23905	28475	800	513	0.75
22928	26133	538	513	0.26582278481012656
26387	29835	293	915	0.2826086956521739
26654	19398	294	512	0.38095238095238093
2666	24748	523	492	0.27586206896551724
34341	15370	560	186	0.3333333333333333
12764	18846	524	1005	0.3333333333333333
17433	1053	620	330	0.2830188679245283
1144	24028	542	522	0.2289156626506024
9983	10582	514	237	0.42105263157894735
18451	9070	480	401	0.6666666666666666
24894	23889	260	1267	0.23308270676691728
12863	30074	525	550	0.6748582230623819
13126	11947	329	479	0.35294117647058826
8335	5783	737	1316	0.2318840579710145
4976	16932	510	461	0.7108910891089109
15982	870	479	506	0.26666666666666666
30058	1392	515	381	0.3333333333333333
23713	18645	259	460	0.4
31341	15941	446	538	0.2033898305084746
27612	3281	659	715	0.6666666666666666
7472	21926	513	493	0.21052631578947367
32298	7490	261	585	0.2358490566037736
5414	21545	352	508	0.2894736842105263
2434	6303	369	316	0.325
2874	4537	487	269	0.42857142857142855
26015	9921	236	230	0.21761658031088082
27463	584	498	408	0.2344139650872818
2013	33024	515	1449	0.42857142857142855
2142	8817	409	1143	0.24390243902439024
26301	22849	1273	821	0.26506024096385544
13692	17147	329	549	0.2916666666666667
30718	22037	522	345	0.35294117647058826
29865	13323	370	1509	0.225
14460	20882	654	340	0.2962962962962963
18941	33266	1132	764	0.20388349514563106
32793	13567	1362	446	0.375
23472	32243	541	796	0.25
5849	12248	1308	1059	0.3103448275862069
7064	18591	597	1268	0.271356783919598
26405	30932	496	234	0.225
5982	16524	569	192	0.375
25192	15890	260	286	0.18552036199095023
33119	27077	822	451	0.2692307692307692
25384	18588	1165	306	0.20987654320987653
15732	10208	318	1514	0.42857142857142855
1503	13609	410	411	0.45454545454545453
6004	32430	538	223	0.5
9090	26716	639	240	0.21951219512195122
27740	23911	260	497	0.23728813559322035
9584	33976	552	570	0.23863636363636365
9305	20340	792	226	0.3170731707317073
25745	21828	222	1317	0.15476190476190477
17292	10908	619	261	0.3333333333333333
32640	8423	1349	512	0.3220338983050847
19011	171	379	434	0.29411764705882354
2581	2253	615	373	0.21904761904761905
9256	1362	496	1279	0.25862068965517243
25632	3252	345	328	0.3333333333333333
5659	19935	447	522	0.20833333333333334
24706	1144	354	542	0.23809523809523808
20947	5637	501	1525	0.2727272727272727
1578	22145	528	639	0.42857142857142855
18337	13662	1514	510	0.3
9387	32473	616	307	0.5454545454545454
7506	26256	492	1353	0.2727272727272727
13298	3736	394	437	0.3684210526315789
12985	15366	452	265	0.35294117647058826
20989	27578	440	635	0.2558139534883721
14225	24994	365	510	0.24731182795698925
13157	843	394	349	0.4
5859	3815	526	312	0.8333333333333334
3726	2471	862	453	0.42857142857142855
3435	34493	794	561	0.3181818181818182
15387	4323	394	1319	0.42857142857142855
29056	34146	534	865	0.4
7468	232	394	220	0.4090909090909091
20297	34845	526	1323	0.23809523809523808
2939	11369	704	516	0.4
34519	15115	770	1508	0.6363636363636364
22015	18263	1276	500	0.2247191011235955
4225	21961	528	525	0.2627118644067797
11777	3314	251	420	0.2727272727272727
15080	3235	328	303	0.2765957446808511
17203	14458	495	633	0.2608695652173913
29064	27338	1042	517	0.43333333333333335
27832	5801	503	553	0.7
15888	27360	1508	571	0.6875
25815	11166	515	550	0.6
34982	1620	935	414	0.24675324675324675
33544	5396	1442	540	0.3125
9196	8985	525	531	0.8087649402390438
28120	34073	1569	765	0.3018867924528302
4376	22858	566	1319	0.3225806451612903
19863	30072	1248	1270	0.6682926829268293
16805	30015	439	291	0.4166666666666667
245	22772	394	312	0.2391304347826087
14436	4826	505	467	0.2647058823529412
5785	2381	345	503	0.3076923076923077
22862	13899	506	311	0.45454545454545453
16024	548	519	520	0.8961538461538462
28354	32584	850	262	0.23404255319148937
13290	29351	315	530	0.4117647058823529
33019	19019	274	516	0.36363636363636365
9142	6203	415	256	0.3103448275862069
8178	20212	470	365	0.3
9170	27668	397	396	0.32653061224489793
15255	31088	320	506	0.32075471698113206
26751	23329	533	777	0.2
1886	6805	261	418	0.25925925925925924
26577	31838	297	445	0.24509803921568626
27993	31387	540	362	0.47058823529411764
6441	33363	1521	893	0.29850746268656714
32456	31373	528	791	0.303347280334728
26091	8209	894	499	0.3225806451612903
34784	14204	782	458	0.25925925925925924
26815	15478	541	394	0.375
28340	34469	307	308	0.4
23431	1610	579	248	0.25
5752	25985	409	516	0.21739130434782608
10581	30139	1333	261	0.75
26313	11265	487	383	0.28125
10414	12063	494	548	0.2777777777777778
27860	28328	444	467	0.35135135135135137
28506	29088	364	396	0.34615384615384615
33732	33743	283	266	0.2708333333333333
733	12760	524	505	0.25925925925925924
29330	26023	736	792	0.2786885245901639
5611	25898	1358	658	0.22115384615384615
21290	11076	1325	317	0.2857142857142857
12272	44	656	372	0.35
30395	19099	1704	1509	0.24
15849	20839	362	705	0.2857142857142857
35091	6958	585	599	0.2857142857142857
8885	21198	259	485	0.46153846153846156
22373	31235	420	227	0.2962962962962963
31475	30464	709	518	0.36585365853658536
9980	28431	502	660	0.3
21149	32506	1324	600	0.2682926829268293
24915	19423	510	692	0.19672131147540983
1634	12318	539	259	0.24822695035460993
24206	34878	526	378	0.2972972972972973
1614	20780	542	436	0.2441860465116279
1921	4747	656	411	0.2894736842105263
19064	8178	383	470	0.2833333333333333
28889	7167	294	1336	0.2830188679245283
25397	21604	365	540	0.3
31643	12351	493	736	0.21428571428571427
4585	9114	327	222	0.3125
23100	25983	308	429	0.3103448275862069
22997	6082	1296	737	0.26126126126126126
35021	34922	92	755	0.21333333333333335
28927	5261	548	825	0.614100185528757
7480	20209	477	535	0.5115740740740741
34444	28084	1120	465	0.4375
2580	3675	921	567	0.3125
23662	2856	295	725	0.4166666666666667
285	12034	337	440	0.34615384615384615
17163	17679	985	1508	0.5
11858	34265	1515	178	0.24691358024691357
29308	32196	528	657	0.24528301886792453
22910	30346	445	540	0.36363636363636365
3263	15264	252	362	0.2692307692307692
1091	9259	1351	423	0.358974358974359
12856	1180	1305	474	0.4090909090909091
8093	6663	1078	488	0.20408163265306123
9825	22275	1199	1256	0.7831031681559708
864	4181	341	277	0.2807017543859649
33238	25652	1021	279	0.3137254901960784
2367	32335	475	508	0.27419354838709675
18037	11201	506	260	0.19753086419753085
1504	26312	410	529	0.3013698630136986
22585	9780	286	706	0.2571428571428571
11872	10620	785	475	0.6666666666666666
14880	12388	1509	491	0.2857142857142857
26743	13816	1974	394	0.25
7803	1027	276	263	0.22279792746113988
25194	11019	253	538	0.375
2742	893	1330	510	0.28205128205128205
32668	12816	618	1508	0.23684210526315788
1298	8919	252	872	0.2465753424657534
17149	11322	617	1528	0.22764227642276422
25224	27752	395	255	0.2236842105263158
9102	17010	463	709	0.4
29571	23821	456	223	0.5555555555555556
15677	30773	362	1277	0.23863636363636365
18892	1630	579	488	0.3103448275862069
21406	32428	333	489	0.4642857142857143
6030	18159	430	484	0.4230769230769231
19993	25626	504	476	0.26459143968871596
24083	26739	296	316	0.3333333333333333
32508	16758	473	832	0.21739130434782608
3257	24931	509	367	0.5714285714285714
32305	13649	432	1276	0.2537313432835821
23716	19918	292	332	0.2441860465116279
16590	24423	165	1952	0.3333333333333333
14343	16671	292	320	0.5555555555555556
21646	4298	477	512	0.38095238095238093
18395	24957	405	509	0.5294117647058824
28123	27448	856	503	0.6
23195	33692	574	392	0.5294117647058824
13017	17541	220	505	0.22340425531914893
33205	12995	596	453	0.22388059701492538
19442	14984	323	222	0.3684210526315789
23145	28112	275	345	0.225
10487	27295	1531	1365	0.2898550724637681
32409	14144	530	191	0.2894736842105263
28454	25666	261	418	0.4642857142857143
19642	33920	531	949	0.3142857142857143
20525	15750	1168	521	0.3103448275862069
10109	1920	295	511	0.26506024096385544
30193	30982	499	531	0.25609756097560976
23915	34375	579	889	0.21212121212121213
30867	299	345	341	0.4375
33285	19053	1022	497	0.2857142857142857
15971	10424	449	228	0.23076923076923078
26772	14315	323	521	0.22448979591836735
16503	19711	365	434	0.5625
15981	28221	194	913	0.4117647058823529
22099	35099	1304	473	0.29411764705882354
2075	23332	261	1533	0.2553191489361702
1558	20027	457	488	0.203125
20914	3904	1370	331	0.3157894736842105
23670	2089	322	301	0.2553191489361702
11460	34865	415	350	0.4
17638	26272	294	446	0.30434782608695654
30374	10825	435	413	0.2549019607843137
536	3351	536	408	0.5833333333333334
30007	12915	547	165	0.8571428571428571
18373	11286	884	312	0.38461538461538464
12854	2993	332	723	0.24615384615384617
30634	29283	324	504	0.3409090909090909
14894	32114	192	260	0.8571428571428571
9298	20626	1324	516	0.27380952380952384
17671	22633	165	493	0.21153846153846154
313	15839	133	453	0.7424242424242424
1872	4157	559	1222	0.32
27637	9024	499	573	0.4166666666666667
21959	23013	879	579	0.2857142857142857
7204	23222	421	1255	0.23958333333333334
2519	8693	250	694	0.4375
318	19654	220	555	0.35
22511	1517	445	255	0.2549019607843137
12123	6174	475	1392	0.26666666666666666
20424	13744	509	484	0.8350515463917526
22506	14875	277	232	0.5714285714285714
4242	9127	1326	512	0.35
30408	17355	508	748	0.24
15239	14666	192	519	0.5555555555555556
32209	21666	300	1201	0.21818181818181817
12326	5155	471	500	0.2374429223744292
6590	7318	656	515	0.24324324324324326
9321	15663	875	223	0.36363636363636365
23107	1913	373	514	0.21428571428571427
18007	10935	293	281	0.32044198895027626
26286	23459	292	942	0.26666666666666666
12101	30193	898	499	0.5454545454545454
17314	9764	507	477	0.35
28451	24923	679	365	0.16312056737588654
12004	22540	1300	487	0.2692307692307692
7275	3349	1302	458	0.20304568527918782
34312	23820	295	308	0.2777777777777778
32499	14643	1306	466	0.23076923076923078
34637	12611	266	454	0.2558139534883721
22943	22843	442	465	0.3548387096774194
19172	22427	478	547	0.3088235294117647
5259	17009	222	531	0.4666666666666667
28271	2685	483	349	0.375
5296	15214	568	265	0.2926829268292683
21245	6145	1462	534	0.3939393939393939
5137	31236	482	255	0.32558139534883723
19951	22545	379	494	0.4090909090909091
23427	20490	547	587	0.3783783783783784
14412	29737	394	1293	0.22522522522522523
2048	27386	595	490	0.5
8894	31057	509	373	0.26666666666666666
12220	7055	252	1361	0.296875
27245	29860	665	308	0.4117647058823529
13093	16216	505	232	0.23728813559322035
28984	16395	775	163	0.25274725274725274
25249	6256	306	1218	0.23333333333333334
9201	5693	543	541	0.819047619047619
20805	31170	1229	503	0.21621621621621623
24546	27733	502	364	0.8571428571428571
10930	27879	478	265	0.20408163265306123
16864	6652	243	241	0.25892857142857145
11390	27807	492	398	0.25
1883	33665	610	102	0.4666666666666667
16878	34453	507	765	0.2236842105263158
7767	33499	704	178	0.3050847457627119
28971	25706	802	1277	0.3111111111111111
10471	925	1321	524	0.275
3880	27780	503	710	0.24193548387096775
15338	5494	192	351	0.6363636363636364
28277	15761	500	223	0.27040816326530615
1322	15392	368	379	0.2702702702702703
22021	4833	1210	524	0.4
28562	32379	468	673	0.42857142857142855
3887	20366	1273	503	0.2558139534883721
21993	2129	1115	915	0.2619047619047619
21622	9361	1507	268	0.288135593220339
8194	27444	1264	257	0.17307692307692307
28882	14913	529	220	0.25
6550	11353	502	470	0.23376623376623376
14110	18376	1286	373	0.36363636363636365
15017	34800	409	335	0.3225806451612903
34772	2521	300	1499	0.3333333333333333
20222	32904	1330	900	0.3225806451612903
22554	5927	1277	251	0.4
19120	9978	407	1336	0.24489795918367346
3747	9519	514	441	0.2151394422310757
24202	15878	371	292	0.6282527881040892
26262	19515	352	570	0.35714285714285715
24003	3027	524	427	0.2582781456953642
9486	11514	320	530	0.45
15567	7016	1333	1259	0.6180030257186082
16142	16734	1311	372	0.24561403508771928
8684	30892	652	515	0.26153846153846155
23711	24319	437	1467	0.3
28938	24811	544	465	0.24444444444444444
30576	12111	469	237	0.3333333333333333
4189	7222	487	547	0.4666666666666667
21707	19189	337	1286	0.21568627450980393
1591	18693	260	1225	0.5
16958	12719	504	222	0.3112244897959184
5575	34166	308	102	0.38461538461538464
13311	19605	325	344	0.425
16300	28565	332	1309	0.3448275862068966
24412	14747	412	524	0.26229508196721313
5541	2499	1298	334	0.21666666666666667
10274	31706	585	230	0.2830188679245283
31696	7779	481	885	0.2830188679245283
7025	21016	612	225	0.3225806451612903
1035	26738	523	1325	0.2926829268292683
9638	7516	536	496	0.3125
30651	8290	440	688	0.256198347107438
25547	22264	429	1302	0.25
4209	29616	515	456	0.4889867841409692
14000	10598	448	504	0.26956521739130435
33373	7310	229	569	0.4166666666666667
28007	9257	259	503	0.375
5464	3511	533	470	0.2894736842105263
32992	32058	267	530	0.22727272727272727
14980	10198	555	542	0.2
10271	6419	555	512	0.4
16134	26022	161	1080	0.2826086956521739
4949	21119	501	345	0.34615384615384615
29009	14275	731	538	0.4482758620689655
30179	28517	1051	468	0.32432432432432434
31722	7465	257	260	0.25
1763	23526	503	1487	0.3055555555555556
8972	33675	1278	793	0.3111111111111111
29571	31937	456	517	0.2222222222222222
64	28971	618	802	0.2926829268292683
19137	22692	334	679	0.3125
5306	24455	863	513	0.25806451612903225
12877	3701	165	361	0.4117647058823529
16665	17967	525	521	0.4090909090909091
20827	3350	406	467	0.46153846153846156
678	11637	555	436	0.29411764705882354
385	8580	220	647	0.25
24725	34127	256	834	0.38095238095238093
15993	32398	801	509	0.32608695652173914
2242	13962	292	164	0.2077922077922078
20295	22689	472	913	0.2714285714285714
3623	11147	488	902	0.21212121212121213
20723	32964	499	771	0.42424242424242425
26199	29660	523	531	0.23863636363636365
25991	3095	473	909	0.3225806451612903
15580	3114	521	238	0.3333333333333333
17838	557	514	535	0.25
13481	17900	502	293	0.3953488372093023
26744	30096	658	1546	0.23964497041420119
22805	19503	335	1285	0.2682926829268293
4509	9581	541	484	0.45454545454545453
15734	27784	223	534	0.4166666666666667
33094	6308	533	756	0.38461538461538464
2926	4949	1054	501	0.24444444444444444
15963	8661	394	1327	0.2962962962962963
29255	11306	377	449	0.3684210526315789
4697	3176	419	282	0.1791044776119403
20550	6562	497	341	0.4
15970	16027	1287	556	0.25862068965517243
18403	24595	800	696	0.3684210526315789
3939	6589	277	528	0.35294117647058826
20349	10464	446	404	0.24155844155844156
9758	191	570	249	0.2857142857142857
6457	15402	888	401	0.2549019607843137
35089	11079	526	1535	0.375
23701	15469	523	237	0.5
11390	2066	492	481	0.3142857142857143
12909	5032	448	640	0.32
25345	34273	1327	178	0.35
7966	26940	377	408	0.625
14566	27219	448	254	0.22727272727272727
592	15568	444	850	0.34615384615384615
5633	31384	337	681	0.36363636363636365
16091	24928	455	1355	0.3333333333333333
827	30530	465	483	0.46153846153846156
33441	20070	1382	1242	0.23880597014925373
31856	28076	536	1356	0.22077922077922077
31597	12070	362	376	0.25
3025	2801	323	651	0.2358490566037736
1516	23172	255	263	0.25
8480	5294	343	1260	0.3181818181818182
16841	6535	576	626	0.47058823529411764
3300	31056	512	391	0.23076923076923078
579	29933	1280	258	0.3611111111111111
7480	28423	477	263	0.5454545454545454
15823	17628	165	1195	0.2894736842105263
23932	1807	1288	1221	0.2367379255740301
34939	21013	565	507	0.2777777777777778
6828	11816	520	1276	0.2777777777777778
14201	30066	362	524	0.3018867924528302
420	34674	521	673	0.4782608695652174
24334	5303	463	514	0.2670157068062827
7217	5275	452	520	0.4117647058823529
17355	19918	748	332	0.36363636363636365
23711	17009	437	531	0.21428571428571427
23813	27545	526	589	0.3018867924528302
30973	9290	867	849	0.7468060394889663
25914	22552	371	356	0.29411764705882354
22179	25525	510	569	0.5294117647058824
7529	12193	391	421	0.3448275862068966
29721	28035	528	506	0.30952380952380953
32670	5128	283	334	0.25396825396825395
15487	28782	332	552	0.38235294117647056
29238	7623	352	567	0.23846153846153847
32835	32799	491	358	0.2903225806451613
27215	9264	412	506	0.26785714285714285
27895	15762	686	505	0.22641509433962265
23224	26266	1325	497	0.21875
6982	8812	788	1333	0.26666666666666666
26327	25013	521	1325	0.30434782608695654
28876	14336	524	1524	0.36363636363636365
1655	24396	260	583	0.2727272727272727
23819	32402	853	756	0.2916666666666667
13596	30065	1307	580	0.23444976076555024
6451	12818	1521	164	0.375
34390	31314	782	348	0.3793103448275862
18775	3049	351	479	0.375
10870	9161	1524	473	0.3103448275862069
14248	18919	452	458	0.2571428571428571
24954	4511	786	409	0.30952380952380953
19787	19472	448	857	0.27450980392156865
25623	24986	720	267	0.30612244897959184
11528	32390	345	465	0.24324324324324326
27804	13421	254	533	0.21052631578947367
14313	55	505	420	0.29411764705882354
19454	7238	593	1534	0.2336448598130841
4693	29955	343	354	0.2465753424657534
27269	6341	555	1294	0.3333333333333333
19542	11410	535	553	0.40625
6702	24549	864	1765	0.22115384615384615
12161	19367	220	337	0.24260355029585798
33512	14861	252	424	0.20689655172413793
7385	26003	1324	463	0.23655913978494625
34856	27623	375	510	0.4
13579	27240	292	692	0.23076923076923078
17165	31404	392	373	0.3103448275862069
1783	16400	588	165	0.30952380952380953
25447	20525	495	1168	0.32
24714	25395	341	1019	0.3076923076923077
33457	31656	778	295	0.35555555555555557
1431	14185	522	454	0.5814977973568282
24733	15160	471	265	0.21212121212121213
195	1855	547	493	0.2537313432835821
18238	14410	1541	503	0.2727272727272727
31878	14931	420	847	0.2682926829268293
26316	14877	682	521	0.3939393939393939
5161	22578	507	312	0.22105263157894736
11870	9500	1326	528	0.42857142857142855
7445	10988	1257	516	0.46153846153846156
31624	3778	453	331	0.47368421052631576
25120	21615	1105	1292	0.6987632508833922
14618	18360	505	393	0.2619047619047619
4221	2862	532	480	0.25287356321839083
17316	3268	272	1531	0.25
24714	9512	341	500	0.24691358024691357
6172	5371	275	1386	0.43478260869565216
29600	11163	456	418	0.24705882352941178
8407	33656	251	891	0.2553191489361702
10281	18400	539	1321	0.20652173913043478
31445	8131	442	973	0.2857142857142857
33986	12620	595	1523	0.23170731707317074
1338	5734	380	556	0.2727272727272727
7485	29251	442	585	0.2
26245	3501	698	420	0.25
31487	21932	222	916	0.25757575757575757
29373	34460	515	523	0.19545454545454546
34120	16517	1386	521	0.3333333333333333
31264	18668	1804	413	0.42857142857142855
29412	3727	249	394	0.1935483870967742
20691	10566	557	255	0.24
8835	6976	358	626	0.3939393939393939
32134	8142	312	259	0.27906976744186046
7233	18294	533	516	0.22058823529411764
26818	22003	222	509	0.375
27361	23327	555	291	0.2894736842105263
33867	6220	291	376	0.3793103448275862
35031	6685	565	481	0.24
616	28355	550	761	0.21348314606741572
5044	32277	572	340	0.2978723404255319
13845	20537	365	1309	0.26666666666666666
26632	15941	1292	538	0.3170731707317073
6207	26734	1320	455	0.4
13114	6168	223	501	0.8461538461538461
11020	30211	571	716	0.29714285714285715
24020	23094	512	226	0.2391304347826087
29401	11665	255	204	0.3058252427184466
27159	6773	322	317	0.24390243902439024
27430	19994	1252	484	0.25925925925925924
26903	14281	416	448	0.4666666666666667
31981	33234	491	778	0.30434782608695654
4655	5811	343	574	0.3333333333333333
13845	34442	365	359	0.4666666666666667
3509	25687	651	410	0.4
34760	10924	383	277	0.358974358974359
3103	7459	493	257	0.4375
13577	849	484	323	0.2894736842105263
32741	5037	1349	256	0.28125
27919	32358	534	279	0.2777777777777778
22810	12355	540	252	0.30434782608695654
11255	7531	581	650	0.2962962962962963
25494	14536	333	286	0.3684210526315789
12744	27629	557	1219	0.22764227642276422
7899	15864	720	453	0.34615384615384615
5038	30815	234	779	0.25
34529	21589	783	335	0.2653061224489796
17547	2400	243	154	0.5
2975	20347	420	428	0.3695652173913043
3688	15903	520	362	0.4
31209	10704	277	1354	0.28846153846153844
23413	19389	1478	509	0.4090909090909091
24351	33809	566	473	0.17857142857142858
21817	32998	387	631	0.24242424242424243
14739	22396	820	1761	0.3225806451612903
27597	15362	534	414	0.25688073394495414
8104	10036	1164	1328	0.24242424242424243
31577	18248	547	546	0.32142857142857145
9535	21112	326	251	0.36
22414	6936	362	1323	0.2727272727272727
28701	17847	243	1287	0.29411764705882354
4570	12075	555	805	0.23404255319148937
21146	4375	526	413	0.7777777777777778
16650	32344	165	205	0.25925925925925924
27588	11763	221	406	1.0
6966	11940	530	242	0.38095238095238093
12312	26595	546	504	0.2903225806451613
2445	7963	718	302	0.4074074074074074
25897	15287	771	192	0.3
17112	23462	827	509	0.34782608695652173
16921	6400	424	433	0.6666666666666666
13625	16494	458	448	0.2391304347826087
20862	15319	500	1319	0.2
6148	20575	1364	422	0.35714285714285715
25533	14262	501	162	0.21052631578947367
3455	15883	547	311	0.6666666666666666
568	30821	442	516	0.2606060606060606
26210	34164	512	91	0.25925925925925924
22129	3023	1282	894	0.29545454545454547
28091	20044	281	806	0.37142857142857144
23747	30462	1546	396	0.275
8887	18190	610	1324	0.2711864406779661
2104	11523	623	846	0.2463768115942029
7052	30205	807	359	0.3181818181818182
31683	12332	642	277	0.3181818181818182
21536	6091	545	349	0.25
27429	26244	299	317	0.32
33306	4218	237	495	0.25925925925925924
4360	13513	256	411	0.203125
14142	30832	524	541	0.3076923076923077
12590	28101	394	498	0.23591549295774647
29676	1886	564	261	0.2459016393442623
31340	8918	507	413	0.2916666666666667
7931	31380	533	256	0.296875
14834	19250	1508	589	0.2253968253968254
734	11813	516	1253	0.2345679012345679
20029	8690	347	560	0.38095238095238093
11249	11189	259	212	0.5622119815668203
17719	6164	180	180	0.5555555555555556
34420	15042	302	505	0.28205128205128205
4019	26987	499	258	0.26744186046511625
16097	12112	364	371	0.32142857142857145
15380	28434	332	495	0.29411764705882354
20491	20220	710	464	0.2962962962962963
944	6169	162	237	0.26666666666666666
6545	20316	1282	284	0.3076923076923077
19017	17593	364	648	0.21052631578947367
11022	19433	270	505	0.2564102564102564
17743	10177	317	717	0.3333333333333333
2019	10311	515	553	0.3333333333333333
18318	16033	507	165	0.2982456140350877
24107	479	318	805	0.27906976744186046
20162	28784	356	255	0.3225806451612903
26958	23005	869	251	0.2753623188405797
5954	7734	490	507	0.3333333333333333
33734	27905	1450	435	0.2222222222222222
4268	22043	206	577	0.3
27297	17954	693	394	0.21212121212121213
528	18678	394	285	0.22727272727272727
6753	20245	512	342	0.2127659574468085
32439	23039	1321	553	0.30097087378640774
12609	4256	1510	503	0.17415730337078653
12617	30635	448	541	0.3333333333333333
2551	20966	479	1232	0.24770642201834864
20384	8797	280	346	0.29411764705882354
19666	21285	1321	312	0.2361111111111111
6117	3657	536	369	0.2857142857142857
33329	11736	813	335	0.4117647058823529
25266	4986	256	344	0.30303030303030304
4626	1780	510	486	0.2495049504950495
13083	20860	232	552	0.27906976744186046
25121	20940	1265	329	0.42105263157894735
17509	11877	165	269	0.38095238095238093
11496	2309	409	179	0.4117647058823529
11436	15850	418	311	0.3888888888888889
31475	25049	709	427	0.42105263157894735
25008	28362	275	580	0.2857142857142857
27749	11355	851	1067	0.2765957446808511
11002	22739	449	466	0.6923076923076923
15317	15185	451	1320	0.2153846153846154
25147	6112	437	1544	0.288135593220339
16387	6086	192	1545	0.24390243902439024
4287	12574	296	192	0.3
1064	15105	483	528	0.19736842105263158
20024	8311	386	1294	0.1953125
18379	9751	516	503	0.22178217821782178
19271	144	618	338	0.35714285714285715
24808	27829	292	499	0.26666666666666666
11644	33579	424	791	0.2413793103448276
12309	17705	1325	446	0.21875
26877	12538	555	159	0.3235294117647059
13210	19654	863	555	0.2982456140350877
33907	15078	956	291	0.37037037037037035
15606	16865	478	517	0.3448275862068966
13676	30974	192	1356	0.25
24309	6719	556	497	0.20967741935483872
34525	24985	926	290	0.35714285714285715
28585	16672	1274	165	0.21428571428571427
2443	33274	484	229	0.4375
28485	23722	677	464	0.17391304347826086
18872	11516	468	260	0.24
18630	16324	500	331	0.5333333333333333
11573	25147	490	437	0.3125
8752	21611	1541	516	0.26666666666666666
22513	1364	457	498	0.22033898305084745
29475	17628	451	1195	0.25925925925925924
13382	22283	192	1541	0.2127659574468085
1422	22766	345	508	0.2978723404255319
10688	34279	806	549	0.2682926829268293
24459	17824	470	1035	0.25
31431	541	434	300	0.25
16301	27978	484	1323	0.358974358974359
27652	18571	320	305	0.2982456140350877
21414	13731	559	191	0.5714285714285714
21149	6299	1324	285	0.23809523809523808
30823	26532	1292	500	0.37037037037037035
21504	2936	645	290	0.3103448275862069
16948	30009	513	538	0.2647058823529412
8165	34277	346	693	0.35294117647058826
13199	296	521	448	0.43478260869565216
2466	22296	486	1270	0.2857142857142857
17954	8937	394	528	0.375
33335	29840	439	528	0.45454545454545453
13911	18007	1340	293	0.4
18664	26343	463	486	0.24623115577889448
24726	33839	537	772	0.3090909090909091
28418	28160	1275	1267	0.2192513368983957
29489	16922	498	1352	0.29411764705882354
29948	1074	594	637	0.24324324324324326
26776	6979	510	290	0.23333333333333334
29987	1458	1215	379	0.3584905660377358
28392	3374	498	643	0.28
5570	17095	802	1431	0.31343283582089554
28856	5376	262	545	0.21951219512195122
5294	1724	1260	560	0.2535211267605634
14083	34314	1310	741	0.3111111111111111
17085	29362	556	445	0.4
6725	22067	543	545	0.3
25702	31485	1307	520	0.24778761061946902
23494	27448	258	503	0.2727272727272727
28320	21351	338	631	0.2786885245901639
3	22197	524	918	0.24285714285714285
5018	33107	698	362	0.3076923076923077
27680	1310	260	258	0.5454545454545454
6286	25189	475	260	0.2727272727272727
32204	19171	481	1311	0.5
17089	11842	562	554	0.2682926829268293
13396	18617	1322	467	0.2962962962962963
13597	24113	505	528	0.2638888888888889
28504	33890	349	84	0.36363636363636365
21473	1222	527	1330	0.2894736842105263
18234	21247	736	1520	0.26595744680851063
1090	21962	129	508	0.45454545454545453
26801	26773	339	344	0.3157894736842105
15029	31750	160	728	0.4117647058823529
22489	20372	1305	449	0.24242424242424243
2985	8894	366	509	0.40625
17320	11661	597	573	0.34210526315789475
28484	4725	396	1321	0.256198347107438
30908	10998	499	532	0.25
21701	29209	481	229	0.4090909090909091
8150	19704	526	853	0.38095238095238093
2181	8523	535	373	0.375
21655	3650	317	410	0.2702702702702703
15775	21215	161	271	0.3225806451612903
32145	28038	348	1271	0.3
11300	24667	334	512	0.24615384615384617
19716	33696	259	178	0.21621621621621623
4675	26953	405	555	0.2
16342	33901	365	363	0.18181818181818182
18843	16023	1220	829	0.20689655172413793
26686	3392	389	460	0.2857142857142857
25255	12836	315	504	0.24444444444444444
21173	33564	468	363	0.2261904761904762
22989	14466	774	290	0.35714285714285715
1241	5543	885	1291	0.358974358974359
1424	5207	562	372	0.23880597014925373
9260	28788	486	261	0.2564102564102564
24731	21853	474	1323	0.21495327102803738
5508	13657	404	218	0.4375
100	19264	539	548	0.23255813953488372
33011	24174	777	542	0.26595744680851063
9661	32094	276	521	0.24242424242424243
30124	22955	346	503	0.3148148148148148
34352	24644	912	503	0.4230769230769231
31119	3196	1335	359	0.4117647058823529
14171	25381	394	501	0.2579185520361991
21466	27194	503	663	0.25
9612	3382	455	294	0.3023255813953488
12733	27686	159	370	0.21739130434782608
14131	16628	1259	556	0.20689655172413793
19925	18432	894	535	0.24324324324324326
13846	16919	344	504	0.5446685878962536
26408	33336	373	262	0.5
24741	16030	256	453	0.2558139534883721
15245	6878	362	621	0.5625
4714	9865	415	1271	0.20689655172413793
12856	14571	1305	1319	0.24285714285714285
24299	28819	192	1310	0.32
27635	5818	544	1327	0.34782608695652173
31246	3133	1188	521	0.34375
29392	14407	304	192	0.6666666666666666
8128	29261	465	568	0.2564102564102564
19756	18346	1122	567	0.3103448275862069
23417	30211	1455	716	0.325
30248	28049	1503	539	0.2857142857142857
11341	27097	206	345	0.23976608187134502
8906	25436	343	369	0.22137404580152673
16056	25717	528	1427	0.22935779816513763
29130	20523	433	527	0.20833333333333334
2696	33386	886	533	0.4117647058823529
32006	32499	615	1306	0.2018348623853211
17364	32492	1319	493	0.2236842105263158
24532	17866	507	533	0.3055555555555556
18799	15691	656	292	0.22727272727272727
18694	32927	1321	1450	0.43333333333333335
21907	9066	496	476	0.6537678207739308
23209	12468	1187	332	0.4117647058823529
29237	30126	582	556	0.2653061224489796
16629	1802	320	509	0.2972972972972973
15730	31208	505	307	0.3684210526315789
25512	30522	287	399	0.25471698113207547
27518	31150	1359	542	0.47058823529411764
18441	1639	440	524	0.32
17376	9849	255	1289	0.2727272727272727
1476	31458	626	550	0.5
27607	30621	649	594	0.24358974358974358
23245	5276	1264	540	0.28888888888888886
20193	29173	471	619	0.37037037037037035
22985	13088	1351	164	0.22950819672131148
19532	5784	345	1305	0.27906976744186046
4982	20780	1273	436	0.4444444444444444
30879	13611	332	484	0.5454545454545454
13628	3892	315	599	0.3469387755102041
3813	2118	277	259	0.24705882352941178
3048	18203	508	292	0.19791666666666666
2195	26806	364	558	0.23684210526315788
24418	26111	261	1325	0.4782608695652174
23400	33176	485	178	0.3125
9831	15870	1272	394	0.2962962962962963
19038	17261	518	728	0.2826086956521739
22505	16001	516	448	0.25728155339805825
34428	21858	821	1322	0.2558139534883721
27699	23950	476	500	0.22037914691943128
16121	22410	1509	1531	0.7798286090969018
11815	13125	1296	524	0.2826086956521739
8528	26975	867	412	0.38095238095238093
28169	2090	836	293	0.2631578947368421
883	2412	515	703	0.6666666666666666
17054	30566	479	1300	0.3
1894	5156	1017	510	0.21212121212121213
4596	3927	300	396	0.28205128205128205
16090	20163	365	555	0.2553191489361702
23702	27617	271	511	0.34375
5098	5155	345	500	0.44
32890	26155	1452	1225	0.33783783783783783
20601	5265	347	412	0.25
5686	6671	886	630	0.2391304347826087
20858	32924	576	1023	0.24113475177304963
14092	29348	366	330	0.38095238095238093
18132	26331	116	259	0.8333333333333334
27943	5013	495	860	0.7
20444	20081	296	304	0.21875
30827	29404	332	255	0.22413793103448276
27856	6095	260	547	0.3888888888888889
33470	26762	264	1165	0.29411764705882354
33496	31906	892	471	0.32
3	18393	524	272	0.3
30248	26975	1503	412	0.4090909090909091
26207	25126	524	1277	0.3023255813953488
9650	1036	498	1385	0.2727272727272727
24436	8727	237	342	0.625
24173	26484	416	434	0.4819004524886878
22484	24571	757	325	0.3
1099	34521	499	1055	0.275
4443	18102	393	1304	0.35714285714285715
10752	15248	632	484	0.32727272727272727
15175	236	478	150	0.5672514619883041
11827	12185	1286	277	0.3235294117647059
32530	27709	498	514	0.2894736842105263
18728	1136	569	349	0.6
20679	18234	350	736	0.3111111111111111
31534	15857	526	448	0.20147420147420148
35063	27677	354	317	0.3333333333333333
11451	10195	500	356	0.23076923076923078
4396	16605	430	362	0.35135135135135137
3591	23236	515	1375	0.3018867924528302
4406	14174	415	1506	0.34375
5782	34860	1324	283	0.4090909090909091
25463	24647	280	487	0.36
2112	20206	475	563	0.2839506172839506
31755	20154	1198	1146	0.3055555555555556
29561	15966	528	484	0.3723608445297505
13973	5917	505	479	0.24615384615384617
16602	29739	394	346	0.3333333333333333
32790	22254	363	1282	0.3684210526315789
10987	17114	567	876	0.3548387096774194
29832	19610	516	204	0.2616279069767442
19821	8401	291	1350	0.28169014084507044
174	12319	1366	404	0.47058823529411764
21450	17200	303	1039	0.3695652173913043
18482	6757	1325	515	0.3684210526315789
1093	10910	540	1541	0.2155688622754491
14806	33066	192	147	0.27586206896551724
31513	14788	61	448	0.3333333333333333
23419	5379	1464	495	0.37142857142857144
26626	27106	514	1311	0.3023255813953488
20322	32564	501	1500	0.3181818181818182
31396	19821	317	291	0.25116279069767444
6259	13355	504	292	0.2833333333333333
5909	13340	505	448	0.21379310344827587
24016	5003	507	549	0.24285714285714285
33127	12314	352	231	0.23529411764705882
567	9263	529	260	0.375
23287	33693	1524	295	0.47619047619047616
24503	12818	422	164	0.27450980392156865
17533	27420	1287	800	0.2129032258064516
20858	35029	576	673	0.2631578947368421
5146	22889	1206	859	0.2392638036809816
13765	34552	515	784	0.4074074074074074
23899	10996	373	550	0.35
7794	32044	293	373	0.23484848484848486
21487	22526	555	261	0.26666666666666666
3793	34243	1542	189	0.35
19895	4979	1286	1271	0.1836734693877551
11194	24583	473	657	0.4482758620689655
21646	23658	477	341	0.5
34001	7248	371	1220	0.29508196721311475
24693	30193	470	499	0.42105263157894735
22620	11653	520	255	0.2158273381294964
14098	13469	1310	626	0.26666666666666666
6363	14440	446	1282	0.26881720430107525
20384	34897	280	932	0.34210526315789475
6009	2690	339	547	0.47368421052631576
3636	12850	916	362	0.25
34922	4261	755	520	0.2631578947368421
16921	25243	424	241	0.2
12391	16981	490	310	0.3333333333333333
8331	11340	545	799	0.3055555555555556
20431	10288	408	588	0.3333333333333333
6736	24246	428	220	0.21428571428571427
30363	15870	491	394	0.25699745547073793
3409	6658	261	377	0.3793103448275862
11363	4149	563	1542	0.2484076433121019
33751	20604	236	1515	0.2261904761904762
10140	30944	512	481	0.2564102564102564
12661	19345	1508	523	0.42857142857142855
5942	5711	1344	251	0.4166666666666667
19380	26317	828	801	0.32313829787234044
5775	12887	316	165	0.47058823529411764
16348	5495	505	517	0.3333333333333333
21780	23354	514	602	0.5595959595959596
23753	12830	518	218	0.6055045871559633
3537	4113	445	1323	0.21195652173913043
21019	14644	486	450	0.4666666666666667
2555	12439	411	325	0.25
3859	20139	737	1523	0.2125984251968504
19453	672	570	349	0.2549019607843137
29476	28898	314	657	0.2857142857142857
34919	5763	189	570	0.29411764705882354
6541	3109	1325	483	0.24
26690	23629	503	421	0.2857142857142857
19862	20503	1255	322	0.3023255813953488
20956	29924	1230	410	0.3333333333333333
26658	28321	583	317	0.2826086956521739
15556	20016	223	361	0.2653061224489796
21334	19895	658	1286	0.22950819672131148
7843	12043	352	258	0.3333333333333333
6440	9264	518	506	0.2753623188405797
26647	17491	554	454	0.2978723404255319
22363	10007	540	416	0.3225806451612903
3609	27326	265	260	0.5603112840466926
20105	5376	332	545	0.375
6748	1501	484	276	0.2553191489361702
27482	6857	546	260	0.20270270270270271
25063	24938	472	421	0.5489130434782609
6113	1131	617	515	0.32727272727272727
3858	34500	261	561	0.5
8677	10488	531	1474	0.5238095238095238
16387	8781	192	386	0.3103448275862069
8093	26509	1078	1349	0.5
35097	9266	257	455	0.2222222222222222
27354	32994	1326	770	0.3333333333333333
8253	9957	570	440	0.28888888888888886
5486	32716	876	526	0.23780487804878048
23320	26352	245	261	0.26851851851851855
11173	24971	276	504	0.4166666666666667
24999	9568	678	499	0.4117647058823529
1997	34673	874	277	0.3076923076923077
12684	17759	1349	286	0.391304347826087
32543	5659	853	447	0.26785714285714285
254	728	403	528	0.24324324324324326
22627	15099	326	1511	0.3
9119	23048	1259	793	0.3157894736842105
32261	8487	323	651	0.3181818181818182
8694	29875	557	458	0.37037037037037035
3221	13188	238	165	0.4090909090909091
10348	9553	524	1270	0.2641509433962264
1999	3055	262	380	0.22033898305084745
30362	17519	1318	411	0.39285714285714285
22256	32331	1317	1545	0.35798816568047337
8442	16651	449	165	0.3225806451612903
12541	30348	521	513	0.5
8001	9486	454	320	0.2608695652173913
22914	5791	1114	469	0.4117647058823529
19348	21933	345	515	0.4375
12207	2929	657	291	0.3888888888888889
21704	33536	545	178	0.26666666666666666
1511	9661	504	276	0.42857142857142855
33817	26177	755	407	0.35714285714285715
1044	24910	824	1348	0.21904761904761905
2878	18876	547	611	0.47368421052631576
1879	11370	293	420	0.3125
11922	17180	530	978	0.24324324324324326
838	27427	546	1234	0.36363636363636365
23502	19689	1490	1226	0.3633440514469453
31267	17268	1001	1100	0.45
29566	26157	528	458	0.3125
22352	2730	277	963	0.3055555555555556
1526	16854	533	880	0.2631578947368421
5467	32943	555	1054	0.24615384615384617
33099	21658	486	237	0.1836734693877551
28550	25699	1294	258	0.23577235772357724
17012	13384	530	1330	0.2727272727272727
2311	6145	157	534	0.30434782608695654
25488	21576	261	534	0.32142857142857145
23227	28273	585	221	0.5294117647058824
8817	14454	1143	1508	0.38290598290598293
33739	32252	364	319	0.32432432432432434
34789	33335	851	439	0.3793103448275862
33452	29019	236	504	0.5
24963	22779	348	503	0.2857142857142857
27890	15574	494	394	0.21476510067114093
4854	13500	264	1312	0.29292929292929293
25516	3438	848	285	0.375
27308	8387	345	395	0.36
9047	1509	1263	410	0.3448275862068966
5779	6402	342	538	0.2962962962962963
12683	25047	320	519	0.3684210526315789
597	18313	506	1325	0.3013698630136986
31587	18159	637	484	0.3469387755102041
29308	5219	528	1257	0.32
1010	14045	544	191	0.34285714285714286
33353	1092	598	523	0.23943661971830985
13586	21579	192	498	0.2926829268292683
7946	16800	337	577	0.3170731707317073
34147	21145	778	1330	0.2619047619047619
16114	11042	293	918	0.26785714285714285
18995	20187	1212	1494	0.8291032148900169
4811	7997	473	287	0.4375
17014	30120	255	317	0.22164948453608246
3131	23703	411	1325	0.34375
15293	20160	630	345	0.3055555555555556
28868	8398	407	1293	0.3333333333333333
15687	23488	301	1208	0.25
6093	26793	606	533	0.3888888888888889
31079	14093	413	505	0.23448275862068965
3689	21717	512	1544	0.28
14487	8263	453	222	0.35294117647058826
25810	32337	535	323	0.375
512	16767	1271	430	0.23809523809523808
33458	33886	782	370	0.25
26477	34650	260	1029	0.24390243902439024
27123	21740	399	1314	0.5
24903	9781	482	530	0.25333333333333335
10931	24088	507	1502	0.3235294117647059
35048	12161	592	220	0.625
10410	34441	465	561	0.2962962962962963
10797	105	505	419	0.3822843822843823
7260	34533	918	785	0.22077922077922077
14308	10109	510	295	0.2948717948717949
16087	24478	425	498	0.30434782608695654
13740	2735	1331	429	0.23255813953488372
28625	33420	509	178	0.35294117647058826
33701	22468	1020	357	0.5454545454545454
27990	35073	589	587	0.5384615384615384
19531	27682	509	519	0.36666666666666664
31782	26837	291	335	0.5
32454	32924	501	1023	0.42857142857142855
1210	26163	568	500	0.275
18254	21230	514	236	0.4090909090909091
14339	31433	628	308	0.23880597014925373
17616	18397	521	567	0.20945945945945946
21328	31125	350	1525	0.30158730158730157
21936	9604	570	1348	0.30392156862745096
5200	15142	260	1509	0.2465753424657534
23423	13150	665	454	0.375
5318	31298	570	516	0.5384615384615384
21127	22584	466	336	0.3225806451612903
21610	10396	582	520	0.2727272727272727
32961	32017	790	278	0.4230769230769231
17992	29973	165	259	0.3
18116	5700	1287	254	0.25742574257425743
4218	19079	495	1314	0.265625
34508	25281	503	394	0.26944444444444443
10255	28084	415	465	0.22988505747126436
29082	21183	809	1505	0.25862068965517243
7884	7721	609	542	0.18888888888888888
32310	27813	396	260	0.28888888888888886
16854	21931	880	463	0.3055555555555556
14681	17578	332	1299	0.2972972972972973
26624	23304	270	261	0.21739130434782608
20859	4714	414	415	0.75
23474	28562	1335	468	0.26595744680851063
20360	7313	1343	500	0.3939393939393939
26430	28875	440	489	0.32653061224489793
34693	27968	375	558	0.5
15570	520	401	253	0.25
3265	13536	608	1329	0.23076923076923078
23000	33050	612	486	0.2692307692307692
12038	3999	348	348	0.4
7225	25952	676	560	0.234375
12561	2466	362	486	0.8571428571428571
5627	21448	584	511	0.20454545454545456
31155	10173	1628	840	0.41379310344827586
11308	18401	357	475	0.29411764705882354
9475	8274	1253	536	0.43478260869565216
34362	18400	978	1321	0.21710526315789475
14088	20008	191	1446	0.30434782608695654
10970	31430	1325	312	0.2727272727272727
25006	26883	1323	1255	0.34782608695652173
3199	34072	319	897	0.4666666666666667
16648	28566	394	355	0.275
3231	5427	425	516	0.30414746543778803
33171	2201	1453	258	0.5833333333333334
17995	531	165	338	0.2857142857142857
13368	12880	425	192	0.375
19661	328	544	556	0.6178107606679035
4717	21865	569	873	0.29545454545454547
14363	28746	192	1320	0.47619047619047616
15860	24558	164	573	0.325
34536	26157	778	458	0.35294117647058826
26230	31848	472	509	0.29977628635346754
6837	22670	535	439	0.7142857142857143
21384	17118	540	440	0.30612244897959184
17862	27317	628	264	0.4230769230769231
1033	22613	312	534	0.24444444444444444
16059	10108	556	312	0.23809523809523808
25752	2680	1298	411	0.2786885245901639
28666	31755	358	1198	0.2857142857142857
17519	26404	411	305	0.2807017543859649
9029	32490	574	471	0.2641509433962264
8915	3150	887	317	0.2894736842105263
21807	13514	467	332	0.2549019607843137
25892	19589	409	558	0.37037037037037035
4126	7017	423	1535	0.1791044776119403
10037	34780	555	923	0.32432432432432434
22873	26789	337	567	0.42857142857142855
29127	10063	367	649	0.275
32853	23883	283	1168	0.265625
2790	11187	438	579	0.3235294117647059
5602	23423	520	665	0.3684210526315789
21035	14254	314	519	0.23
16115	1285	292	544	0.16393442622950818
32579	29752	251	524	0.2857142857142857
22294	20973	1306	684	0.34782608695652173
9093	5855	654	549	0.5384615384615384
10401	25315	438	406	0.34615384615384615
11953	27314	1014	421	0.32608695652173914
17027	14256	488	1291	0.21951219512195122
24299	26061	192	1519	0.3181818181818182
31306	33554	372	895	0.3142857142857143
17497	18911	244	718	0.3888888888888889
25914	165	371	498	0.38461538461538464
29216	1466	516	522	0.6153846153846154
31489	22504	487	516	0.2222222222222222
5386	6557	222	255	0.35
33087	4238	1021	435	0.21333333333333335
29889	31671	546	326	0.3333333333333333
24552	24269	338	292	0.5659722222222222
4490	10038	399	868	0.24242424242424243
18175	19591	116	1250	0.2391304347826087
6289	20107	1268	1296	0.21983471074380165
10827	22220	321	420	0.375
13500	6573	1312	540	0.3157894736842105
28144	18061	500	1508	0.3125
11655	34079	443	621	0.28888888888888886
16025	33905	161	178	0.25
22042	31186	419	518	0.42857142857142855
17833	28834	165	585	0.4444444444444444
29159	28467	665	508	0.3055555555555556
22970	24853	869	412	0.43478260869565216
20921	2405	507	276	0.3076923076923077
31549	1228	535	487	0.2573099415204678
23700	21374	515	502	0.21030927835051547
19856	17257	335	927	0.38095238095238093
13778	20048	551	1352	0.2753623188405797
14591	28305	528	446	0.43478260869565216
30851	32284	282	542	0.24719101123595505
6674	22038	231	1337	0.3888888888888889
26904	11450	122	692	0.19402985074626866
9231	175	1269	260	0.3333333333333333
17408	3523	513	521	0.24067796610169492
31907	26536	270	506	0.4375
15793	19559	453	257	0.8571428571428571
7376	22660	1325	411	0.34375
13795	23589	165	543	0.2807017543859649
30396	30580	261	515	0.5
8191	3339	314	406	0.2631578947368421
3128	7195	404	649	0.23076923076923078
8065	21825	221	1234	0.22857142857142856
29809	14989	469	365	0.375
18857	17224	632	1157	0.2891566265060241
15754	4702	451	628	0.25
17197	31703	1164	517	0.28846153846153844
8748	11334	705	484	0.47058823529411764
23094	23939	226	887	0.2222222222222222
30690	32799	537	358	0.2391304347826087
22070	26298	344	260	0.5
16682	6806	113	684	0.25
14630	22453	319	166	0.7142857142857143
17718	31968	485	346	0.22916666666666666
20251	6241	403	228	0.3125
25788	34994	256	353	0.3333333333333333
21548	24516	471	260	0.189873417721519
30644	14024	441	394	0.32
20583	9938	653	1270	0.2169811320754717
15583	9474	165	351	0.3283582089552239
24033	24437	508	651	0.36363636363636365
22906	1156	738	445	0.3157894736842105
22545	31849	494	503	0.23318385650224216
19753	31968	845	346	0.358974358974359
23732	32871	710	375	0.32
6404	26790	536	501	0.3333333333333333
26375	2903	743	183	0.3108108108108108
10183	34793	723	309	0.23076923076923078
17202	7704	579	293	0.3055555555555556
12675	26905	223	382	0.4166666666666667
10986	15619	491	804	0.2391304347826087
13985	19788	435	338	0.3333333333333333
29100	123	505	384	0.23404255319148937
19699	1195	1084	411	0.325
30475	6669	570	346	0.3111111111111111
16490	26243	292	1307	0.19658119658119658
29136	6292	599	1168	0.21212121212121213
16677	32289	244	516	0.2962962962962963
32056	16092	348	332	0.25925925925925924
19060	8158	508	366	0.23170731707317074
22891	20928	353	260	0.26104417670682734
22285	2735	1255	429	0.26
33960	14205	1521	165	0.4666666666666667
32723	18572	538	1524	0.47619047619047616
24435	26373	345	637	0.24444444444444444
2430	8038	167	384	0.37037037037037035
30243	1664	310	342	0.3333333333333333
12514	25447	505	495	0.2765957446808511
6604	1264	205	544	0.3684210526315789
5100	30154	508	519	0.22178217821782178
22802	2047	495	536	0.5608782435129741
2576	6872	475	1104	0.2169811320754717
28726	2311	707	157	0.2777777777777778
25114	30147	614	277	0.26136363636363635
17675	2191	362	441	0.42105263157894735
32039	28342	394	335	0.32608695652173914
11671	34668	601	674	0.35714285714285715
20486	20566	792	346	0.45
6413	26074	261	1325	0.41935483870967744
10229	7198	516	1275	0.52
23931	15489	696	1508	0.2727272727272727
27801	29174	401	260	0.2903225806451613
26332	16383	229	505	0.2109375
23130	12972	1275	292	0.3548387096774194
28078	31903	666	280	0.36
15738	24118	165	1215	0.25
23333	34549	1518	765	0.2857142857142857
26707	2980	419	732	0.23423423423423423
32050	3787	540	375	0.6363636363636364
29783	8394	281	548	0.34615384615384615
8705	34994	333	353	0.34285714285714286
14050	17700	1316	631	0.26540284360189575
5595	14000	1295	448	0.234375
15104	22636	394	323	0.4444444444444444
6977	12704	370	164	0.17105263157894737
478	4876	444	349	0.3684210526315789
17832	12423	1276	147	0.4
3088	30677	261	514	0.3170731707317073
20308	10811	505	504	0.2391304347826087
32276	20300	1327	435	0.5
14857	28325	306	467	0.21739130434782608
26554	14746	402	1318	0.5
20555	31443	1251	545	0.23563218390804597
27134	28942	860	544	0.26666666666666666
4099	17565	410	311	0.28125
34089	1464	820	522	0.3333333333333333
12846	721	165	528	0.2903225806451613
3378	29902	493	584	0.35714285714285715
14963	23868	1328	527	0.2125
28636	23904	500	862	0.35
10051	25548	256	503	0.47058823529411764
1650	33663	542	236	0.23255813953488372
11410	22459	553	407	0.5
11893	27202	507	569	0.20512820512820512
15550	30859	394	320	0.24
17328	4476	407	522	0.3103448275862069
9272	33199	569	582	0.4
34281	25581	178	260	0.35714285714285715
28125	6795	337	264	0.1875
5797	8274	558	536	0.37037037037037035
8416	12853	511	299	0.4117647058823529
10895	4951	1066	393	0.3191489361702128
17291	10904	516	320	0.3548387096774194
21120	10424	293	228	0.7142857142857143
24747	5413	260	359	0.3125
7091	32062	260	420	0.36585365853658536
9617	21833	276	555	0.2
20062	25841	1307	548	0.23863636363636365
20871	29589	1143	456	0.38461538461538464
17308	17881	356	254	0.35
24742	24399	447	1540	0.5714285714285714
14075	11853	521	392	0.4090909090909091
24561	20776	666	431	0.3333333333333333
18360	18770	393	1302	0.21153846153846154
5007	7168	456	1200	0.26
34129	6393	778	502	0.32608695652173914
34886	22453	276	166	0.24
5592	14013	1220	505	0.21333333333333335
25037	29500	346	251	0.23214285714285715
12293	33502	1126	282	0.2361111111111111
1198	22159	321	534	0.2564102564102564
9462	3797	868	349	0.34210526315789475
13505	6571	1316	334	0.24324324324324326
14181	29134	853	486	0.5
28104	33619	538	798	0.3088235294117647
19720	6535	146	626	0.4
18314	32548	1337	549	0.23684210526315788
5260	17050	855	509	0.3793103448275862
25034	8819	415	396	0.22727272727272727
10866	1828	511	487	0.23076923076923078
4882	17107	475	1223	0.27419354838709675
34224	15979	1345	332	0.32142857142857145
12997	15920	190	644	0.4166666666666667
21210	17495	500	292	0.3142857142857143
3910	6386	519	443	0.2727272727272727
7293	12096	345	1542	0.2631578947368421
29026	11074	591	336	0.1651376146788991
13569	25504	299	384	0.36363636363636365
748	12818	528	164	0.5454545454545454
106	33302	492	367	0.3333333333333333
31567	25879	166	498	0.4
19076	30717	1305	524	0.42105263157894735
31647	3028	285	526	0.5555555555555556
692	27642	448	255	0.23076923076923078
31664	28540	344	645	0.28125
7104	15547	1298	454	0.4
30476	24721	894	238	0.6
9462	24456	868	340	0.47058823529411764
169	31665	357	344	0.32967032967032966
27595	31639	510	670	0.3
4304	27265	513	869	0.3448275862068966
12159	6147	269	389	0.2727272727272727
32701	9652	225	396	0.3076923076923077
2739	18477	432	276	0.47619047619047616
34311	33826	488	487	0.9200819672131147
25870	3232	895	493	0.323943661971831
19647	6748	1292	484	0.25301204819277107
32833	25554	526	277	0.2222222222222222
14573	2930	186	319	0.26495726495726496
14823	10606	165	148	0.564625850340136
25370	19488	591	529	0.2653061224489796
21529	26254	309	813	0.38461538461538464
16823	28141	277	1807	0.2896174863387978
30622	19563	361	864	0.4
7155	5460	513	1269	0.3013698630136986
26298	2425	260	433	0.21875
21161	15118	723	292	0.2465753424657534
1339	25356	503	442	0.24152542372881355
16395	2175	163	281	0.275
31886	1013	735	498	0.2641509433962264
15038	19553	244	515	0.3888888888888889
8564	22039	534	555	0.2647058823529412
7503	29532	473	530	0.21138211382113822
3478	8086	488	1164	0.22983870967741934
4531	24494	516	263	0.5833333333333334
6543	12309	289	1325	0.25
26024	9319	215	866	0.34782608695652173
25641	30444	432	1338	0.2727272727272727
18171	11478	521	845	0.2777777777777778
7724	21765	260	851	0.22131147540983606
16161	4389	427	691	0.20192307692307693
16316	26081	484	508	0.2052980132450331
9079	22343	489	301	0.3684210526315789
11263	26314	401	614	0.2318840579710145
225	9214	543	498	0.42105263157894735
11418	7410	252	499	0.3125
27750	1643	534	527	0.625
33426	29851	795	472	0.28846153846153844
24041	18110	252	410	0.3488372093023256
33711	685	891	192	0.2571428571428571
9277	15198	512	332	0.20987654320987653
13040	24120	394	463	0.2430939226519337
15125	32996	163	147	0.3
19532	12591	345	223	0.23529411764705882
5418	279	364	192	0.4444444444444444
26755	23729	312	1484	0.2513089005235602
29401	15683	255	292	0.2621359223300971
21382	5535	507	559	0.3225806451612903
31458	20414	550	501	0.23076923076923078
22155	16627	466	614	0.2894736842105263
24732	14265	471	506	0.18556701030927836
22620	8003	520	474	0.36363636363636365
1703	10677	482	536	0.2653061224489796
5340	19939	446	369	0.2604166666666667
3085	5795	494	222	0.25862068965517243
9865	16026	1271	1325	0.24363057324840764
12412	5687	95	888	0.2857142857142857
21654	24093	516	497	0.27692307692307694
33634	31600	1025	373	0.18309859154929578
782	14453	510	534	0.5238095238095238
22208	29739	255	346	0.30434782608695654
6551	32294	253	320	0.38095238095238093
32305	5337	432	342	0.2571428571428571
31846	1758	320	334	0.30434782608695654
12599	2140	198	270	0.3448275862068966
22636	26922	323	849	0.36666666666666664
32788	29615	563	456	0.2903225806451613
3734	19887	260	499	0.375
4830	8491	526	651	0.34615384615384615
16623	25033	754	509	0.24489795918367346
315	21624	310	426	0.3888888888888889
6109	25700	334	234	0.35714285714285715
16604	15195	1316	1333	0.24206349206349206
21021	13686	259	301	0.7142857142857143
15667	29374	392	515	0.22183098591549297
25243	16965	241	494	0.391304347826087
7556	29723	446	528	0.3575883575883576
26457	29983	554	292	0.21794871794871795
30460	28546	612	339	0.3333333333333333
3974	615	518	371	0.2676056338028169
25413	18337	532	1514	0.3333333333333333
14708	20326	192	340	0.3157894736842105
21272	29821	626	894	0.32
15281	5244	506	456	0.2644628099173554
30960	15488	372	299	0.40625
2923	14919	533	484	0.2571428571428571
14797	11602	291	231	0.23076923076923078
17314	27538	507	516	0.39285714285714285
29569	21845	456	568	0.2549019607843137
32759	17303	518	312	0.2191780821917808
22300	7622	1337	499	0.21333333333333335
21	19804	256	275	0.23376623376623376
18409	34952	500	274	0.25301204819277107
2830	19888	479	491	0.24949698189134809
28756	14235	345	484	0.2912621359223301
7672	6077	236	317	0.5
22573	25363	484	1359	0.25517241379310346
1280	22341	255	494	0.2631578947368421
18973	10629	540	585	0.2682926829268293
31696	3372	481	463	0.24731182795698925
29819	23585	1490	356	0.35714285714285715
19588	31281	522	148	0.22429906542056074
27102	7691	556	373	0.7
6893	7045	514	1254	0.3148148148148148
3357	31727	511	567	0.2571428571428571
30976	25703	1340	586	0.32653061224489793
20098	29463	506	255	0.20689655172413793
23727	19000	523	1323	0.21568627450980393
23009	27415	862	1318	0.24324324324324326
22375	30234	498	1325	0.5833333333333334
9821	33537	1255	595	0.27419354838709675
29878	9941	500	365	0.375
13768	19401	1514	1285	0.35846267553584626
33220	22141	1021	548	0.2826086956521739
17587	1620	301	414	0.2916666666666667
13318	682	164	291	0.3142857142857143
33257	16896	357	1268	0.2033898305084746
24918	34630	523	673	0.42857142857142855
22863	27319	374	1324	0.4782608695652174
747	28434	528	495	0.25925925925925924
24835	11927	324	935	0.21518987341772153
26720	4435	495	405	0.8333333333333334
14318	34039	1503	533	0.3225806451612903
8664	26854	519	472	0.3333333333333333
31218	2213	475	477	0.3225806451612903
29023	28882	732	529	0.3333333333333333
29898	28772	535	418	0.3103448275862069
24548	30696	501	468	0.2261640798226164
2679	13442	500	362	0.22535211267605634
26625	9457	1263	437	0.22988505747126436
24657	14602	1348	311	0.3125
32571	30699	548	663	0.2807017543859649
12041	29100	412	505	0.2222222222222222
4571	5596	569	370	0.28
3615	28691	534	465	0.25103734439834025
15621	23435	484	524	0.25
8074	8520	339	254	0.2384937238493724
27488	11297	539	547	0.7490494296577946
12283	2128	305	550	0.296875
26664	11005	317	742	0.2962962962962963
18836	13219	1246	508	0.22666666666666666
10745	15193	1530	536	0.35714285714285715
12621	15850	394	311	0.2926829268292683
3400	9378	503	456	0.27450980392156865
14134	15059	394	232	0.2972972972972973
16530	18345	539	548	0.32
24843	1478	480	695	0.20437956204379562
26288	1804	225	1323	0.2
24762	16946	260	668	0.2647058823529412
14848	151	507	220	0.2857142857142857
26137	22530	517	508	0.23706896551724138
8553	12499	655	146	0.32
22349	28681	629	503	0.4666666666666667
25676	21175	578	479	0.2608695652173913
9212	20022	424	497	0.2631578947368421
5920	8948	535	513	0.2727272727272727
33151	22520	354	318	0.7
15888	31614	1508	222	0.20930232558139536
3182	2163	494	1134	0.2604166666666667
25070	17360	349	516	0.21212121212121213
16633	34803	191	483	0.25
22041	18826	344	243	0.25
34846	31383	369	500	0.35714285714285715
22324	16083	499	192	0.4
6988	7631	1323	446	0.23684210526315788
34097	642	264	312	0.19047619047619047
16772	10926	478	1282	0.23595505617977527
23731	22941	1541	626	0.28
20382	9382	565	512	0.3611111111111111
34695	423	785	237	0.4
21232	16225	204	220	0.38461538461538464
29102	26882	317	350	0.30434782608695654
19836	8651	369	493	0.5333333333333333
23931	21824	696	1202	0.3939393939393939
1957	31435	524	410	0.2222222222222222
27805	34736	283	935	0.28846153846153844
29270	26010	472	292	0.5
1796	11824	550	607	0.4
2755	14987	414	290	0.3333333333333333
8523	11061	373	396	0.4375
8017	16325	516	394	0.2349570200573066
4925	31492	455	508	0.22535211267605634
2240	6096	528	545	0.30434782608695654
21366	26298	662	260	0.18867924528301888
27178	13687	422	484	0.5
8632	30931	410	345	0.23776223776223776
34372	31721	375	323	0.3076923076923077
10451	34039	308	533	0.21839080459770116
32575	13302	553	1280	0.34210526315789475
4999	16488	893	452	0.38461538461538464
10322	20297	342	526	0.42105263157894735
23743	26784	541	336	0.2972972972972973
11382	7412	277	1524	0.4090909090909091
31056	25709	391	471	0.2605042016806723
20297	19688	526	1270	0.3090909090909091
7527	27991	537	417	0.22033898305084745
546	15365	1320	223	0.3333333333333333
12759	11976	213	849	0.2926829268292683
33197	434	595	1317	0.325
30867	294	345	448	0.32558139534883723
1270	21245	515	1462	0.47619047619047616
5149	2708	379	479	0.3181818181818182
11717	34542	1310	363	0.2535211267605634
31959	20461	261	501	0.25882352941176473
22182	5196	503	1214	0.2119205298013245
9834	1389	1220	655	0.3888888888888889
9642	10434	523	329	0.45454545454545453
237	5391	455	534	0.25
32053	23648	373	655	0.2391304347826087
19500	24023	516	534	0.5333333333333333
17798	4379	159	898	0.4
26106	18050	272	223	0.2702702702702703
34722	32655	523	454	0.42857142857142855
9010	4466	1218	320	0.3125
3640	17633	1640	164	0.3076923076923077
26593	27200	251	343	0.36363636363636365
8625	30570	555	552	0.34782608695652173
20941	1173	332	261	0.22943722943722944
6401	23298	487	713	0.3
11214	26591	543	411	0.2727272727272727
29315	16571	504	631	0.3
18073	11194	452	473	0.4841628959276018
3329	15060	304	1274	0.2714285714285714
26099	3630	975	315	0.7777777777777778
31541	35032	492	180	0.2857142857142857
22390	19159	655	476	0.2
12362	13216	237	448	0.3333333333333333
877	24409	530	1074	0.4
33271	32336	1020	323	0.2857142857142857
9290	15591	849	192	0.32142857142857145
14166	26076	473	282	0.2923076923076923
35055	685	217	192	0.2727272727272727
27934	3209	482	323	0.30434782608695654
5762	17014	1256	255	0.21311475409836064
21992	29191	498	220	0.23387096774193547
10061	15015	526	532	0.28
8819	26301	396	1273	0.2537313432835821
31812	4946	418	1224	0.15384615384615385
17556	34834	505	350	0.2459016393442623
22429	32778	549	1274	0.3793103448275862
6535	30166	626	567	0.5
456	6268	394	1517	0.25
23919	2902	500	411	0.2835820895522388
7003	28330	575	500	0.2535211267605634
32528	31679	576	323	0.23684210526315788
8666	1815	539	419	0.3333333333333333
8462	22963	1265	555	0.29545454545454547
4824	8565	467	589	0.2962962962962963
3029	7809	1041	532	0.29213483146067415
10140	23123	512	1289	0.2608695652173913
8279	15615	529	291	0.22727272727272727
14866	9790	359	435	0.3684210526315789
29488	245	1325	394	0.32653061224489793
17606	12956	803	265	0.3333333333333333
31235	22312	227	466	0.23076923076923078
33129	10585	825	368	0.3220338983050847
6759	22522	515	1324	0.2653061224489796
35096	24376	485	411	0.4
21149	8184	1324	1490	0.35436537050623623
5067	28138	417	609	0.8
13828	29073	243	282	0.32
5457	18508	516	474	0.3333333333333333
10805	1271	221	255	0.5
30582	21905	581	510	0.44893617021276594
30113	19838	320	520	0.4666666666666667
7254	20301	556	863	0.4117647058823529
12027	19597	508	1262	0.22413793103448276
30654	15612	470	396	0.4166666666666667
27003	10384	1062	362	0.21428571428571427
25262	8538	451	342	0.275
22664	5225	465	507	0.24036281179138322
33890	15580	84	521	0.4666666666666667
4593	11653	549	255	0.23214285714285715
19685	30790	1307	348	0.375
29460	15442	277	230	0.25
28458	30217	699	512	0.3230769230769231
31458	11262	550	341	0.32142857142857145
16900	19468	1280	849	0.30357142857142855
12535	20035	453	524	0.2916666666666667
12946	22453	299	166	0.2413793103448276
19942	30306	516	271	0.3888888888888889
34006	32467	595	1287	0.171875
10799	24667	544	512	0.18518518518518517
23717	31231	489	397	0.375
7229	22122	521	560	0.27586206896551724
26614	20144	505	1044	0.3157894736842105
14601	33982	536	773	0.2777777777777778
2818	10268	1051	416	0.3611111111111111
3072	14836	384	220	0.36363636363636365
17708	34992	301	932	0.3783783783783784
1229	19452	477	643	0.30434782608695654
8215	19202	292	1069	0.42105263157894735
30860	27443	734	876	0.5811170212765957
3313	2003	433	198	0.35
3266	18814	609	488	0.5
621	4313	331	505	0.4375
27456	23221	1233	1153	0.23745519713261648
31649	14945	294	528	0.265625
31318	27210	545	350	0.3793103448275862
8352	18873	349	599	0.32653061224489793
10996	26575	550	294	0.175
25031	9071	934	260	0.2830188679245283
8250	23984	455	1297	0.22058823529411764
17150	10078	469	501	0.30303030303030304
2166	14471	1194	394	0.3333333333333333
27039	15134	495	374	0.2413793103448276
3476	5539	260	867	0.2358490566037736
17591	3843	292	520	0.30303030303030304
6570	21763	554	490	0.3793103448275862
9719	30589	345	348	0.23529411764705882
15841	7125	394	365	0.288135593220339
7448	30154	404	519	0.27419354838709675
12081	11945	763	555	0.5
25952	20364	560	523	0.5368620037807184
4314	16949	524	476	0.3333333333333333
32200	21512	501	1181	0.24615384615384617
27597	835	534	475	0.34375
755	4310	490	505	0.6472945891783567
34190	17425	102	1377	0.2903225806451613
8249	14599	447	223	0.8597285067873304
14249	21624	192	426	0.3333333333333333
34569	17884	245	240	0.3125
29384	20065	717	1191	0.2459016393442623
10720	10349	435	346	0.5454545454545454
15883	21170	311	503	0.6
27345	27226	426	1344	0.47058823529411764
31542	31238	577	509	0.4583333333333333
5401	23128	499	516	0.23404255319148937
16331	1302	853	449	0.3
11063	10889	334	512	0.2608695652173913
28264	10716	408	256	0.30434782608695654
19739	30472	1291	324	0.5
15484	26390	453	473	0.8535564853556485
21262	694	718	1307	0.23404255319148937
2798	13290	909	315	0.2
9388	1041	331	824	0.3170731707317073
2486	3643	600	1325	0.3
28332	19701	493	345	0.2222222222222222
29706	26645	548	1301	0.2268041237113402
4427	20431	345	408	0.5
19733	9545	1241	862	0.3125
29596	32980	456	1452	0.35294117647058826
32039	16345	394	331	0.225
21291	20846	396	560	0.3333333333333333
17026	3440	255	243	0.35714285714285715
18621	11536	832	826	0.34782608695652173
16291	8188	146	906	0.41025641025641024
26250	32290	439	304	0.3142857142857143
9411	4008	506	277	0.3125
28368	29024	311	486	0.5294117647058824
23834	17540	1290	402	0.4375
14721	12874	1507	804	0.32608695652173914
20039	15151	549	232	0.4
26230	1259	472	541	0.20156555772994128
18165	20936	505	539	0.3939393939393939
13894	12007	292	338	0.30337078651685395
22725	11437	912	855	0.5
33645	30723	483	503	0.42857142857142855
14577	21913	473	483	0.29310344827586204
29928	12984	286	192	0.5
16260	33485	318	1019	0.4117647058823529
6462	14504	560	166	0.32142857142857145
16139	1290	392	402	0.34285714285714286
31549	15233	535	301	0.23255813953488372
18168	22307	191	1274	0.20754716981132076
16289	13644	162	332	0.46153846153846156
3307	11848	433	515	0.3448275862068966
15073	27728	165	556	0.2653061224489796
20330	6649	466	1276	0.3103448275862069
11712	9996	570	484	0.25925925925925924
19209	31172	512	680	0.3225806451612903
16613	1418	630	379	0.34615384615384615
24530	12509	441	232	0.26153846153846155
30057	10307	469	346	0.5
3602	15841	515	394	0.20802005012531327
15083	22730	484	551	0.38095238095238093
2937	21246	875	1427	0.27692307692307694
4759	26198	312	526	0.30952380952380953
3158	8225	521	354	0.34615384615384615
16288	8655	505	1285	0.2830188679245283
21407	6280	292	615	0.22727272727272727
1857	31947	348	471	0.3
5883	23962	1314	1204	0.6501163692785105
23363	21251	1542	1149	0.7416
35017	32679	471	558	0.2619047619047619
3548	17483	502	332	0.375
3429	17916	564	528	0.19718309859154928
9953	9981	1295	494	0.2564102564102564
19605	22340	344	1330	0.2047244094488189
4666	5157	499	484	0.2946859903381642
10241	24335	865	463	0.23529411764705882
24396	5741	583	1225	0.3157894736842105
8624	21020	1340	917	0.3142857142857143
15241	33468	394	1036	0.25274725274725274
2332	31871	505	521	0.22564102564102564
33873	4939	434	838	0.22666666666666666
5972	16349	460	525	0.4375
22626	1397	529	504	0.375
22891	14628	353	245	0.23076923076923078
20320	16641	414	293	0.375
4481	30831	514	698	0.2540983606557377
7213	21835	465	509	0.36363636363636365
32585	20582	728	458	0.24
23458	32517	408	539	0.30434782608695654
7947	25711	382	183	0.3235294117647059
28327	15113	467	621	0.3333333333333333
11382	33746	277	884	0.2641509433962264
8615	18197	357	1509	0.23636363636363636
26842	16123	524	191	0.36363636363636365
1143	28218	460	320	0.2826086956521739
7885	26903	515	416	0.27450980392156865
8790	4878	1220	346	0.3142857142857143
23899	28349	373	301	0.2708333333333333
15561	20705	453	584	0.2457627118644068
8612	606	367	529	0.2711864406779661
50	30028	447	1545	0.4444444444444444
28561	4794	446	1262	0.2549019607843137
20490	2722	587	323	0.32432432432432434
18950	10082	1303	512	0.28169014084507044
3587	20604	515	1515	0.3
25258	32831	382	623	0.275
23494	27526	258	1297	0.23880597014925373
29189	30184	515	1641	0.2602739726027397
5068	20058	360	572	0.23333333333333334
12441	14140	855	599	0.5
27686	1571	370	529	0.25396825396825395
33107	2754	362	363	0.2857142857142857
2486	7163	600	335	0.32142857142857145
2892	5154	1215	1215	0.3657522859517872
18646	27367	358	487	0.29411764705882354
6294	3280	1122	717	0.4090909090909091
14191	9751	394	503	0.539440203562341
31823	33649	408	777	0.29545454545454547
34370	32822	724	261	0.35294117647058826
6433	13574	474	527	0.38461538461538464
2507	18418	524	1569	0.29411764705882354
25607	7509	435	899	0.5
25288	15930	345	164	0.2608695652173913
34275	7463	178	847	0.2916666666666667
26714	33309	748	1021	0.2391304347826087
31007	35104	629	203	0.3333333333333333
23089	5806	266	367	0.45454545454545453
34566	23148	359	1324	0.7272727272727273
27555	2998	222	1410	0.275
22971	2305	870	345	0.42105263157894735
25022	21893	460	1273	0.4117647058823529
26231	10506	449	369	0.3111111111111111
24916	31367	502	334	0.2714285714285714
11540	34341	339	560	0.2653061224489796
2246	788	482	508	0.5354166666666667
31402	10229	149	516	0.5
31999	10262	908	265	0.3023255813953488
116	7357	526	309	0.2564102564102564
19030	29322	452	618	0.4782608695652174
10114	12658	296	362	0.35714285714285715
30022	13813	354	505	0.2727272727272727
23049	27523	765	1349	0.3157894736842105
18528	1162	1326	525	0.23333333333333334
30546	33801	412	357	0.5
14632	1886	536	261	0.3
34961	14545	189	294	0.4166666666666667
3258	26236	499	223	0.3076923076923077
29061	34106	516	588	0.22
24328	6765	532	498	0.3018867924528302
16731	22719	326	375	0.1875
18615	13396	1293	1322	0.2444076222038111
26978	30241	552	268	0.3125
5205	17053	345	466	0.34615384615384615
25397	31510	365	255	0.2857142857142857
17264	2314	1121	711	0.41379310344827586
28493	24832	642	414	0.4666666666666667
34527	33757	689	782	0.21138211382113822
27384	29454	480	266	0.2676056338028169
24417	4481	524	514	0.226457399103139
22126	32205	498	421	0.24
6617	5505	508	1550	0.34146341463414637
27851	19944	555	658	0.22105263157894736
23220	28253	487	557	0.25280898876404495
2977	23009	1528	862	0.25925925925925924
23949	26356	548	165	0.22988505747126436
13580	19901	220	574	0.4186046511627907
16314	5859	521	526	0.6153846153846154
33015	3199	894	319	0.39285714285714285
28763	13730	522	190	0.42245989304812837
9604	1065	1348	345	0.42857142857142855
2121	8827	320	385	0.19298245614035087
22904	34685	486	889	0.22727272727272727
22682	28083	1210	464	0.5
21710	14019	618	362	0.5
15743	30783	394	261	0.5
31248	31595	1837	373	0.2835820895522388
15856	1207	299	1156	0.3235294117647059
13111	6515	394	621	0.2765957446808511
24807	32448	1281	334	0.25882352941176473
31524	7095	493	414	0.23333333333333334
10543	27242	516	342	0.29545454545454547
7060	24325	541	1307	0.2619047619047619
18557	31489	608	487	0.3684210526315789
10072	826	487	1551	0.1836734693877551
6782	9409	515	583	0.6666666666666666
17211	3773	814	410	0.30303030303030304
9076	24572	586	1220	0.2692307692307692
19010	22086	404	491	0.2608695652173913
21053	1558	416	457	0.21380846325167038
3788	22419	1557	503	0.3023255813953488
19384	2054	371	298	0.3225806451612903
33245	2390	931	698	0.24691358024691357
13682	32504	521	476	0.8705636743215032
26310	30031	557	490	0.3
15525	34106	392	588	0.3
33423	31346	1022	552	0.36
8854	20306	543	1210	0.21621621621621623
24740	6382	534	349	0.375
25672	14061	508	190	0.2978723404255319
864	13251	341	175	0.4444444444444444
18487	16300	1530	332	0.24
34481	14402	935	162	0.24324324324324326
3895	1802	512	509	0.3888888888888889
1960	5208	322	741	0.23076923076923078
19074	14640	1212	223	0.38235294117647056
20504	10314	496	260	0.2777777777777778
20133	14812	492	452	0.23170731707317074
1163	32225	214	128	0.30434782608695654
18217	6970	476	514	0.2375
28683	27051	316	538	0.18857142857142858
20584	17791	654	292	0.23529411764705882
27086	25394	475	872	0.2903225806451613
10001	33553	299	168	0.45454545454545453
32540	12756	293	192	0.4
23542	6538	959	465	0.42105263157894735
34201	24745	218	258	0.25
10273	9520	912	466	0.34210526315789475
22074	10171	540	1164	0.35714285714285715
29644	21450	286	303	0.19932432432432431
26490	3649	413	508	0.3
273	10874	294	524	0.35714285714285715
8348	16371	292	406	0.2857142857142857
2448	8496	877	1316	0.3076923076923077
14709	18806	505	413	0.5625
2552	24397	407	1323	0.2777777777777778
25050	30677	421	514	0.3103448275862069
29596	6690	456	414	0.25
12088	23555	533	475	0.3
5165	24180	345	858	0.3333333333333333
33990	2849	374	507	0.2602739726027397
33854	10879	481	889	0.23636363636363636
33216	784	896	533	0.38461538461538464
22073	4551	412	311	0.2857142857142857
27054	26381	515	541	0.25
28269	2847	256	512	0.4375
7520	11776	1253	226	0.21171171171171171
14254	8328	519	494	0.3333333333333333
31968	34550	346	782	0.2647058823529412
19261	18049	354	164	0.25806451612903225
31844	2204	260	516	0.23076923076923078
25009	12694	345	194	0.5833333333333334
27281	5432	539	564	0.19736842105263158
21389	9210	362	450	0.8
31040	25618	1642	529	0.38095238095238093
21165	18471	469	410	0.6
19840	19852	468	415	0.6666666666666666
10177	970	717	296	0.3684210526315789
9486	10490	320	1343	0.35714285714285715
17008	9776	787	449	0.2549019607843137
16453	25748	294	344	0.24074074074074073
12543	4620	448	556	0.36
16011	30244	453	382	0.28
15381	30279	232	509	0.26136363636363635
5033	19674	650	331	0.36
24051	2723	1292	348	0.32
14834	4828	1508	470	0.2328767123287671
7200	34931	1172	214	0.4
2068	9994	534	508	0.3142857142857143
24920	24946	698	440	0.3870967741935484
7981	17273	725	255	0.2616822429906542
7964	16288	501	505	0.24113475177304963
26788	419	576	89	0.5
25115	5588	631	585	0.2857142857142857
1606	17281	255	571	0.3333333333333333
29766	6063	676	535	0.4
32857	8135	219	224	0.24347826086956523
6680	8204	492	1276	0.2962962962962963
20665	24796	586	536	0.4117647058823529
9372	19908	560	340	0.23809523809523808
31863	26817	316	585	0.22522522522522523
13855	18970	518	740	0.3
4154	2966	328	572	0.4
14447	17159	451	418	0.25
5144	18409	419	500	0.23529411764705882
6110	12976	312	362	0.43478260869565216
4571	33794	569	473	0.30357142857142855
6792	7265	474	499	0.5
6787	20450	106	633	0.3111111111111111
636	22400	373	277	0.25301204819277107
5631	15168	1262	1507	0.2332185886402754
10261	20634	565	1522	0.2894736842105263
7591	29159	490	665	0.25609756097560976
145	20297	292	526	0.3191489361702128
20435	29519	293	279	0.2978723404255319
2526	32920	258	279	0.3333333333333333
23668	27136	482	486	0.23809523809523808
89	18015	453	409	0.38461538461538464
3130	25322	509	312	0.325
29703	6559	503	1325	0.2857142857142857
19392	32986	578	394	0.22388059701492538
30066	34509	524	917	0.35294117647058826
13938	4535	653	406	0.4
1427	12971	695	220	0.3191489361702128
6852	17214	951	852	0.2537313432835821
23179	25541	261	460	0.2909090909090909
17810	20624	192	487	0.3333333333333333
31051	8201	515	1264	0.26
9992	29997	483	1322	0.38095238095238093
21503	30958	529	527	0.37037037037037035
17615	3581	148	504	0.4375
29818	17545	1147	1319	0.3087248322147651
1790	14580	254	445	0.2898550724637681
14076	29473	1287	493	0.29411764705882354
17401	16926	539	535	0.22727272727272727
34423	29476	587	314	0.4117647058823529
243	15051	785	448	0.7142857142857143
16182	6982	165	788	0.5625
14991	25767	192	376	0.5
18935	5830	566	508	0.4892703862660944
12178	26510	1325	223	0.25
19690	4640	415	260	0.3
282	25251	781	456	0.44
1108	14689	884	292	0.39285714285714285
10998	27959	532	839	0.25757575757575757
29551	22976	528	1321	0.2558139534883721
15318	4283	448	292	0.275
2980	22785	732	453	0.20833333333333334
32041	25990	1330	471	0.3333333333333333
15822	5740	446	850	0.3548387096774194
2372	5322	430	496	0.3333333333333333
1753	34984	428	555	0.23076923076923078
26610	21776	192	1214	0.3
19354	26673	342	255	0.21304347826086956
6201	10862	551	1327	0.3137254901960784
21110	14801	369	479	0.5
25963	2454	1283	904	0.3230769230769231
25460	18915	490	469	0.21367521367521367
1397	4026	504	271	0.3191489361702128
18408	28889	514	294	0.5
19044	34147	506	778	0.32
26214	30400	482	501	0.2413793103448276
19681	24810	585	491	0.3488372093023256
34001	17801	371	1302	0.2236024844720497
33342	16536	767	1333	0.2727272727272727
33866	4544	676	374	0.5882352941176471
30624	794	292	512	0.4666666666666667
16151	26560	292	282	0.22058823529411764
6981	1661	639	235	0.5833333333333334
3509	29884	651	612	0.29245283018867924
30705	257	320	292	0.4166666666666667
4706	29131	418	281	0.265625
31869	14543	497	448	0.22023809523809523
31488	20525	125	1168	0.30952380952380953
20312	12928	250	522	0.375
13237	2423	795	548	0.2777777777777778
29107	34590	534	1117	0.375
6767	7251	507	511	0.3973509933774834
4842	28989	524	518	0.25
6987	27729	718	340	0.2013888888888889
3412	2392	260	337	0.19658119658119658
18221	1548	515	475	0.4117647058823529
11155	6083	521	475	0.35294117647058826
17566	18783	265	367	0.23076923076923078
19249	5644	655	1296	0.21882951653944022
23374	21901	1288	495	0.23157894736842105
27713	29343	345	832	0.35714285714285715
18305	14906	277	1220	0.2608695652173913
15228	15289	292	299	0.45454545454545453
34012	19859	100	1253	0.42105263157894735
26683	22442	308	927	0.2631578947368421
24512	10601	1244	523	0.23529411764705882
14995	7136	503	345	0.3333333333333333
31460	1737	516	485	0.6778656126482213
13835	15344	1303	1525	0.37471612414837246
23605	15977	1322	493	0.25806451612903225
82	3630	255	315	0.4666666666666667
20389	11803	541	518	0.22077922077922077
25213	26490	417	413	0.6135265700483091
22805	14053	335	293	0.42857142857142855
25291	7318	1406	515	0.391304347826087
31301	29908	1276	508	0.3783783783783784
15424	6800	453	615	0.225
29781	14185	532	454	0.21212121212121213
19886	28021	406	381	0.34782608695652173
10143	17894	523	299	0.3
33198	32460	100	528	0.2916666666666667
9976	12850	329	362	0.2857142857142857
22871	34475	292	788	0.3235294117647059
24649	21598	547	256	0.3170731707317073
15964	10055	555	460	0.22950819672131148
31402	25429	149	538	0.5833333333333334
29703	6061	503	1489	0.2916666666666667
17090	5127	1288	1241	0.23391812865497075
15822	17922	446	448	0.26200873362445415
13156	8150	484	526	0.47058823529411764
31562	25592	295	1161	0.35135135135135137
28856	2187	262	1376	0.27450980392156865
28208	384	558	549	0.7054545454545454
23939	23844	887	1224	0.23809523809523808
6636	31305	558	372	0.3695652173913043
15007	20934	192	695	0.3333333333333333
30310	8211	1288	496	0.2916666666666667
7762	7958	583	226	0.3
25466	8929	569	400	0.2857142857142857
22216	1605	1312	539	0.4117647058823529
25768	12319	547	404	0.4444444444444444
24313	17234	481	971	0.19718309859154928
25765	19808	496	358	0.24615384615384617
26256	13672	1353	484	0.21428571428571427
35069	29350	950	596	0.36666666666666664
1020	6660	260	651	0.4375
19396	21473	551	527	0.32142857142857145
23633	31850	1529	503	0.3793103448275862
321	15124	391	455	0.3181818181818182
15554	16419	512	1231	0.4090909090909091
8671	31158	651	536	0.16923076923076924
6491	25894	455	1319	0.2727272727272727
26052	9890	315	488	0.4583333333333333
23731	21112	1541	251	0.32432432432432434
8266	3588	888	515	0.3103448275862069
21578	1563	448	524	0.2755905511811024
11379	25521	419	564	0.4166666666666667
3512	464	517	311	0.25102880658436216
3139	5256	396	585	0.2077922077922078
7280	3629	585	277	0.2549019607843137
5450	21410	1305	515	0.2553191489361702
27795	4836	1305	1526	0.36444444444444446
27215	4614	412	1283	0.22875816993464052
30125	12617	832	448	0.2727272727272727
16903	16539	866	454	0.40625
33703	5367	178	1539	0.43478260869565216
9130	5748	521	346	0.21568627450980393
15138	79	519	464	0.23076923076923078
3072	33554	384	895	0.7142857142857143
9170	12662	397	448	0.6
34790	19854	543	469	0.4444444444444444
24606	3357	1560	511	0.3
26534	31330	500	1346	0.20754716981132076
8379	12887	545	165	0.2702702702702703
14290	4821	332	472	0.32142857142857145
4021	17281	542	571	0.5384615384615384
17196	34683	852	523	0.22950819672131148
8183	32361	1524	261	0.2857142857142857
30553	16057	257	505	0.391304347826087
27046	23776	505	329	0.14906832298136646
20775	27458	440	459	0.37037037037037035
4601	9076	415	586	0.22916666666666666
8286	4706	507	418	0.42857142857142855
34754	8926	808	437	0.32142857142857145
9155	1375	509	503	0.42857142857142855
26913	13980	509	223	0.2755102040816326
5348	34489	464	555	0.3684210526315789
26059	18836	434	1246	0.4583333333333333
7966	31502	377	222	0.24285714285714285
25192	4137	260	486	0.42105263157894735
14637	1904	349	546	0.2413793103448276
10193	12424	903	194	0.2413793103448276
27096	17157	1317	361	0.36666666666666664
7626	28597	413	1274	0.21568627450980393
15645	27758	526	540	0.2727272727272727
33209	12404	100	1509	0.2857142857142857
20766	4333	335	701	0.18181818181818182
27120	30306	1122	271	0.5294117647058824
28478	17951	531	244	0.5714285714285714
979	15978	255	243	0.35
9656	14767	585	521	0.5714285714285714
4438	14949	1320	505	0.2727272727272727
11775	22497	345	501	0.34375
9169	34973	500	559	0.4117647058823529
9776	26366	449	645	0.42105263157894735
29767	6664	399	322	0.2
11456	24938	455	421	0.4823529411764706
15754	30218	451	516	0.28125
17041	21029	1305	1374	0.3356216628527841
10840	12222	255	271	0.6083650190114068
20514	12124	642	410	0.22916666666666666
27162	16859	566	1303	0.2054794520547945
16917	19744	329	595	0.391304347826087
34094	18246	632	469	0.6363636363636364
16273	28128	156	496	0.22857142857142856
28508	33246	1518	283	0.32142857142857145
7403	7611	506	421	0.2
4874	20257	534	383	0.22580645161290322
14585	14469	190	299	0.2982456140350877
3036	27923	349	267	0.24444444444444444
16875	1593	243	258	0.28
34061	1607	264	467	0.6666666666666666
21002	32747	1250	359	0.29310344827586204
31385	5581	360	391	0.4782608695652174
21885	20792	638	395	0.23809523809523808
22788	3656	547	317	0.18571428571428572
25470	10937	256	438	0.4375
31554	34776	193	753	0.3103448275862069
31385	3416	360	544	0.3333333333333333
11254	23352	935	289	0.32558139534883723
6420	9957	356	440	0.3128834355828221
1036	17461	1385	536	0.3333333333333333
25570	15425	1325	161	0.4
30668	11029	933	423	0.2903225806451613
7617	27030	1373	497	0.26229508196721313
11703	26007	772	256	0.25
25904	1473	531	381	0.325
14179	9552	1328	1280	0.6441947565543071
12468	21233	332	535	0.19469026548672566
33339	19461	147	546	0.2857142857142857
4748	35074	545	307	0.2916666666666667
439	11482	535	493	0.20168067226890757
20937	22590	508	378	0.5
32093	30697	429	293	0.23529411764705882
14901	29843	239	1009	0.32
12816	23527	1508	1513	0.5661861074705111
32038	20699	260	418	0.3333333333333333
22692	4420	679	348	0.41379310344827586
9571	16702	1330	513	0.3111111111111111
29585	17657	456	165	0.5454545454545454
5592	4816	1220	882	0.3023255813953488
4219	31423	495	502	0.2727272727272727
14193	25658	505	1216	0.2028985507246377
29887	776	659	224	0.4090909090909091
14314	34583	332	698	0.34782608695652173
27898	9726	465	324	0.29850746268656714
23274	25752	357	1298	0.29310344827586204
30344	28251	339	558	0.3333333333333333
6820	6777	502	551	0.3023255813953488
10506	23905	369	800	0.2909090909090909
19114	10509	295	1354	0.26153846153846155
13453	13631	505	362	0.36363636363636365
2007	944	256	162	0.30303030303030304
2815	23690	323	320	0.26666666666666666
26078	16334	502	505	0.47368421052631576
2101	33303	524	820	0.42105263157894735
9578	10887	1217	491	0.4375
16563	9130	448	521	0.29651162790697677
33507	30561	473	1321	0.23809523809523808
14625	11225	192	756	0.37037037037037035
7250	2576	253	475	0.32
30913	34190	534	102	0.25333333333333335
34390	13285	782	286	0.2777777777777778
5454	11256	346	612	0.2375
28926	15042	516	505	0.25
27968	23143	558	450	0.5555555555555556
19045	22867	318	1285	0.42857142857142855
9787	12051	488	620	0.7
174	30928	1366	504	0.25316455696202533
8764	431	1227	307	0.26153846153846155
4197	29438	503	211	0.26277372262773724
1474	19328	562	514	0.24193548387096775
9026	30799	365	478	0.29411764705882354
16605	4545	362	345	0.34615384615384615
28629	10496	1499	470	0.2222222222222222
32116	28172	460	499	0.3076923076923077
13719	25923	479	451	0.36363636363636365
21380	4339	277	260	0.2840909090909091
10289	21445	551	491	0.34782608695652173
23165	21759	550	582	0.20588235294117646
5988	1276	632	255	0.37037037037037035
1200	23817	312	572	0.4
5292	2120	705	270	0.35
33637	7525	1447	518	0.375
19895	16772	1286	478	0.29411764705882354
8447	8442	335	449	0.2962962962962963
28132	11332	513	496	0.20423892100192678
13630	3123	293	508	0.4117647058823529
843	13749	349	852	0.4117647058823529
27416	703	1230	621	0.2794759825327511
29608	8823	456	865	0.375
8454	15769	509	556	0.6153846153846154
21118	2509	622	499	0.2463768115942029
10062	34665	277	523	0.5714285714285714
15133	184	448	227	0.391304347826087
12478	17807	192	405	0.7074468085106383
9328	17999	326	644	0.21794871794871795
12942	29943	556	500	0.2903225806451613
21685	13415	841	191	0.2777777777777778
7518	28491	1229	658	0.25609756097560976
9276	1974	528	516	0.28515625
7330	27233	1127	555	0.34210526315789475
25978	14490	256	394	0.265625
8124	27657	379	1327	0.20588235294117646
27936	25264	533	480	0.3448275862068966
30883	20024	380	386	0.6384615384615384
606	16300	529	332	0.21568627450980393
13522	94	484	485	0.20518358531317496
16661	24498	357	394	0.5333333333333333
18248	16562	546	527	0.5111940298507462
4212	1236	528	449	0.3064516129032258
25528	6526	485	197	0.22727272727272727
28566	25622	355	585	0.23529411764705882
17295	30428	200	572	0.2571428571428571
280	2007	448	256	0.4166666666666667
18834	19015	539	245	0.43478260869565216
21711	1800	277	708	1.0
6543	21574	289	441	0.2727272727272727
6224	32099	481	527	0.2903225806451613
26687	19616	524	365	0.5
9352	27058	338	255	0.25
11138	33798	376	322	0.23404255319148937
235	8493	519	1298	0.26865671641791045
19380	6284	828	358	0.25
7799	23505	318	581	0.25925925925925924
397	20830	222	1147	0.22429906542056074
1190	26735	256	505	0.2777777777777778
27243	6469	334	687	0.20689655172413793
12788	8006	804	255	0.2518518518518518
21620	10644	338	567	0.2553191489361702
21719	24410	581	1194	0.3076923076923077
10472	16026	471	1325	0.22018348623853212
10659	8726	1188	373	0.24
3145	21258	410	356	0.36
32978	12655	279	165	0.23529411764705882
29886	29167	255	665	0.4
19933	15401	334	165	0.24691358024691357
22927	17761	544	223	0.2608695652173913
3752	20058	509	572	0.8571428571428571
32567	26515	919	260	0.36363636363636365
11426	22273	221	1256	0.3170731707317073
13007	23863	223	1221	0.30303030303030304
3062	6980	308	356	0.2222222222222222
5697	7589	227	238	0.5495495495495496
21601	10430	511	564	0.2236842105263158
21274	20928	894	260	0.25
33196	28534	236	305	0.4
11899	30343	806	308	0.4583333333333333
29184	11610	569	346	0.36666666666666664
26336	2646	328	521	0.28
14486	5403	164	511	0.5424836601307189
29172	18111	328	466	0.3023255813953488
34833	1224	496	286	0.4
15594	1302	535	449	0.2653061224489796
16693	23510	513	709	0.21568627450980393
34973	33259	559	367	0.3684210526315789
458	30860	1316	734	0.3048780487804878
7715	28296	53	418	0.4117647058823529
4417	20283	255	722	0.7272727272727273
8601	11671	635	601	0.24390243902439024
14430	24115	406	327	0.24242424242424243
21527	19334	255	479	0.24285714285714285
23885	11865	1177	256	0.3548387096774194
2961	21363	326	599	0.25757575757575757
23109	26657	293	568	0.35714285714285715
29029	21048	822	656	0.25925925925925924
29158	32500	665	444	0.5555555555555556
5784	7010	1305	1292	0.5421500386697602
12344	29439	686	211	0.37142857142857144
14647	1200	1522	312	0.20652173913043478
20017	21715	508	356	0.5137795275590551
30653	26979	1527	569	0.28888888888888886
9358	28976	537	485	0.22608695652173913
16391	21308	1511	494	0.36363636363636365
6820	5751	502	344	0.2222222222222222
25497	36	505	413	0.5294117647058824
23373	34773	1285	805	0.25
30458	2554	545	525	0.3230769230769231
7145	22847	555	506	0.32
11002	11897	449	567	0.3684210526315789
7620	13441	394	477	0.75
13200	24832	505	414	0.3684210526315789
34189	24638	264	585	0.3142857142857143
3983	508	230	519	0.2903225806451613
33686	12829	1021	165	0.24489795918367346
17845	30048	220	770	0.22598870056497175
28352	4610	890	299	0.3235294117647059
8513	33265	1237	320	0.5
33830	14895	776	165	0.3333333333333333
460	32495	634	531	0.32558139534883723
18400	25586	1321	499	0.26666666666666666
6935	7656	1230	534	0.23008849557522124
16149	31402	448	149	0.18018018018018017
8299	30575	535	261	0.3333333333333333
6889	21519	430	523	0.30434782608695654
25817	3187	524	529	0.28
14439	13844	331	1316	0.375
34135	31834	530	402	0.34782608695652173
34016	23118	101	520	0.7142857142857143
9537	33643	338	992	0.5833333333333334
23953	33561	1251	1379	0.35135135135135137
25989	33589	475	486	0.2898550724637681
6875	16921	336	424	0.625
15391	30632	484	492	0.21052631578947367
25947	15906	1534	114	0.3333333333333333
3352	560	276	594	0.4
266	30819	394	827	0.3023255813953488
15545	32534	191	179	0.36
18649	19476	519	415	0.3448275862068966
18133	20488	394	554	0.2878787878787879
30313	16557	524	484	0.2631578947368421
20296	18160	292	494	0.3684210526315789
7229	2832	521	396	0.2835820895522388
29615	26410	456	543	0.24489795918367346
11164	27921	221	295	0.3333333333333333
8876	25270	1467	514	0.2345679012345679
22502	18665	487	904	0.24528301886792453
15221	19511	505	497	0.34210526315789475
29617	23242	456	285	0.28205128205128205
7151	25624	513	631	0.2962962962962963
2031	16981	313	310	0.3684210526315789
16350	22340	631	1330	0.2681818181818182
33776	13716	363	452	0.2413793103448276
33798	21586	322	504	0.3
3551	30281	469	530	0.5
28127	23846	395	1237	0.5294117647058824
33179	20593	363	1346	0.2926829268292683
29520	33251	1317	178	0.47368421052631576
14612	32563	448	898	0.34375
21618	27304	323	381	0.23809523809523808
4721	24799	447	556	0.36363636363636365
31257	34488	516	504	0.3125
20278	14292	196	365	0.35294117647058826
20092	2552	573	407	0.3684210526315789
32034	13796	493	649	0.23214285714285715
3721	29023	1357	732	0.3617021276595745
6413	30537	261	1321	0.41935483870967744
30519	25423	521	321	0.2857142857142857
6155	12668	585	1326	0.20454545454545456
20729	1673	527	506	0.28888888888888886
171	32239	434	683	0.26666666666666666
33283	35035	178	225	0.4
14281	25421	448	361	0.23684210526315788
10270	9739	252	619	0.3684210526315789
12500	12934	524	428	0.2857142857142857
32836	21072	501	499	0.24362606232294617
18515	894	725	510	0.5384615384615384
15485	12392	292	489	0.25
26791	22286	466	1268	0.2926829268292683
8512	21825	1221	1234	0.6680327868852459
2832	12274	396	516	0.42857142857142855
14693	5701	232	1368	0.2807017543859649
9059	25728	565	335	0.17142857142857143
20647	12816	1326	1508	0.22894521668029436
10395	30054	836	454	0.4
15590	20549	220	491	0.2894736842105263
21693	7790	719	1500	0.41379310344827586
18660	29523	445	540	0.35135135135135137
10215	17202	645	579	0.32
3514	12345	335	639	0.3181818181818182
9152	8385	530	516	0.23529411764705882
16100	17553	804	478	0.29411764705882354
31593	31935	610	1691	0.325
4904	19137	1313	334	0.26666666666666666
27779	21609	255	547	0.2972972972972973
2187	15926	1376	95	0.27586206896551724
23392	20575	1511	422	0.28846153846153844
24126	22588	310	351	0.5833333333333334
29588	2746	456	451	0.24
9751	2408	503	492	0.2857142857142857
2683	26940	599	408	0.22857142857142856
7441	30819	364	827	0.3
16480	4826	484	467	0.2577777777777778
12750	27400	522	1320	0.5294117647058824
20261	17397	459	486	0.21602787456445993
23622	17963	515	190	0.3333333333333333
30808	25665	495	435	0.30434782608695654
7284	10493	1277	322	0.2553191489361702
7063	16336	302	479	0.2857142857142857
6110	9664	312	238	0.28
31300	935	547	538	0.3333333333333333
27425	21294	407	1278	0.3076923076923077
1944	28678	817	536	0.2236842105263158
26556	6774	476	317	0.2413793103448276
10080	11066	1245	277	0.21333333333333335
9792	15522	446	192	0.6231884057971014
1731	23899	477	373	0.2608695652173913
25310	19401	317	1285	0.2894736842105263
18565	27475	275	489	0.3181818181818182
23114	16274	591	223	0.3888888888888889
286	16821	1306	535	0.3409090909090909
24312	24229	625	1281	0.1926605504587156
21223	22289	853	1293	0.4230769230769231
21821	3345	486	545	0.3181818181818182
8262	26731	345	259	0.2589928057553957
13909	21812	165	691	0.23684210526315788
28095	433	294	487	0.3333333333333333
32749	32664	349	573	0.35714285714285715
31934	20421	541	1306	0.3333333333333333
14181	15210	853	164	0.26506024096385544
8971	31991	538	259	0.3333333333333333
26865	12562	454	1310	0.21176470588235294
4044	17226	496	932	0.24444444444444444
26939	2317	277	411	0.36666666666666664
1915	34049	514	774	0.2222222222222222
11661	16003	573	292	0.5
26234	24709	549	528	0.2535211267605634
9313	27793	1193	1248	0.7196029776674938
1138	12041	349	412	0.25
12042	9808	478	1087	0.2857142857142857
4067	29106	427	1529	0.30303030303030304
24544	22096	252	876	0.20224719101123595
1531	26241	492	1303	0.42857142857142855
6827	30009	775	538	0.5217391304347826
2433	28289	439	1346	0.2328042328042328
30292	1556	386	473	0.2032520325203252
4399	22332	694	742	0.5425101214574899
7065	11314	468	524	0.5
2534	3658	221	261	0.4166666666666667
13579	13682	292	521	0.5833333333333334
16570	20272	243	349	0.2857142857142857
2173	29956	253	652	0.1935483870967742
28601	31170	390	503	0.42105263157894735
10721	7504	257	485	0.3018867924528302
25060	11948	542	1394	0.2037037037037037
4842	12690	524	192	0.29411764705882354
15575	15152	1508	187	0.5714285714285714
4755	10325	494	854	0.5714285714285714
24767	9614	343	442	0.4444444444444444
7371	160	600	1316	0.391304347826087
22097	14701	897	521	0.6
1631	31482	539	524	0.22033898305084745
5573	10460	1247	235	0.21739130434782608
11359	27387	1540	581	0.21978021978021978
2760	3647	1277	396	0.20909090909090908
8252	9523	349	513	0.3170731707317073
33482	15281	940	506	0.21212121212121213
30362	29128	1318	521	0.24675324675324675
18332	11916	508	1230	0.47058823529411764
29755	3548	539	502	0.391304347826087
20680	18748	373	405	0.2558139534883721
21243	32177	464	551	0.2857142857142857
35091	29157	585	427	0.2553191489361702
10912	9521	502	364	0.3235294117647059
4072	26229	1149	1223	0.2468354430379747
12682	9877	300	1278	0.25
10405	33983	373	809	0.24719101123595505
1690	5187	485	668	0.28
10971	27616	375	536	0.42105263157894735
3474	19079	522	1314	0.2857142857142857
16953	27260	343	350	0.2549019607843137
27465	23964	518	1455	0.4090909090909091
32982	21236	132	544	0.3333333333333333
9001	17743	260	317	0.3076923076923077
32182	26761	509	429	0.38095238095238093
861	27325	238	320	0.21951219512195122
1274	27956	365	256	0.3178294573643411
17384	28833	277	222	0.35294117647058826
10199	16847	530	474	0.5515151515151515
22455	11592	486	882	0.3
23710	30214	326	238	0.2727272727272727
14255	29690	365	225	0.23529411764705882
30525	16423	922	648	0.3333333333333333
30754	32428	1312	489	0.4375
17096	923	199	820	0.3
28935	236	490	150	0.6308724832214765
17864	27300	797	542	0.25
20845	31362	1236	1428	0.3888888888888889
30677	30025	514	1324	0.24719101123595505
3464	28441	522	1241	0.20481927710843373
5663	9324	408	553	0.3170731707317073
33682	32776	1443	345	0.23076923076923078
29737	10037	1293	555	0.5
20074	10162	655	254	0.5454545454545454
26141	34239	522	121	0.25862068965517243
4017	8934	334	376	0.2857142857142857
33596	9609	888	1305	0.2597402597402597
26283	4666	334	499	0.34210526315789475
24750	16853	662	1295	0.47058823529411764
7833	28675	713	277	0.2786885245901639
1759	85	544	398	0.5
22387	12836	461	504	0.3333333333333333
32289	4884	516	524	0.20833333333333334
33813	27803	1024	260	0.22018348623853212
2180	21934	515	910	0.29523809523809524
25375	26071	345	728	0.2647058823529412
33771	693	341	505	0.3333333333333333
13190	4867	362	346	0.375
26307	24772	499	273	0.6153846153846154
20028	30929	488	503	0.4909819639278557
24096	4201	1481	514	0.2916666666666667
9459	30553	1334	257	0.2727272727272727
34320	12511	503	532	0.2894736842105263
8074	11416	339	268	0.23333333333333334
17203	8751	495	247	0.25
23656	15612	238	396	0.2826086956521739
24450	17698	256	452	0.46153846153846156
5452	26142	1310	522	0.17543859649122806
1180	5553	474	344	0.4
5609	17150	227	469	0.2903225806451613
1292	34229	497	673	0.22058823529411764
28835	181	401	411	0.3142857142857143
7766	30885	322	1297	0.2
76	33714	1273	229	0.23529411764705882
26239	31843	515	499	0.21765913757700206
6735	24052	431	715	0.4444444444444444
11177	2582	256	277	0.3181818181818182
31427	30627	317	285	0.24324324324324326
6780	3592	476	515	0.7091295116772823
30886	18692	571	251	0.29310344827586204
3815	18676	312	1283	0.20418848167539266
14816	14741	243	299	0.6363636363636364
27829	24444	499	260	0.25
29008	24858	807	495	0.4166666666666667
29688	9939	255	1272	0.34615384615384615
19246	27019	259	323	0.24603174603174602
5455	3519	550	349	0.28846153846153844
21464	4415	509	260	0.2222222222222222
6002	2292	519	564	0.5540540540540541
33	3358	708	482	0.6153846153846154
30735	3342	516	679	0.32
6955	32529	1543	319	0.23684210526315788
23731	1840	1541	255	0.25
11574	774	306	394	0.3333333333333333
24394	3150	332	317	0.375
9738	22807	618	333	0.22666666666666666
18943	31034	346	236	0.3684210526315789
10713	15049	533	262	0.35714285714285715
11509	2147	554	585	0.7975352112676056
5367	783	1539	538	0.26666666666666666
11281	30845	265	182	0.3103448275862069
23886	31022	1333	736	0.26865671641791045
17631	30193	165	499	0.6363636363636364
21873	15077	845	293	0.2222222222222222
27673	21056	500	291	0.3333333333333333
29576	20265	456	459	0.22566371681415928
16672	10944	165	551	0.2857142857142857
22711	9918	539	313	0.47368421052631576
25138	16902	724	1198	0.2647058823529412
10863	3680	534	508	0.2231404958677686
18434	5464	258	533	0.22950819672131148
26506	18626	709	425	0.47058823529411764
7405	22886	337	877	0.22580645161290322
13840	28888	325	527	0.2857142857142857
19118	2578	454	221	0.3333333333333333
24011	6089	507	520	0.23853211009174313
12298	15620	545	394	0.3404255319148936
30053	15058	261	219	0.4444444444444444
29107	27770	534	508	0.22018348623853212
25917	29313	400	524	0.26666666666666666
24859	34968	1475	190	0.28888888888888886
7550	24688	850	1439	0.3333333333333333
314	34746	779	242	0.36363636363636365
20986	22511	353	445	0.24390243902439024
32532	5793	449	840	0.3076923076923077
30002	19738	562	455	0.3333333333333333
3042	23800	1277	1323	0.2631578947368421
34141	19547	432	469	0.3333333333333333
25623	33830	720	776	0.2413793103448276
33366	5166	535	437	0.3076923076923077
18024	17882	1501	191	0.41935483870967744
2284	33784	490	621	0.2345679012345679
3821	13856	327	631	0.23529411764705882
22112	32985	1198	1023	0.4230769230769231
26264	11201	703	260	0.24096385542168675
18562	2957	377	323	0.2765957446808511
23297	29111	668	323	0.43478260869565216
16743	17401	539	539	0.7634011090573013
21672	1756	497	602	0.36585365853658536
28621	13703	666	1510	0.22167487684729065
11970	16936	868	1287	0.26785714285714285
24502	15957	256	218	0.23214285714285715
20797	9526	486	519	0.478
28925	7161	656	415	0.27450980392156865
6368	7638	496	490	0.20995670995670995
5932	3719	710	274	0.2830188679245283
33952	24375	777	367	0.32
4641	35011	522	794	0.4666666666666667
16402	26893	509	330	0.3055555555555556
27806	33533	535	770	0.29545454545454547
21070	14573	499	186	0.325
10875	5005	365	569	0.42857142857142855
15909	23394	484	288	0.3
27004	7719	593	449	0.23809523809523808
32773	13739	503	232	0.2903225806451613
3428	29750	693	249	0.3333333333333333
13012	18022	394	362	0.3888888888888889
34856	544	375	754	0.26153846153846155
2613	10236	356	585	0.3170731707317073
9686	27432	1520	842	0.2631578947368421
17347	10149	509	503	0.34757281553398056
22686	32462	277	528	0.2222222222222222
8798	567	272	529	0.3617021276595745
21951	21750	656	482	0.5454545454545454
19431	10745	448	1530	0.34782608695652173
33884	31737	178	735	0.42857142857142855
6683	9234	251	555	0.3333333333333333
4209	18475	515	404	0.37757437070938216
30833	16736	432	254	0.25
18352	29285	277	431	0.325
19991	25335	372	334	0.5887573964497042
322	19312	611	1520	0.20512820512820512
11436	16246	418	408	0.3333333333333333
29862	6795	547	264	0.3170731707317073
31573	16519	271	555	0.5
31092	11812	372	461	0.2631578947368421
5282	17186	351	910	0.2682926829268293
28166	5146	1273	1206	0.7427222659323367
30016	12003	1281	369	0.5384615384615384
32704	22016	335	1259	0.26
35083	3107	472	320	0.5
17788	22553	114	292	0.42857142857142855
9440	11857	1495	667	0.27941176470588236
27775	29229	398	312	0.4117647058823529
28040	32993	472	292	0.23076923076923078
33978	29818	786	1147	0.3225806451612903
34389	30213	236	701	0.3142857142857143
30843	21669	474	365	0.3076923076923077
19214	18270	687	516	0.23076923076923078
21586	33601	504	356	0.21428571428571427
16907	29616	1231	456	0.21212121212121213
19327	4539	499	559	0.34782608695652173
15440	18195	161	448	0.2391304347826087
279	7572	192	510	0.4444444444444444
8925	13961	464	192	0.35555555555555557
27259	213	346	890	0.2878787878787879
21515	28505	291	224	0.6
11927	29732	935	763	0.25
21815	4194	702	271	0.22413793103448276
13683	16460	1276	327	0.25
24699	16331	493	853	0.3157894736842105
33812	1783	1007	588	0.30434782608695654
7266	10039	468	716	0.27450980392156865
18271	34602	521	357	0.35294117647058826
18765	19307	1330	362	0.28888888888888886
31360	15886	261	502	0.4117647058823529
27651	22903	501	1499	0.2777777777777778
26681	7787	682	914	0.23728813559322035
4581	23602	365	1524	0.3225806451612903
26842	26349	524	261	0.3333333333333333
8919	8671	872	651	0.325
15728	4069	452	649	0.26666666666666666
30496	1849	537	524	0.43452380952380953
27452	21973	1447	330	0.28888888888888886
16536	33977	1333	936	0.3181818181818182
1982	20714	524	482	0.27358490566037735
15208	6693	451	538	0.5
24822	2301	501	365	0.4666666666666667
8606	8554	421	556	0.3157894736842105
29459	19628	293	364	0.29411764705882354
15812	16257	1308	362	0.2111111111111111
3464	13970	522	1333	0.25316455696202533
28835	11551	401	334	0.6363636363636364
32247	4417	469	255	0.25
27122	10613	346	789	0.29411764705882354
18629	19546	346	1223	0.3793103448275862
29921	23078	214	360	0.3191489361702128
27418	12324	497	356	0.3
4104	6890	566	427	0.44717444717444715
8523	5013	373	860	0.16129032258064516
13743	939	317	261	0.27906976744186046
32213	12190	128	526	0.3333333333333333
31999	3112	908	469	0.27906976744186046
25892	27275	409	1292	0.2647058823529412
5083	20902	570	522	0.2564102564102564
19582	22722	419	771	0.4696969696969697
33466	21713	357	331	0.2808988764044944
33659	26302	1021	1398	0.22330097087378642
24687	15181	474	448	0.25675675675675674
23176	28377	312	555	0.2857142857142857
21371	19428	357	493	0.2361111111111111
5236	34267	540	448	0.2857142857142857
1882	10829	331	256	0.2288135593220339
34226	11535	178	900	0.25806451612903225
22189	9142	545	415	0.2962962962962963
4982	11229	1273	487	0.30120481927710846
34295	24984	189	424	0.4
28363	2719	420	238	0.2
20715	17859	476	365	0.24822695035460993
25566	34470	454	503	0.3448275862068966
20326	11508	340	366	0.5714285714285714
32866	10244	476	377	0.5
34905	18779	935	424	0.2857142857142857
29426	2359	525	222	0.23529411764705882
2913	15895	356	299	0.28125
5193	14432	1510	477	0.2857142857142857
10981	30164	1384	930	0.35135135135135137
5974	10982	469	501	0.275
13736	10442	292	368	0.5555555555555556
1099	13630	499	293	0.3103448275862069
28350	25010	496	1510	0.28695652173913044
34272	28605	178	382	0.4
19200	8308	521	1326	0.3269230769230769
29000	31492	992	508	0.2676056338028169
25506	8924	229	413	0.3333333333333333
28015	22146	404	1200	0.2631578947368421
12199	30880	277	424	0.24050632911392406
9438	34680	507	890	0.3
30327	24819	411	419	0.5956416464891041
1904	15938	546	362	0.2413793103448276
9800	412	415	235	0.2692307692307692
33149	31661	825	501	0.4
29414	14843	544	525	0.23943661971830985
17605	28680	505	430	0.2826086956521739
5242	475	711	162	0.2903225806451613
26653	11927	1526	935	0.25675675675675674
14913	14540	220	301	0.3333333333333333
17429	22738	464	301	0.18867924528301888
24135	31479	655	348	0.2636363636363636
15906	22421	114	508	0.42857142857142855
27871	11369	345	516	0.2857142857142857
12640	8458	536	552	0.27419354838709675
29682	32748	617	399	0.3
2395	3665	907	605	0.25609756097560976
16691	21665	501	1210	0.2608695652173913
13956	22259	362	1300	0.5833333333333334
34782	23360	776	1547	0.32608695652173914
30789	14308	1325	510	0.21649484536082475
3990	8246	503	530	0.2242152466367713
30296	14458	471	633	0.2916666666666667
8294	11155	423	521	0.2647058823529412
22570	29370	736	260	0.2903225806451613
1484	20458	522	420	0.3076923076923077
10696	16683	332	292	0.2840909090909091
2736	9987	431	629	0.24615384615384617
21696	22425	501	223	0.38461538461538464
22134	19028	414	334	0.75
26905	34157	382	895	0.6
14610	29482	1508	515	0.3
30025	2534	1324	221	0.3055555555555556
19213	6832	512	497	0.222007722007722
6815	27234	402	558	0.4782608695652174
31239	4531	338	516	0.34782608695652173
23572	27612	547	659	0.32142857142857145
18709	26196	682	583	0.29069767441860467
30161	15259	635	504	0.3333333333333333
34579	25622	522	585	0.26506024096385544
22496	24911	293	345	0.3
665	19465	1323	1207	0.6896284829721362
18254	33744	514	486	0.2033898305084746
17337	28261	332	1530	0.3181818181818182
32732	14959	353	484	0.6923076923076923
13580	12282	220	377	0.34615384615384615
11686	4623	410	510	0.34782608695652173
10684	18574	1078	558	0.2336448598130841
21646	23085	477	484	0.5086206896551724
35039	30490	212	480	0.24
28685	1901	465	269	0.6666666666666666
692	27737	448	707	0.3076923076923077
10595	15673	552	1343	0.16666666666666666
17155	20498	1326	557	0.2916666666666667
18287	10463	516	544	0.21428571428571427
27639	17995	536	165	0.5
2082	31994	188	300	0.2916666666666667
27038	1574	485	502	0.19957983193277312
21170	13521	503	394	0.5384615384615384
3876	5579	269	1255	0.30952380952380953
8439	3093	344	548	0.17054263565891473
14771	16052	232	165	0.625
33531	1896	1443	528	0.2222222222222222
7689	15815	320	299	0.77
33066	32689	147	348	0.2608695652173913
5971	24636	570	356	0.3076923076923077
9422	14669	1262	787	0.4
16236	23321	642	275	0.3170731707317073
27806	3495	535	711	0.2711864406779661
21002	4960	1250	251	0.29411764705882354
2502	1108	857	884	0.2571428571428571
7665	23984	543	1297	0.34615384615384615
14316	13546	226	521	0.375
29952	18363	894	259	0.234375
12958	21369	1284	259	0.3333333333333333
26456	30040	496	521	0.2727272727272727
1387	8473	222	1292	0.25
29481	32178	513	438	0.24528301886792453
10859	33521	1231	781	0.48
30199	4645	546	540	0.29411764705882354
20890	24967	345	364	0.21739130434782608
23974	28278	1264	349	0.2962962962962963
24123	30322	443	497	0.2708333333333333
19386	23163	747	385	0.47058823529411764
32416	22323	470	556	0.5238095238095238
22495	24304	527	1281	0.3333333333333333
24107	1665	318	341	0.41935483870967744
22452	21247	516	1520	0.4444444444444444
15728	25344	452	550	0.4444444444444444
8782	5438	665	437	0.2916666666666667
29039	7519	375	1260	0.25
19684	33681	1151	102	0.375
23891	18758	1296	360	0.23880597014925373
4869	14696	676	332	0.26785714285714285
22608	10515	656	490	0.375
20509	8584	553	496	0.2391304347826087
24049	9398	1472	521	0.30303030303030304
4043	29696	524	1495	0.2619047619047619
34707	32808	353	346	0.3125
10749	4869	503	676	0.23076923076923078
25844	20534	555	1318	0.20833333333333334
6309	4397	292	855	0.25675675675675674
12122	6064	918	536	0.3076923076923077
19619	24527	553	322	0.2571428571428571
32206	19359	461	338	0.36666666666666664
19388	20949	489	457	0.5952941176470589
9760	3934	416	1064	0.2619047619047619
13402	2645	1306	433	0.34782608695652173
8880	31036	484	558	0.24074074074074073
25278	17175	561	296	0.28125
30358	13269	308	482	0.35714285714285715
1685	33612	512	1446	0.21764705882352942
9273	19672	510	728	0.22580645161290322
3714	12356	511	261	0.2553191489361702
23748	15857	491	448	0.35135135135135137
11292	6000	259	735	0.7272727272727273
11044	18645	486	460	0.2403846153846154
18725	629	273	1343	0.38461538461538464
11329	13125	484	524	0.2545454545454545
28606	15306	260	1330	0.24528301886792453
18976	1445	1327	381	0.29508196721311475
16417	5914	505	300	0.36363636363636365
11536	5803	826	585	0.2807017543859649
2541	23704	552	1321	0.3469387755102041
10798	23172	255	263	0.2330508474576271
31339	20773	613	425	0.47058823529411764
4006	1763	272	503	0.34285714285714286
18501	31355	756	514	0.23170731707317074
16572	5802	394	260	0.3235294117647059
8932	15510	692	291	0.2553191489361702
10083	21293	543	301	0.20967741935483872
19823	26649	580	276	0.3448275862068966
534	5658	535	970	0.3125
5699	7461	1515	261	0.2982456140350877
13365	19831	548	471	0.40625
15284	17169	164	503	0.42857142857142855
32921	24044	288	402	1.0
30997	4499	312	356	0.2191780821917808
13246	14046	301	448	0.22413793103448276
28338	11527	1321	877	0.234375
30256	28017	1666	1345	0.29924242424242425
27263	5713	334	458	0.3333333333333333
12166	32346	546	406	0.2545454545454545
15677	19028	362	334	0.5
8416	7600	511	522	0.21777777777777776
7634	9878	516	558	0.22340425531914893
1698	10841	524	414	0.4
5656	13357	699	528	0.22727272727272727
32931	5477	365	679	0.2972972972972973
14666	2584	519	512	0.25301204819277107
6046	19005	345	667	0.5333333333333333
20009	2252	1457	445	0.27692307692307694
10666	34448	508	1091	0.2857142857142857
3325	34622	709	269	0.2236842105263158
4602	24893	498	502	0.2631578947368421
27011	19793	520	418	0.25
23623	10340	312	384	0.2
12337	7668	500	518	0.38235294117647056
7057	2365	784	356	0.30952380952380953
33628	10097	103	1267	0.2625
4594	14218	349	265	0.38461538461538464
12595	21032	192	1316	0.375
25726	13559	259	191	1.0
6166	28984	549	775	0.23469387755102042
9935	15302	384	521	0.2826086956521739
28248	26128	555	547	0.34285714285714286
32050	3528	540	319	0.25
19686	4535	1288	406	0.47058823529411764
31736	5575	284	308	0.5454545454545454
743	14264	528	160	0.24285714285714285
6045	7546	329	1577	0.24561403508771928
33172	31400	596	1325	0.23008849557522124
19042	2343	1325	877	0.28846153846153844
21040	1977	481	524	0.22807017543859648
7340	15674	937	245	0.3333333333333333
13496	10412	221	465	0.38095238095238093
1502	16319	191	629	0.4
17854	17268	1408	1100	0.25
24109	28171	574	263	0.3902439024390244
1822	32315	345	323	0.23841059602649006
5020	16783	1301	390	0.25
34028	31113	1438	438	0.2972972972972973
25614	22606	1364	1278	0.22296730930427494
3803	32501	503	510	0.28125
29739	22724	346	512	0.23076923076923078
10059	23468	452	375	0.2727272727272727
30096	9963	1546	481	0.3333333333333333
24728	13694	437	293	0.3333333333333333
7711	25845	377	536	0.4
1710	12834	260	264	0.2619047619047619
32601	33018	544	400	0.2978723404255319
5035	6083	261	475	0.2962962962962963
3595	20673	515	409	0.2857142857142857
28802	2030	516	261	0.32
12318	24845	259	468	0.2833333333333333
13485	3960	243	1297	0.34
27821	26144	369	515	0.45
30255	1488	894	522	0.2540983606557377
895	22634	531	309	0.4074074074074074
18411	26384	515	670	0.47368421052631576
26011	26031	277	492	0.30434782608695654
16093	8973	502	1266	0.25316455696202533
16241	14299	337	1420	0.3103448275862069
30226	3884	1300	1544	0.3821399839098954
1918	32319	498	509	0.24013157894736842
7084	20858	410	576	0.2553191489361702
34269	583	1438	338	0.19540229885057472
1731	32471	477	574	0.2565217391304348
4305	17979	524	226	0.30303030303030304
3182	27581	494	485	0.23870967741935484
12969	16360	447	365	0.4444444444444444
11967	14169	413	452	0.4074074074074074
19545	14122	1254	390	0.25
2006	26622	422	526	0.3953488372093023
22127	35030	522	568	0.29508196721311475
32172	19212	255	512	0.2653061224489796
18698	34480	1210	280	0.36363636363636365
12628	11213	286	356	0.23214285714285715
15951	30678	505	1278	0.3037974683544304
21958	341	886	374	0.22972972972972974
32301	12222	508	271	0.25
9315	34380	1254	855	0.2753623188405797
21300	9265	501	449	0.2631578947368421
24499	22129	505	1282	0.20588235294117646
17979	23335	226	1510	0.35714285714285715
20733	7377	242	1137	0.2967032967032967
13865	7492	220	350	0.4090909090909091
27579	1568	502	495	0.24
14075	20369	521	529	0.275
34038	10819	287	417	0.375
15414	28073	504	527	0.3142857142857143
32480	13512	259	165	0.34146341463414637
32049	12809	516	292	0.34285714285714286
25977	12616	287	232	0.2857142857142857
9526	15762	519	505	0.4444444444444444
34857	1113	364	255	0.29545454545454547
2132	16914	484	584	0.4583333333333333
15426	26948	159	710	0.35185185185185186
16733	28768	319	291	0.47619047619047616
23861	34005	1170	282	0.2604166666666667
20394	27085	349	256	0.4
27596	17922	444	448	0.5
33899	28228	826	456	0.29411764705882354
31431	17416	434	483	0.29411764705882354
6439	25748	913	344	0.22641509433962265
15131	32184	484	255	0.75
5789	8537	508	522	0.25862068965517243
2529	26235	157	238	0.17391304347826086
14941	6923	232	906	0.46153846153846156
29974	21818	514	372	0.38095238095238093
22623	11053	545	259	0.25
28984	31508	775	529	0.19736842105263158
26190	2445	522	718	0.3055555555555556
7984	17049	1537	466	0.2692307692307692
23484	33645	1043	483	0.24489795918367346
19785	319	402	531	0.32558139534883723
33611	6778	244	452	0.2903225806451613
7268	17652	467	479	0.2857142857142857
16584	5208	635	741	0.25833333333333336
24239	28797	394	410	0.6
11682	7388	1362	358	0.30303030303030304
20421	14036	1306	1320	0.24356913183279744
24854	4485	496	316	0.2876712328767123
4763	27136	514	486	0.24299065420560748
24982	7750	238	542	0.25
6683	20114	251	496	0.38235294117647056
25343	2034	1325	317	0.3
12992	24579	220	655	0.25
4989	5854	824	558	0.2830188679245283
33842	10904	289	320	0.2857142857142857
26192	1450	491	332	0.3068181818181818
21813	22393	415	754	0.3181818181818182
22268	17669	465	804	0.3181818181818182
24843	22979	480	1277	0.4
16921	11498	424	1320	0.24242424242424243
26098	32818	347	1348	0.2608695652173913
16174	24888	232	566	0.2159090909090909
33197	16743	595	539	0.2786885245901639
15169	32756	372	265	0.3333333333333333
29627	5865	456	569	0.3181818181818182
17492	1789	803	541	0.21875
13002	19009	164	466	0.625
17871	20628	448	1530	0.34615384615384615
18403	22148	800	482	0.27906976744186046
23211	26887	509	888	0.3111111111111111
27786	1878	260	293	0.23783783783783785
581	15130	311	235	0.2597402597402597
455	5651	441	579	0.4
6076	27109	348	523	0.39285714285714285
9022	9973	448	1272	0.2903225806451613
32541	9819	574	1321	0.375
14453	34253	534	777	0.36363636363636365
24668	30905	477	1333	0.29411764705882354
17501	8238	1319	523	0.24193548387096775
6487	29164	1320	388	0.26666666666666666
13609	25596	411	417	0.4444444444444444
34758	15188	800	436	0.35714285714285715
35066	24094	711	874	0.358974358974359
3627	21288	533	1504	0.25
29555	1407	528	410	0.2698412698412698
12692	16950	372	1158	0.23333333333333334
1925	5572	760	591	0.32558139534883723
26633	23639	499	1440	0.3090909090909091
2172	7438	1057	549	0.28846153846153844
4563	12384	1344	522	0.3269230769230769
26991	17014	255	255	0.7351778656126482
1262	15764	544	519	0.34375
18028	34582	165	354	0.5454545454545454
16507	17826	451	1286	0.3157894736842105
12374	31054	516	416	0.27450980392156865
30369	2223	521	509	0.2506265664160401
1022	27523	261	1349	0.2077922077922078
11319	31916	294	399	0.35135135135135137
21674	21979	305	1269	0.23529411764705882
8133	19980	498	512	0.3142857142857143
11877	23291	269	1680	0.23809523809523808
16717	18683	563	332	0.5454545454545454
25375	28032	345	446	0.391304347826087
21581	19246	502	259	0.3333333333333333
9056	5540	509	380	0.4166666666666667
31193	23181	1164	253	0.37037037037037035
28516	8547	535	492	0.24887892376681614
31106	22465	248	297	0.4
11046	32800	475	503	0.34
508	785	519	533	0.3404255319148936
7356	27191	289	334	0.23228346456692914
4380	29283	363	504	0.35294117647058826
13414	17753	164	536	0.2463768115942029
20056	30209	509	502	0.28297872340425534
18649	20901	519	539	0.4640776699029126
12066	15350	761	505	0.38235294117647056
20515	7703	440	848	0.2564102564102564
26823	13949	525	505	0.27380952380952384
14939	10636	1070	262	0.2191780821917808
27693	18251	491	238	0.24
33710	31877	486	805	0.42857142857142855
5970	3026	382	298	0.3111111111111111
3474	5930	522	349	0.2727272727272727
29160	836	421	257	0.46153846153846156
30482	6779	524	259	0.32432432432432434
8221	18603	1247	492	0.3448275862068966
22140	29391	624	521	0.2857142857142857
26544	4908	343	501	0.375
15689	2683	332	599	0.25806451612903225
17732	19774	191	524	0.38095238095238093
18470	5889	589	537	0.5384615384615384
18901	11385	356	291	0.2571428571428571
16070	20537	165	1309	0.23684210526315788
22977	9814	1320	1289	0.23886986301369864
13237	13976	795	506	0.3793103448275862
31679	11074	323	336	0.36666666666666664
35053	30924	179	390	0.2711864406779661
23540	26567	263	504	0.25
32239	8171	683	579	0.25225225225225223
13639	3163	1277	516	0.3333333333333333
9078	27168	500	1181	0.3076923076923077
21345	24796	264	536	0.4166666666666667
17951	29907	244	588	0.35
30956	6282	500	380	0.26666666666666666
5425	22390	372	655	0.25
33924	8512	863	1221	0.27906976744186046
4243	34385	277	575	0.45454545454545453
30719	2458	485	550	0.2916666666666667
34192	18192	267	190	0.45454545454545453
4783	132	393	394	0.35714285714285715
31958	7918	277	522	0.32142857142857145
7601	27297	522	693	0.25
7815	4985	434	1210	0.30303030303030304
19706	26301	856	1273	0.44
16894	16684	434	293	0.23214285714285715
25023	5355	262	702	0.3225806451612903
6754	33085	515	354	0.21052631578947367
15801	3955	292	349	0.2702702702702703
29981	23805	1540	1247	0.3516566265060241
19885	11302	1440	404	0.2903225806451613
19790	32078	413	535	0.5454545454545454
13951	33828	192	594	0.45454545454545453
22051	12106	1473	487	0.25
15805	32574	446	443	0.6532438478747203
31644	19162	732	559	0.2361111111111111
32478	30047	296	320	0.23809523809523808
310	3703	223	277	0.2517985611510791
30720	7929	577	867	0.3
9635	22323	609	556	0.25555555555555554
15876	11310	190	471	0.3076923076923077
21910	6213	509	526	0.2558139534883721
10277	5671	1603	1253	0.25492772667542707
2018	10710	515	346	0.3333333333333333
10878	26619	413	191	0.5882352941176471
31658	3958	624	765	0.225
26810	26598	520	466	0.4
26996	1279	498	750	0.2777777777777778
9725	28205	570	1106	0.32142857142857145
23631	13321	1212	446	0.38095238095238093
14090	23658	192	341	0.7142857142857143
30105	4140	925	277	0.2631578947368421
26861	20148	419	1049	0.22388059701492538
26378	34708	1340	927	0.2753623188405797
8755	7105	1527	680	0.22
76	909	1273	273	0.3
12380	30958	546	527	0.2647058823529412
630	1387	524	222	0.3
29295	3056	655	459	0.28888888888888886
16119	31943	190	377	0.23529411764705882
34090	3982	366	238	0.21875
34585	33562	855	597	0.26785714285714285
27322	28484	500	396	0.25
14732	10762	463	638	0.29411764705882354
2397	32683	1321	471	0.6153846153846154
2301	33741	365	790	0.3333333333333333
15373	17888	299	1333	0.25
33069	17781	482	795	0.3333333333333333
10128	28520	213	548	0.2857142857142857
32224	19953	340	475	0.24444444444444444
28852	26828	485	562	0.21174004192872117
11534	26859	1262	883	0.28888888888888886
22781	3884	507	1544	0.21951219512195122
31114	18769	567	1256	0.2711864406779661
17630	22302	484	356	0.3125
25884	20752	318	1247	0.4166666666666667
28943	8731	475	503	0.19111969111969113
27988	30860	345	734	0.19327731092436976
25897	23622	771	515	0.34146341463414637
18099	5885	521	1258	0.3125
33412	10496	353	470	0.23404255319148937
32908	6747	100	476	0.27586206896551724
29278	17789	529	308	0.3
32663	31236	470	255	0.35555555555555557
22939	228	417	334	0.28205128205128205
2644	12702	326	455	0.4
20141	21878	535	455	0.391304347826087
8675	9775	1300	503	0.21105527638190955
3998	12183	473	277	0.2857142857142857
28669	11767	516	615	0.21839080459770116
26031	14795	492	232	0.23170731707317074
3823	14202	277	165	0.2558139534883721
8192	25489	287	227	0.38461538461538464
16756	22630	422	483	0.2534562211981567
11261	24328	654	532	0.3
29052	14593	545	537	0.2714285714285714
15828	662	1272	547	0.32075471698113206
2163	30241	1134	268	0.2807017543859649
16902	2570	1198	502	0.23232323232323232
24975	14883	509	293	0.36
21955	5671	656	1253	0.29906542056074764
28356	33747	801	595	0.2708333333333333
22467	9610	1538	1318	0.24338624338624337
9731	17810	862	192	0.3103448275862069
30473	26195	619	521	0.2916666666666667
31367	24123	334	443	0.42857142857142855
8006	8201	255	1264	0.26153846153846155
22452	13114	516	223	0.27225130890052357
31600	1620	373	414	0.23529411764705882
4053	23472	421	541	0.2608695652173913
13758	26177	192	407	0.22448979591836735
26751	13688	533	134	0.5555555555555556
12722	8913	1305	221	0.30303030303030304
32280	28473	1501	1252	0.2427797833935018
15109	14227	452	449	0.6997792494481236
16899	8488	1289	414	0.34375
9794	34916	500	926	0.3404255319148936
23262	26230	1285	472	0.27586206896551724
10442	34054	368	484	0.22950819672131148
15130	30497	235	253	0.3076923076923077
9162	14359	876	448	0.375
32590	11581	248	259	0.2980392156862745
12205	22086	167	491	0.22857142857142856
13624	6685	521	481	0.24
2316	15274	365	1279	0.36666666666666664
15035	30902	804	261	0.2727272727272727
3486	452	513	519	0.3333333333333333
20459	9343	1328	485	0.3333333333333333
13606	16448	332	479	0.4
2230	13396	352	1322	0.2608695652173913
29214	730	142	543	0.4
17504	12944	853	1320	0.4
12523	15284	292	164	0.4444444444444444
12887	8112	165	507	0.28169014084507044
33727	13798	359	448	0.25
34955	18411	913	515	0.23255813953488372
24060	26124	576	1325	0.28
5406	8380	419	623	0.24242424242424243
23596	31907	1529	270	0.42857142857142855
828	17654	373	454	0.23636363636363636
30457	14360	234	505	0.28
28828	6620	1320	410	0.391304347826087
34325	24358	895	489	0.25925925925925924
7449	31294	530	331	0.26229508196721313
27588	25273	221	309	0.3055555555555556
1085	25307	252	1326	0.2608695652173913
19385	24217	695	536	0.21153846153846154
23366	20130	261	313	0.2903225806451613
19821	9442	291	258	0.2436548223350254
6282	24094	380	874	0.35294117647058826
32077	14578	498	523	0.2926829268292683
30380	10311	509	553	0.21138211382113822
28513	18963	498	1522	0.2608695652173913
1973	21181	523	382	0.2222222222222222
13517	9533	1333	338	0.2535211267605634
29511	12990	260	1276	0.24786324786324787
28093	34235	546	776	0.20833333333333334
34689	23767	364	323	0.2777777777777778
13381	17240	165	824	0.30434782608695654
8702	34483	311	561	0.375
13984	2491	292	498	0.2978723404255319
14480	29937	161	440	0.47058823529411764
30719	33939	485	805	0.34177215189873417
14266	13842	451	797	0.375
5262	24398	862	316	0.35
1497	15599	999	365	0.24615384615384617
10812	6199	294	1771	0.25
33410	24519	597	292	0.32142857142857145
27564	22639	530	1175	0.36666666666666664
23776	5288	329	413	0.4444444444444444
1956	8373	531	505	0.4
21733	765	325	578	0.22727272727272727
25960	28567	222	1227	0.2972972972972973
28468	34341	1294	560	0.2823529411764706
26528	2413	761	514	0.25
26428	29998	349	1072	0.42857142857142855
14624	19507	222	1328	0.30303030303030304
32388	27364	715	523	0.2682926829268293
30869	6135	330	404	0.2978723404255319
19519	34858	845	419	0.4166666666666667
28086	16162	469	192	0.3
9327	23486	517	1245	0.5
5834	63	397	659	0.36585365853658536
15146	34585	392	855	0.3150684931506849
21951	12137	656	276	0.32
20343	9609	659	1305	0.27312775330396477
30782	24977	877	317	0.43333333333333335
11068	10007	516	416	0.2537313432835821
6760	21315	515	572	0.3333333333333333
23099	26243	302	1307	0.20512820512820512
15860	28951	164	508	0.6
19330	13493	271	505	0.39285714285714285
27173	14932	492	394	0.2127659574468085
16853	22073	1295	412	0.27906976744186046
18941	473	1132	1283	0.23989681857265693
13176	22797	1324	467	0.21666666666666667
20996	18743	894	266	0.22033898305084745
27181	23743	1319	541	0.35294117647058826
28539	24117	691	1642	0.35294117647058826
13001	4881	631	413	0.36585365853658536
30797	3814	411	277	0.35714285714285715
33655	32151	236	417	0.25
14234	2052	448	344	0.5333333333333333
3511	9805	470	477	0.5384615384615384
5966	1028	337	261	0.35714285714285715
9599	30653	261	1527	0.34285714285714286
13370	24914	505	569	0.3
24644	14512	503	1509	0.36363636363636365
10993	22998	667	1217	0.18823529411764706
25593	30225	1344	261	0.3333333333333333
13427	12182	192	241	0.3225806451612903
11141	13402	546	1306	0.27586206896551724
18683	33095	332	781	0.3783783783783784
29623	17557	456	947	0.35
14013	4280	505	475	0.32
27923	25653	267	556	0.29
333	6293	220	1529	0.2972972972972973
8116	2187	544	1376	0.2982456140350877
680	19815	254	487	0.46153846153846156
34039	28232	533	222	0.3888888888888889
25973	1501	579	276	0.23376623376623376
28990	13623	525	1510	0.2826086956521739
10109	27089	295	254	0.29957805907172996
20286	19936	260	276	0.3057324840764331
29312	12956	515	265	0.24489795918367346
30738	33691	222	773	0.2608695652173913
23422	23793	516	267	0.27586206896551724
18310	5987	542	417	0.27941176470588236
31741	28229	398	260	0.3142857142857143
3819	1521	403	255	0.35
12964	32482	231	690	0.2909090909090909
6339	27186	286	716	0.2987012987012987
19178	23969	261	1290	0.3877551020408163
7041	948	1514	312	0.2702702702702703
18714	22942	1246	417	0.4
32167	16182	370	165	0.5238095238095238
17819	27424	484	625	0.24731182795698925
28529	19670	498	510	0.23856858846918488
16707	32358	285	279	0.19607843137254902
13985	15322	435	284	0.38461538461538464
28867	3732	356	217	0.3333333333333333
21337	8570	894	485	0.25842696629213485
32844	1965	512	293	0.25555555555555554
21741	25492	1549	497	0.4782608695652174
28622	22594	568	470	0.2857142857142857
5759	12542	1291	1320	0.7310664605873262
28999	19853	1033	347	0.23170731707317074
29449	29002	465	516	0.2320675105485232
5935	34646	506	1073	0.24358974358974358
32929	15492	771	299	0.25301204819277107
29167	17920	665	190	0.37037037037037035
16089	17303	484	312	0.2962962962962963
23249	2844	1321	504	0.2916666666666667
26429	33299	277	770	0.28
20900	14045	621	191	0.5
32988	2659	778	261	0.25
25891	10337	355	1351	0.4090909090909091
21192	3785	488	272	0.21666666666666667
9817	15711	344	192	0.21739130434782608
2954	33521	323	781	0.42857142857142855
25554	18377	277	1474	0.22641509433962265
25774	10839	545	541	0.7963302752293578
17381	14568	580	523	0.26666666666666666
19540	15217	1257	318	0.391304347826087
23483	16458	668	556	0.6153846153846154
34628	26587	294	371	0.4117647058823529
21625	11587	523	484	0.23595505617977527
7346	12233	616	619	0.2708333333333333
6692	23309	418	556	0.5
25485	2109	450	361	0.2318840579710145
15409	33056	524	375	0.288135593220339
29613	4161	456	1384	0.2857142857142857
334	34151	918	807	0.3684210526315789
2949	13734	469	192	0.24193548387096775
21634	20338	1547	428	0.4
27499	19053	1248	497	0.3076923076923077
25019	27994	512	399	0.2894736842105263
45	19638	512	1337	0.3333333333333333
3840	13889	599	140	0.39473684210526316
31256	26369	1255	919	0.25925925925925924
17010	28920	709	804	0.3111111111111111
18101	30117	218	356	0.2978723404255319
28200	8029	255	396	0.35294117647058826
5368	27920	1519	548	0.42857142857142855
5312	12206	1315	277	0.22727272727272727
11627	7588	540	417	0.30434782608695654
22153	2901	498	1294	0.24770642201834864
15580	26546	521	356	0.36
20513	23012	644	417	0.2537313432835821
26789	32945	567	486	0.265625
4596	2910	300	546	0.34615384615384615
2779	19837	238	362	0.42857142857142855
8036	20568	577	1255	0.2261904761904762
34153	14523	339	164	0.2647058823529412
14080	14200	556	301	0.2903225806451613
24432	8586	220	509	0.27586206896551724
27261	26286	350	292	0.36585365853658536
83	6580	412	460	0.45662100456621
14642	33791	192	782	0.3888888888888889
20564	20686	405	256	0.37037037037037035
21	1698	256	524	0.5555555555555556
10967	22199	1544	918	0.2765957446808511
31583	12649	264	632	0.22448979591836735
33990	757	374	537	0.36585365853658536
6942	2042	612	1097	0.2413793103448276
4494	12082	345	536	0.3157894736842105
19287	23187	1481	1638	0.8109875735775016
30519	6204	521	269	0.3137254901960784
6071	24561	1321	666	0.29901960784313725
3591	25216	515	418	0.3333333333333333
5938	19346	552	856	0.23333333333333334
7597	12431	522	1316	0.5625
26291	24489	886	885	0.38264058679706603
2371	23346	237	1638	0.24193548387096775
22022	7917	1281	522	0.28169014084507044
6218	14589	303	452	0.36585365853658536
26986	34881	936	353	0.3225806451612903
28706	5340	278	446	0.5454545454545454
32877	28383	323	537	0.4666666666666667
32273	5033	416	650	0.6
31655	510	295	521	0.3076923076923077
751	20394	527	349	0.20754716981132076
9673	13369	487	394	0.2478134110787172
10678	23962	292	1204	0.38461538461538464
1131	32138	515	389	0.2857142857142857
6646	27693	917	491	0.35714285714285715
5487	10072	357	487	0.3333333333333333
14418	13601	555	851	0.23943661971830985
9207	4864	498	441	0.23076923076923078
12760	18313	505	1325	0.2857142857142857
23135	10695	487	1330	0.39285714285714285
8832	2758	497	323	0.26785714285714285
17379	2709	254	1338	0.3384615384615385
3418	13972	544	520	0.5872093023255814
31326	4786	353	1246	0.4166666666666667
30879	32507	332	542	0.25925925925925924
23803	34219	1307	434	0.24390243902439024
22856	25254	643	529	0.24793388429752067
10125	29423	298	195	0.3141025641025641
16704	452	306	519	0.25
25471	26176	451	511	0.5
6961	4475	1530	584	0.3409090909090909
11882	27165	1541	685	0.26804123711340205
8605	2151	1486	810	0.5
15043	3902	292	475	0.22857142857142856
25449	24287	856	1509	0.24489795918367346
4812	28136	611	264	0.35714285714285715
20840	32137	579	408	0.3333333333333333
6114	11011	1325	259	0.47058823529411764
7219	7725	1338	256	0.2926829268292683
28286	3150	512	317	0.3333333333333333
4159	5365	1524	1404	0.5162548764629389
7958	8635	226	413	0.6
15074	14526	556	186	0.3333333333333333
12823	3885	484	889	0.34782608695652173
11934	21269	466	487	0.17755102040816326
23407	33290	660	98	0.3333333333333333
32461	8890	528	487	0.24199288256227758
3903	28127	1524	395	0.30303030303030304
9872	14494	693	792	0.2403846153846154
7538	18644	221	1276	0.23943661971830985
22337	28211	750	346	0.2535211267605634
33088	6911	178	337	0.375
1321	25356	503	442	0.24061810154525387
7060	26513	541	552	0.583793738489871
3172	18887	260	401	0.5
23547	2021	1276	515	0.3448275862068966
22529	10700	479	369	0.5833333333333334
5836	4266	327	369	0.5714285714285714
9239	3208	603	335	0.2692307692307692
14231	27668	1509	396	0.4090909090909091
385	34004	220	267	0.26865671641791045
8024	26538	549	506	0.2571428571428571
17962	6764	1281	498	0.22429906542056074
873	16591	501	365	0.5
16718	26677	1457	494	0.3142857142857143
2785	4939	493	838	0.1925925925925926
32739	6698	515	345	0.34615384615384615
16820	2499	271	334	0.32608695652173914
15472	17902	1307	853	0.4358974358974359
27843	21343	339	259	0.3235294117647059
17276	18382	252	261	0.5577689243027888
23094	1955	226	475	0.20588235294117646
26472	757	345	537	0.3333333333333333
21785	32866	1277	476	0.24324324324324326
2276	27129	535	423	0.45
8631	29932	514	531	0.6450980392156863
17188	22313	868	506	0.2682926829268293
26107	28324	1529	528	0.26666666666666666
14446	22831	163	1500	0.3333333333333333
2662	31923	529	551	0.46153846153846156
16901	9283	504	504	0.2581888246628131
17968	5123	1328	1307	0.6877380045696877
19991	9376	372	411	0.3181818181818182
1053	19028	330	334	0.45
23533	29773	1360	483	0.5333333333333333
29036	28251	1063	558	0.26605504587155965
11740	20722	867	453	0.3888888888888889
12486	34973	1281	559	0.29333333333333333
18851	29762	359	530	0.22727272727272727
26623	25594	700	858	0.3783783783783784
5608	22635	1322	503	0.22448979591836735
12795	2942	292	1280	0.275
6273	25607	312	435	0.20353982300884957
18723	32464	254	751	0.35294117647058826
9108	34369	555	776	0.25
26270	8091	555	495	0.2765957446808511
30763	19234	1325	616	0.2878787878787879
24597	33996	474	482	0.25396825396825395
20982	938	503	261	0.24
8831	25389	611	334	0.5
8485	29228	413	516	0.27419354838709675
25433	5557	1419	507	0.23015873015873015
7927	25574	340	297	0.23076923076923078
25358	8985	476	531	0.22727272727272727
26150	28533	523	498	0.3881856540084388
516	12428	292	502	0.391304347826087
20214	34215	332	361	0.3
8354	17699	356	332	0.26666666666666666
26215	27070	501	497	0.20145631067961164
31661	3012	501	615	0.34210526315789475
8187	25941	862	500	0.40625
24220	24803	530	478	0.23076923076923078
10315	32613	863	277	0.24489795918367346
32182	19356	509	307	0.36666666666666664
2936	10363	290	366	0.2967032967032967
4122	23850	718	378	0.27485380116959063
32587	8659	555	1279	0.23404255319148937
13518	5684	505	501	0.2631578947368421
9667	21121	423	261	0.22535211267605634
9696	17925	945	218	0.75
11751	13308	490	362	0.3684210526315789
22295	9920	1304	274	0.18691588785046728
22385	25577	516	1079	0.29310344827586204
2218	45	263	512	0.6
34144	21038	764	465	0.3
34241	20244	516	307	0.45454545454545453
25590	4097	1347	533	0.3877551020408163
29662	11780	280	869	0.39285714285714285
7077	23721	593	544	0.25842696629213485
3707	22248	894	1343	0.2
9843	540	1237	338	0.26785714285714285
23591	14920	1644	535	0.38095238095238093
21656	13055	251	453	0.6666666666666666
5744	12348	446	748	0.5
7800	33753	1214	178	0.4583333333333333
17838	24344	514	252	0.3333333333333333
27112	1091	343	1351	0.35
21586	15069	504	299	0.3
18884	9791	1342	531	0.2545454545454545
15872	9792	453	446	0.4856512141280353
8314	8098	336	507	0.2926829268292683
434	5583	1317	704	0.3333333333333333
9626	17751	292	556	0.6666666666666666
16917	14825	329	328	0.2727272727272727
7143	18164	134	292	0.3142857142857143
4922	18418	482	1569	0.42857142857142855
2029	31816	264	1383	0.2777777777777778
33554	14578	895	523	0.2894736842105263
17382	12899	494	403	0.5
30512	31569	396	753	0.2702702702702703
9904	19905	355	373	0.24489795918367346
2957	9737	323	662	0.2909090909090909
6335	7520	1285	1253	0.3448275862068966
27989	34793	638	309	0.3333333333333333
9651	14947	547	394	0.3125
6077	14222	317	448	0.28
32249	33885	542	352	0.36363636363636365
5295	32915	1312	743	0.2777777777777778
7146	1015	301	546	0.18181818181818182
2794	25091	466	908	0.28169014084507044
9869	20364	1248	523	0.375
10657	26764	410	486	0.2222222222222222
22531	30353	1323	324	0.24271844660194175
34034	28522	747	336	0.23577235772357724
14224	21790	452	475	0.2191780821917808
23699	33025	519	267	0.2391304347826087
31029	29599	259	456	0.35294117647058826
18496	22729	1282	508	0.391304347826087
8355	27329	1391	575	0.2765957446808511
13972	19694	520	1294	0.4117647058823529
32916	34254	375	141	0.2972972972972973
34942	9417	270	1303	0.3333333333333333
12807	32374	362	444	0.31666666666666665
9771	20615	427	361	0.4117647058823529
20369	19361	529	697	0.3125
12168	8405	272	554	0.2413793103448276
21097	13277	876	218	0.2857142857142857
21426	7651	434	488	0.18876404494382024
4430	30535	545	355	0.3103448275862069
34497	12226	936	520	0.45454545454545453
1654	21700	409	353	0.17073170731707318
3018	16353	927	404	0.4444444444444444
16499	22046	223	721	0.5
23954	15099	1266	1511	0.36431784107946025
34554	12234	523	334	0.2982456140350877
33474	30915	773	522	0.35714285714285715
10409	466	606	587	0.24528301886792453
17170	28926	385	516	0.3142857142857143
25998	30986	546	682	0.2727272727272727
28517	24883	468	253	0.3125
24829	2900	221	348	0.4117647058823529
34883	8421	368	540	0.25806451612903225
32449	19610	415	204	0.29310344827586204
21033	32804	294	667	0.21739130434782608
29277	5179	511	368	0.2608695652173913
8479	3644	796	349	0.2553191489361702
30974	20539	1356	1318	0.23708721422523285
13605	4735	521	331	0.4444444444444444
14099	25560	328	513	0.24096385542168675
23586	12424	335	194	0.5
6732	24341	411	468	0.3333333333333333
8930	25960	338	222	0.5333333333333333
8414	6244	615	277	0.36
2258	31507	501	583	0.4666666666666667
19368	5387	588	494	0.2391304347826087
16837	17257	523	927	0.3684210526315789
14409	248	233	192	0.2857142857142857
7981	997	725	839	0.2236024844720497
25407	5349	351	745	0.3103448275862069
18177	18753	1320	528	0.3409090909090909
23296	9328	1045	326	0.2711864406779661
25031	20046	934	272	0.28205128205128205
23103	30235	306	255	0.391304347826087
20439	17774	547	210	0.3269230769230769
13417	13994	394	521	0.35714285714285715
4530	31380	549	256	0.25
6336	8026	1273	1529	0.24604012671594508
23751	14862	261	425	0.35714285714285715
14882	15927	1311	265	0.3076923076923077
18129	29551	1507	528	0.2909090909090909
10789	28320	540	338	0.27586206896551724
30631	1867	1537	259	0.2391304347826087
6044	1648	351	196	0.23076923076923078
2995	13501	528	320	0.5
19827	14829	536	192	0.6354166666666666
19299	19760	352	1199	0.31746031746031744
32527	23874	255	509	0.4074074074074074
23327	27089	291	254	0.3062200956937799
4510	34778	457	305	0.42857142857142855
34307	33199	777	582	0.25882352941176473
6050	31205	494	562	0.22755741127348644
33537	26441	595	317	0.2631578947368421
3518	8574	261	367	0.26
7576	24009	492	507	0.36
10056	32711	522	526	0.3
16720	14244	315	521	0.3333333333333333
29906	28646	483	696	0.4074074074074074
14391	33749	365	179	0.21052631578947367
8360	32181	589	292	0.23529411764705882
18904	2951	407	582	0.26618705035971224
13805	14050	299	1316	0.2222222222222222
7702	10497	277	543	0.24468085106382978
10969	12203	1162	520	0.23870967741935484
15015	21069	532	500	0.36666666666666664
17304	2684	238	754	0.27350427350427353
28768	903	291	507	0.5384615384615384
18994	29521	1294	447	0.3611111111111111
13548	7710	220	503	0.2777777777777778
20460	34430	561	1191	0.2727272727272727
14309	25974	448	1325	0.3111111111111111
30364	20293	1325	528	0.2235294117647059
30135	30906	516	442	0.42857142857142855
32530	16766	498	537	0.22772277227722773
417	30083	224	334	0.3333333333333333
1179	14495	356	505	0.3684210526315789
26390	25231	473	506	0.4090909090909091
26359	820	505	655	0.46153846153846156
244	29444	452	211	0.625
24748	9125	492	1252	0.22448979591836735
10620	10135	475	516	0.36363636363636365
7873	11861	375	529	0.27586206896551724
8326	7924	567	498	0.3333333333333333
13928	32993	448	292	0.22105263157894736
27219	10815	254	540	0.2682926829268293
31507	17143	583	475	0.43478260869565216
28859	8759	492	381	0.3125
27961	17132	944	468	0.4117647058823529
14122	13499	390	556	0.30303030303030304
12947	727	362	528	0.3
19619	23602	553	1524	0.4782608695652174
28238	10885	1313	439	0.2903225806451613
2404	26364	717	478	0.42452830188679247
26272	26023	446	792	0.3939393939393939
2127	17902	544	853	0.2923076923076923
23089	15178	266	1508	0.2064516129032258
6193	11908	223	404	0.3333333333333333
13263	16539	218	454	0.6214953271028038
17342	13473	218	232	0.4444444444444444
22285	34147	1255	778	0.5714285714285714
18161	6001	489	498	0.2727272727272727
7370	34134	719	435	0.25396825396825395
20269	28376	346	535	0.3333333333333333
23034	6427	572	593	0.25
10093	17130	1091	505	0.34210526315789475
11882	7756	1541	332	0.18867924528301888
1906	25480	304	465	0.25
15403	30650	192	261	0.8571428571428571
5789	31053	508	533	0.7142857142857143
1243	20114	261	496	0.21830985915492956
14779	24658	223	332	0.29411764705882354
16542	34670	165	865	0.28
6215	5450	465	1305	0.3333333333333333
26920	22154	501	657	0.2638888888888889
22912	23686	581	521	0.25
24397	16908	1323	534	0.42105263157894735
10939	4800	238	1319	0.35294117647058826
16170	32744	1286	399	0.24444444444444444
12932	6842	220	438	0.3448275862068966
13669	26877	448	555	0.2777777777777778
12676	25813	238	502	0.42105263157894735
22049	32541	859	574	0.2903225806451613
11617	32038	772	260	0.4
26197	30226	513	1300	0.3181818181818182
28027	34056	502	596	0.2087912087912088
32268	31210	1642	591	0.25
31989	23993	512	257	0.20512820512820512
13736	23650	292	927	0.18446601941747573
27862	4712	251	222	0.35714285714285715
13672	20224	484	1210	0.2727272727272727
5852	31819	553	299	0.2692307692307692
16832	4782	1323	356	0.3125
22678	14421	595	263	0.38461538461538464
1539	19515	301	570	0.2391304347826087
11741	28334	716	597	0.38095238095238093
32203	8537	661	522	0.27906976744186046
12582	13138	226	190	0.2857142857142857
851	32113	512	552	0.3
26610	7535	192	500	0.2708333333333333
23810	1806	1306	1317	0.24328722538649308
2173	6158	253	332	0.3333333333333333
14676	6964	223	1291	0.35294117647058826
21909	20181	499	364	0.8333333333333334
34451	14	355	540	0.2413793103448276
20173	18550	503	501	0.25
12021	13029	272	1307	0.2692307692307692
27046	16457	505	394	0.256140350877193
32728	10242	296	345	0.3103448275862069
4888	17140	228	1278	0.3448275862068966
836	5703	257	553	0.4375
166	34378	1298	162	0.41935483870967744
25806	6373	255	241	0.23076923076923078
25196	16389	491	292	0.18584070796460178
30164	1215	930	191	0.3157894736842105
20438	5869	509	407	0.2857142857142857
22454	31536	487	503	0.23030303030303031
14691	34754	635	808	0.328125
1753	24996	428	1551	0.23076923076923078
29765	24962	462	458	0.35
30263	15149	312	293	0.3387096774193548
25369	29628	600	330	0.5454545454545454
11895	2396	249	479	0.5
25847	7744	697	479	0.6
2952	11876	499	549	0.2631578947368421
12692	30020	372	469	0.2727272727272727
11875	28334	355	597	0.35
20024	14661	386	288	0.3333333333333333
11367	3744	296	499	0.5454545454545454
23844	33352	1224	777	0.22916666666666666
25359	28759	645	726	0.2674772036474164
10369	17495	547	292	0.23076923076923078
23794	30734	356	861	0.4375
6786	23857	812	526	0.27184466019417475
23718	29093	361	545	0.35135135135135137
12810	10286	293	1214	0.6666666666666666
32040	30599	378	532	0.35
466	7768	587	323	0.23076923076923078
7578	21996	1323	478	0.21875
20201	6283	1139	347	0.43478260869565216
30575	32711	261	526	0.42857142857142855
13474	11985	161	553	0.2804878048780488
27112	301	343	519	0.2777777777777778
27787	33290	410	98	0.4090909090909091
22303	26627	325	541	0.23684210526315788
33317	27531	264	495	0.35294117647058826
4118	2289	312	499	0.205607476635514
34324	22480	225	656	0.25925925925925924
31082	13137	398	362	0.3333333333333333
22725	32830	912	165	0.22
24805	31381	425	365	0.3333333333333333
19224	13928	1319	448	0.5
12749	26917	448	1332	0.20833333333333334
17944	17795	521	213	0.32432432432432434
32517	3346	539	452	0.2727272727272727
11024	25079	296	1443	0.3111111111111111
13157	9855	394	1448	0.21686746987951808
32112	25926	527	524	0.3076923076923077
32295	27806	1543	535	0.3333333333333333
22980	25802	1351	255	0.55
17290	21940	389	531	0.5501355013550135
33963	29127	895	367	0.2857142857142857
25378	25232	512	510	0.43584521384928715
16992	17372	454	254	0.24786324786324787
29007	5131	1019	1540	0.3333333333333333
22863	23172	374	263	0.23076923076923078
15637	18027	362	394	0.3
29055	16563	836	448	0.3333333333333333
20952	2364	1326	502	0.3
8500	16592	416	452	0.8571428571428571
1541	23890	312	1324	0.23140495867768596
15816	29011	332	745	0.2
32450	11118	1359	505	0.23529411764705882
364	17884	521	240	0.3870967741935484
34355	26107	208	1529	0.32558139534883723
20632	14876	1508	1275	0.23452768729641693
16954	21808	528	345	0.5217391304347826
1768	15533	1328	365	0.24050632911392406
28896	22898	289	707	0.2765957446808511
18327	2132	820	484	0.3
31590	34404	373	815	0.25
477	24549	521	1765	0.34615384615384615
15045	34871	461	353	0.4
14150	13023	503	1299	0.36363636363636365
34975	24371	458	603	0.26865671641791045
26405	12352	496	749	0.2571428571428571
12224	7921	657	492	0.24390243902439024
16231	26678	178	234	0.1780821917808219
24888	19853	566	347	0.21153846153846154
34397	2811	594	298	0.3409090909090909
18133	1912	394	396	0.4074074074074074
31111	14510	569	1321	0.35714285714285715
30054	13699	454	448	0.2631578947368421
3628	18011	238	521	0.3333333333333333
5725	23052	585	1229	0.23684210526315788
85	25318	398	475	0.25
14314	11578	332	346	0.3684210526315789
16879	1921	415	656	0.36585365853658536
20593	6773	1346	317	0.3125
3007	9250	493	497	0.3333333333333333
26713	23656	622	238	0.4666666666666667
33851	15103	1028	556	0.24193548387096775
34928	29619	489	456	0.24892703862660945
28303	13498	478	1509	0.2727272727272727
13244	19094	362	288	0.2545454545454545
25858	30623	552	516	0.39285714285714285
18424	27986	500	319	0.37777777777777777
17463	25827	261	526	0.42857142857142855
28303	2447	478	481	0.18181818181818182
16229	14313	192	505	0.1864406779661017
8945	31830	524	466	0.23076923076923078
12882	31099	362	663	0.20353982300884957
17331	7304	540	260	0.2638888888888889
21998	9609	421	1305	0.3170731707317073
3518	18591	261	1268	0.2198581560283688
4575	3497	345	1336	0.32432432432432434
5818	1385	1327	588	0.2916666666666667
11733	32062	1313	420	0.3220338983050847
28587	2943	379	1273	0.2631578947368421
31649	34951	294	189	0.3333333333333333
7220	21489	1254	364	0.23076923076923078
7535	25673	500	1279	0.3076923076923077
19597	33931	1262	889	0.3235294117647059
17194	30243	842	310	0.4
31180	30758	729	341	0.78125
13250	33971	292	178	0.3
12865	15470	292	521	0.32
1423	27991	335	417	0.22448979591836735
5714	17274	260	254	0.4375
16489	14087	505	448	0.32432432432432434
21065	29306	562	495	0.24
24327	17667	531	505	0.24324324324324326
31002	34609	1325	313	0.2727272727272727
13787	22373	1509	420	0.2597402597402597
1502	22540	191	487	0.2631578947368421
2077	12171	538	719	0.38961038961038963
30627	1900	285	550	0.3055555555555556
26442	34593	671	778	0.22857142857142856
30826	21896	500	1246	0.3888888888888889
28358	30831	263	698	0.38461538461538464
3962	31515	516	527	0.38095238095238093
5583	7847	704	694	0.7871428571428571
10480	11949	501	939	0.2926829268292683
15673	26157	1343	458	0.32558139534883723
6216	14314	260	332	0.2643171806167401
7195	8347	649	318	0.23148148148148148
12294	32242	590	462	0.35714285714285715
30259	16616	451	232	0.25
23849	34138	540	166	0.3333333333333333
19503	6714	1285	255	0.2641509433962264
13572	16283	318	332	0.24
32651	26950	293	475	0.375
32803	29222	421	523	0.24193548387096775
588	21919	583	275	0.3333333333333333
33097	767	370	345	0.2608695652173913
32065	4334	535	445	0.25
2940	26506	465	709	0.3541666666666667
23813	7805	526	436	0.26595744680851063
1963	28004	1539	162	0.3181818181818182
17519	2675	411	376	0.34146341463414637
32503	2347	507	397	0.34285714285714286
29823	34584	1343	890	0.38461538461538464
13433	19751	285	568	0.2553191489361702
28925	34793	656	309	0.35
17622	33573	1510	797	0.31746031746031744
12863	696	525	1331	0.27906976744186046
14942	16666	293	505	0.264
33917	23020	354	499	0.6666666666666666
30306	13963	271	165	0.3684210526315789
28367	21532	306	396	0.2962962962962963
18661	474	419	779	0.4
19074	17191	1212	806	0.47058823529411764
8473	31405	1292	338	0.6153846153846154
12104	33690	1011	588	0.2222222222222222
3785	648	272	261	0.2641509433962264
12395	7712	470	143	0.3
29601	33164	456	266	0.3103448275862069
16047	25556	192	271	0.6666666666666666
16798	16102	515	556	0.4
5420	28050	341	922	0.23076923076923078
32273	34030	416	375	0.2222222222222222
21339	32936	277	772	0.28
17496	17110	293	288	0.8237410071942446
17508	2729	301	491	0.2549019607843137
20673	14130	409	556	0.2571428571428571
1569	13100	523	192	0.3
12202	2206	500	514	0.2631578947368421
30223	24362	452	1571	0.20754716981132076
28554	332	1323	408	0.20689655172413793
22431	10126	268	790	0.3793103448275862
27743	3544	1323	428	0.23529411764705882
8139	23698	753	544	0.47368421052631576
10417	13547	449	1510	0.2962962962962963
2474	8541	556	1329	0.24675324675324675
26358	24975	556	509	0.17857142857142858
12834	14348	264	556	0.3125
1397	10822	504	1336	0.25806451612903225
16114	23476	293	1511	0.4
26184	23109	554	293	0.2073170731707317
17349	210	216	320	0.6
16044	1923	1320	264	0.2553191489361702
28846	7689	388	320	0.275
23148	18034	1324	135	0.2
3940	11796	1524	637	0.25316455696202533
30337	13662	521	510	0.30303030303030304
10705	1687	1279	470	0.23943661971830985
7698	9566	550	505	0.625
23414	14090	348	192	0.2682926829268293
6122	21388	650	1072	0.3050847457627119
286	1441	1306	410	0.3111111111111111
19150	8390	520	494	0.23786407766990292
13138	5137	190	482	0.4444444444444444
34845	9177	1323	345	0.22727272727272727
2554	25199	525	528	0.22650602409638554
33893	8278	486	556	0.25
3635	19723	259	571	0.42857142857142855
34625	8155	551	243	0.23728813559322035
2132	15565	484	292	0.2653061224489796
3664	22714	520	531	0.2962962962962963
19485	34779	551	523	0.4166666666666667
18866	29378	524	515	0.24509803921568626
14255	33830	365	776	0.3111111111111111
23521	29062	534	655	0.2872340425531915
31812	29299	418	925	0.2459016393442623
13406	34434	362	1196	0.23809523809523808
9854	17753	1236	536	0.2698412698412698
21594	21457	248	322	0.3783783783783784
15512	34489	1304	555	0.2894736842105263
6879	24559	1289	480	0.21518987341772153
5547	35113	345	641	0.2909090909090909
10276	31851	551	503	0.4
9524	12307	527	428	0.5454545454545454
33765	9049	1021	1273	0.4444444444444444
28612	17988	571	362	0.3939393939393939
8618	23267	1202	539	0.2972972972972973
6453	33059	849	808	0.3076923076923077
22498	12102	656	374	0.2727272727272727
23746	23929	974	1172	0.2631578947368421
30607	27446	252	274	0.3253968253968254
34594	34468	296	561	0.38461538461538464
5194	22055	253	1266	0.25925925925925924
22180	2688	506	534	0.25
15969	3515	453	615	0.4
33639	8122	593	538	0.2222222222222222
27736	21518	411	539	0.4230769230769231
19879	17157	1512	361	0.2692307692307692
32886	29719	703	528	0.3181818181818182
25407	6770	351	507	0.3125
22189	976	545	541	0.21568627450980393
19278	33587	292	783	0.24489795918367346
18463	7545	293	1317	0.3448275862068966
21321	1995	1530	261	0.2066115702479339
33450	8927	891	500	0.375
16731	18881	326	1257	0.34375
26687	19036	524	508	0.35135135135135137
2691	15553	500	506	0.23529411764705882
21786	1753	1251	428	0.2185430463576159
29073	27064	282	259	0.1875
23665	22719	316	375	0.5555555555555556
23088	13784	378	529	0.3684210526315789
24134	21799	316	550	0.5
33312	33474	473	773	0.2702702702702703
5098	4063	345	552	0.32432432432432434
33278	8788	366	261	0.38461538461538464
9997	29270	1138	472	0.2909090909090909
28746	21609	1320	547	0.22580645161290322
19662	29296	1313	339	0.25
29623	32548	456	549	0.2508833922261484
32319	17793	509	241	0.2708333333333333
24386	11791	269	513	0.2647058823529412
24244	18603	804	492	0.34375
7698	8270	550	851	0.36363636363636365
14209	33706	556	370	0.391304347826087
29319	9724	487	570	0.3023255813953488
18904	16273	407	156	0.8333333333333334
31622	30797	534	411	0.3333333333333333
2525	1115	115	263	0.35294117647058826
32339	4071	292	522	0.47368421052631576
18679	21688	544	742	0.2545454545454545
23867	18625	1388	561	0.2011173184357542
20351	27266	303	345	0.4375
30267	17376	259	255	0.29056603773584905
6915	28598	802	556	0.32142857142857145
27942	8688	221	1295	0.2702702702702703
12941	22342	505	330	0.2
27641	32019	256	654	0.27848101265822783
7694	10095	580	280	0.375
21619	23856	414	289	0.34615384615384615
14483	22512	346	349	0.38837920489296635
1957	11059	524	380	0.35
29517	28241	556	256	0.3076923076923077
29278	17269	529	486	0.30844793713163066
1364	24615	498	1583	0.2302839116719243
19734	8121	1284	523	0.3125
10149	10029	503	1314	0.22330097087378642
32166	9668	543	511	0.3793103448275862
31632	26037	759	415	0.3333333333333333
23622	12933	515	497	0.3333333333333333
4112	18548	621	467	0.3157894736842105
24105	7417	1544	555	0.2222222222222222
13235	18107	1333	528	0.4782608695652174
6764	32534	498	179	0.2441860465116279
3239	3662	548	517	0.3148148148148148
22215	18541	853	562	0.5
23890	22045	1324	503	0.22413793103448276
15771	18991	448	707	0.35714285714285715
23146	23307	245	513	0.25
22033	23824	1275	464	0.2647058823529412
28517	12277	468	237	0.26785714285714285
8062	27784	351	534	0.3
14069	13339	411	505	0.2962962962962963
24445	31696	404	481	0.22448979591836735
27172	27181	870	1319	0.35135135135135137
33356	3536	473	490	0.2857142857142857
23338	509	1517	448	0.2698412698412698
19760	6006	1199	1294	0.22741935483870968
1964	32947	340	289	0.4117647058823529
27353	3330	1330	330	0.2485207100591716
19248	13167	312	292	0.3045977011494253
5207	31041	372	335	0.6283987915407855
5819	24284	537	332	0.2676056338028169
21602	30903	515	415	0.2564102564102564
21040	10398	481	222	0.7142857142857143
6126	29936	261	753	0.30917874396135264
15172	14618	192	505	0.21428571428571427
25622	25147	585	437	0.35714285714285715
3029	15897	1041	394	0.19444444444444445
4493	27540	481	344	0.2564102564102564
2362	34308	536	518	0.42857142857142855
33924	33173	863	774	0.25
22954	1601	503	255	0.4117647058823529
5766	2189	260	539	0.5714285714285714
24153	24366	573	544	0.26666666666666666
12904	5130	301	1556	0.20588235294117646
6084	7079	274	539	0.17857142857142858
24210	13409	212	291	0.20491803278688525
11351	2864	454	521	0.3125
10601	26600	523	1530	0.39285714285714285
18680	3177	376	345	0.29411764705882354
2161	12442	1266	293	0.24358974358974358
15555	14230	360	232	0.35294117647058826
28405	15924	586	95	0.5714285714285714
32753	2789	332	927	0.2702702702702703
12120	159	919	507	0.3409090909090909
15479	29330	165	736	0.375
33997	11112	776	1188	0.2571428571428571
4114	34884	599	354	0.2054794520547945
13844	34616	1316	890	0.4117647058823529
19474	18568	365	346	0.42857142857142855
29477	34061	460	264	0.29411764705882354
6510	27014	1325	260	0.32608695652173914
29675	28329	1530	699	0.2222222222222222
26488	16283	865	332	0.3076923076923077
17889	8854	1286	543	0.21621621621621623
517	15242	448	159	0.1935483870967742
19593	33587	413	783	0.4
6075	12163	503	1325	0.4375
19264	12212	548	520	0.3448275862068966
26526	28505	418	224	0.2727272727272727
19143	31505	247	503	0.3333333333333333
27068	20116	492	501	0.21927710843373494
18010	1965	304	293	0.32
16885	30349	1279	632	0.21052631578947367
12722	10908	1305	261	0.3469387755102041
32434	28448	528	492	0.25925925925925924
26638	15703	357	453	0.34615384615384615
28989	21447	518	526	0.46153846153846156
33966	6089	768	520	0.2391304347826087
31088	29073	506	282	0.2727272727272727
19814	17866	513	533	0.2903225806451613
11060	20388	567	859	0.30952380952380953
25439	34503	340	561	0.2564102564102564
29220	5787	259	533	0.3235294117647059
20051	16858	1233	440	0.45454545454545453
25167	14236	1302	394	0.35294117647058826
21951	16339	656	165	0.47058823529411764
6019	21432	345	500	0.38235294117647056
21645	28649	254	406	0.19696969696969696
26435	20378	793	753	0.24390243902439024
9448	12844	345	1508	0.35294117647058826
18294	670	516	337	0.2463768115942029
10000	24828	499	369	0.32432432432432434
728	24578	528	389	0.2550335570469799
17581	25467	318	1330	0.24324324324324326
25590	27413	1347	1314	0.26582278481012656
34036	4186	897	516	0.3142857142857143
7978	11931	410	536	0.4375
9116	9561	1568	853	0.2647058823529412
15924	8939	95	503	0.6304347826086957
32154	9002	530	693	0.2727272727272727
12172	3437	737	322	0.29120879120879123
14847	30651	448	440	0.5
13617	15099	191	1511	0.2535211267605634
31848	17684	509	394	0.23076923076923078
3488	25349	355	396	0.30952380952380953
4215	13353	495	448	0.2119205298013245
33730	27110	1429	542	0.3448275862068966
32239	19713	683	467	0.3
34132	21415	353	332	0.34285714285714286
32490	32862	471	178	0.23076923076923078
16030	3372	453	463	0.23255813953488372
17399	21607	254	407	0.3
21486	25234	245	565	0.19230769230769232
21335	29448	502	522	0.3776908023483366
26174	24368	431	559	0.26666666666666666
30171	32926	1542	1023	0.2625
25255	139	315	260	0.21875
3546	23105	547	1238	0.38461538461538464
22106	4397	399	855	0.3333333333333333
8635	25925	413	430	0.5224719101123596
31390	27810	381	485	0.32432432432432434
17113	16741	299	246	0.27358490566037735
17299	14079	270	362	0.8571428571428571
27147	14692	364	1319	0.30357142857142855
10853	30598	635	498	0.4375
2386	24093	168	497	0.24242424242424243
26940	7036	408	438	0.2631578947368421
16735	28468	1301	1294	0.6406130268199234
23273	12640	322	536	0.32
16469	16593	165	317	0.5625
11637	2772	436	1317	0.3333333333333333
4027	19125	1325	359	0.2602739726027397
9891	5752	802	409	0.3055555555555556
33430	28265	233	510	0.2962962962962963
29037	16387	820	192	0.37037037037037035
29878	6537	500	295	0.375
24160	8997	1300	500	0.27358490566037735
3323	16355	1545	293	0.21374045801526717
21351	5427	631	516	0.32558139534883723
6074	34582	277	354	0.3548387096774194
22780	1422	262	345	0.35294117647058826
22303	26794	325	546	0.4375
24514	6637	276	503	0.4666666666666667
15429	14666	556	519	0.32653061224489793
20748	20939	1221	535	0.27941176470588236
3254	5740	290	850	0.3076923076923077
17243	12290	489	1611	0.24705882352941178
12165	12176	548	656	0.3409090909090909
32814	31181	510	361	0.4
27742	26919	868	500	0.34782608695652173
13422	12200	478	167	0.3
32110	3120	523	870	0.47368421052631576
18294	8444	516	447	0.2777777777777778
13579	13399	292	220	0.8090909090909091
6277	102	533	412	0.23036649214659685
26359	2657	505	1325	0.38095238095238093
33122	5073	367	407	0.23529411764705882
32182	2832	509	396	0.5
2500	23830	376	430	0.24074074074074073
9902	8317	651	460	0.2619047619047619
5342	34651	262	273	0.19047619047619047
17515	22909	232	1506	0.2903225806451613
30089	19364	759	1277	0.2
26635	23714	494	348	0.3225806451612903
1371	21872	222	486	0.3235294117647059
8696	31003	413	348	0.2653061224489796
1241	11808	885	1334	0.375
23025	28129	520	543	0.2857142857142857
6270	7409	469	365	0.3333333333333333
19000	14127	1323	825	0.4117647058823529
20744	33017	491	299	0.29545454545454547
12696	2932	448	325	0.3269230769230769
20454	408	466	443	0.2685589519650655
31718	31400	510	1325	0.391304347826087
24004	8093	514	1078	0.3782051282051282
14472	2631	269	593	0.3389830508474576
28056	5033	386	650	0.3137254901960784
710	10036	1215	1328	0.38051623646960864
9170	7126	397	483	0.5
26309	29869	882	296	0.3448275862068966
18841	22226	1249	346	0.2116788321167883
13183	30140	301	320	0.7333333333333333
7224	18514	542	622	0.4
29295	15676	655	448	0.2318840579710145
10157	2865	927	373	0.3
18574	16110	558	332	0.20967741935483872
5418	8274	364	536	0.4166666666666667
29063	18481	504	1257	0.25
16312	5700	301	254	0.38235294117647056
11771	27116	384	1338	0.26785714285714285
27851	26950	555	475	0.5421166306695464
23028	26092	264	866	0.4090909090909091
2833	11503	548	507	0.2857142857142857
14526	13188	186	165	0.8162162162162162
26326	5665	599	333	0.2631578947368421
27120	23317	1122	1227	0.24390243902439024
22266	33435	570	767	0.32727272727272727
1452	27428	357	1243	0.32075471698113206
9538	16419	1241	1231	0.6339285714285714
29732	21355	763	332	0.4166666666666667
21742	22175	1290	488	0.22641509433962265
9816	27589	1316	599	0.2510822510822511
29943	9099	500	667	0.2857142857142857
3548	15856	502	299	0.3050847457627119
26554	31003	402	348	0.3888888888888889
3764	9435	1493	1503	0.6864973262032086
29798	20583	538	653	0.2903225806451613
7388	505	358	235	0.37037037037037035
504	23346	453	1638	0.23376623376623376
28614	31944	734	1405	0.22857142857142856
2730	27935	963	417	0.47368421052631576
179	20919	522	570	0.24285714285714285
4652	11654	1245	443	0.5833333333333334
5454	34245	346	351	0.3448275862068966
5984	25104	415	307	0.325
29729	13278	475	165	0.38461538461538464
11811	15789	1443	192	0.32
23919	12296	500	600	0.2916666666666667
15049	15161	262	265	0.38461538461538464
1094	24286	330	165	0.4
17867	34716	484	754	0.3870967741935484
18473	20950	475	351	0.45
5367	27433	1539	1321	0.36724008975317873
21682	31003	888	348	0.21739130434782608
3674	28990	719	525	0.5
19451	12343	659	417	0.29411764705882354
9521	7095	364	414	0.30434782608695654
34603	14889	353	646	0.25
2101	9693	524	221	0.32
17787	11576	505	515	0.2857142857142857
25948	17371	1333	255	0.38095238095238093
27018	34624	498	882	0.3333333333333333
21910	21687	509	733	0.34210526315789475
7233	1608	533	482	0.3023255813953488
19961	4510	500	457	0.9011235955056179
4246	21167	261	705	0.3137254901960784
19974	33057	346	1027	0.625
2148	20713	682	584	0.30158730158730157
6457	3270	888	311	0.3888888888888889
14506	12475	362	332	0.35294117647058826
18640	25647	526	512	0.2
23922	16240	553	293	0.24615384615384617
14697	27305	448	510	0.25390625
13309	15605	292	218	0.3333333333333333
426	20690	521	565	0.375
31587	24137	637	477	0.37142857142857144
19834	12681	411	628	0.36585365853658536
30504	3469	512	502	0.4939759036144578
189	18468	522	273	0.21495327102803738
7832	26582	487	525	0.4990328820116054
17271	15288	1100	505	0.28205128205128205
29546	29423	511	195	0.28
2163	9615	1134	345	0.47058823529411764
6284	30305	358	646	0.3404255319148936
702	17665	235	164	0.23333333333333334
28890	4029	1561	1325	0.36444444444444446
7295	12054	256	259	0.5884615384615385
22348	11116	388	415	0.3684210526315789
14678	13904	1309	292	0.3
30847	6064	547	536	0.2459016393442623
29430	24517	211	244	0.36363636363636365
24948	34680	456	890	0.23333333333333334
7106	29754	360	260	0.23481781376518218
24811	29127	465	367	0.30303030303030304
24574	2412	510	703	0.4375
23239	6186	1360	410	0.28846153846153844
32347	15515	1382	448	0.25170068027210885
15661	2000	556	526	0.3142857142857143
4534	3749	360	415	0.4166666666666667
22751	23795	747	400	0.20754716981132076
5502	24800	463	365	0.4117647058823529
12399	16210	853	365	0.3157894736842105
4825	31989	473	512	0.22954545454545455
13885	24627	332	315	0.6048632218844985
18843	32739	1220	515	0.4074074074074074
1830	34021	336	260	0.25316455696202533
16888	19659	1283	570	0.3137254901960784
2828	25277	407	1525	0.3793103448275862
22962	19399	555	1150	0.32653061224489793
23261	9780	1276	706	0.36666666666666664
21892	13279	592	191	0.45454545454545453
24157	30610	466	617	0.3783783783783784
1406	32601	341	544	0.42857142857142855
25047	24161	519	454	0.2692307692307692
439	17102	535	1244	0.36585365853658536
25687	11791	410	513	0.3142857142857143
809	30734	506	861	0.2647058823529412
20993	27877	618	255	0.25
9647	11946	292	343	0.2662337662337662
29502	7252	256	498	0.2978723404255319
10493	26913	322	509	0.2727272727272727
1708	8432	538	499	0.4666666666666667
25101	4250	1328	410	0.34375
7948	28580	567	372	0.2765957446808511
33589	1308	486	92	0.35
7703	1729	848	254	0.30303030303030304
14436	28574	505	684	0.25
211	4456	383	565	0.2602739726027397
18241	228	1325	334	0.2597402597402597
4406	30628	415	1277	0.3125
3208	3210	335	427	0.39285714285714285
12865	8908	292	537	0.5
32741	26621	1349	1509	0.22249793217535152
11015	34562	485	779	0.25
1580	22591	527	1353	0.273972602739726
34333	30266	870	277	0.42857142857142855
30470	32174	736	529	0.24489795918367346
32490	3260	471	444	0.25675675675675674
5546	18188	569	164	0.38461538461538464
30418	8790	1324	1220	0.7189952904238619
25277	33195	1525	709	0.29310344827586204
8483	6590	1273	656	0.2716049382716049
6893	22010	514	1274	0.2708333333333333
27970	26295	537	665	0.7
20048	28443	1352	254	0.4666666666666667
1846	32168	525	536	0.23076923076923078
29464	13256	299	292	0.18686868686868688
20836	23725	497	500	0.2348008385744235
25581	7344	260	602	0.34782608695652173
10960	9784	254	579	0.28378378378378377
2419	23206	340	1556	0.4
7872	13412	414	190	0.5
24143	26297	1295	406	0.23770491803278687
15739	30117	394	356	0.3277777777777778
18501	34776	756	753	0.15384615384615385
11449	23049	860	765	0.6785714285714286
2941	3192	655	641	0.2631578947368421
32505	23391	232	1476	0.29545454545454547
6936	27814	1323	350	0.4117647058823529
30603	17411	524	507	0.2158273381294964
34402	27267	283	665	0.35
30990	12395	256	470	0.25
23796	7906	346	518	0.3055555555555556
8566	7405	537	337	0.32558139534883723
32116	32547	460	1332	0.2
17179	33396	946	771	0.24074074074074073
29443	18491	211	509	0.2694300518134715
32710	29565	494	528	0.232662192393736
15647	24498	505	394	0.5333333333333333
21829	20112	578	359	0.29411764705882354
14166	15413	473	626	0.2545454545454545
24434	25338	424	532	0.23684210526315788
30780	8139	261	753	0.24705882352941178
11628	22981	470	1314	0.26666666666666666
9476	2365	346	356	0.2345679012345679
5259	13116	222	521	0.42105263157894735
4035	24901	467	1179	0.2702702702702703
16657	27904	293	249	0.23255813953488372
8066	9745	472	550	0.3125
25003	32171	528	724	0.26666666666666666
7335	5835	475	1270	0.24324324324324326
27540	12396	344	490	0.21212121212121213
13816	24219	394	532	0.45454545454545453
15661	2462	556	305	0.2564102564102564
13951	5000	192	803	0.3157894736842105
16077	31351	293	498	0.26666666666666666
14204	2595	458	292	0.30434782608695654
21032	25776	1316	252	0.25
34758	8690	800	560	0.3333333333333333
33790	31289	1022	567	0.2647058823529412
24504	15213	508	519	0.24285714285714285
15428	21589	556	335	0.42857142857142855
21724	11661	407	573	0.3
27756	11250	499	228	0.38461538461538464
3490	8896	675	503	0.3333333333333333
18138	32175	290	404	0.23076923076923078
16618	31460	192	516	0.5
33041	8119	1455	261	0.2708333333333333
7453	12209	475	656	0.25
10331	26426	504	320	0.20535714285714285
12908	19030	521	452	0.2702702702702703
24142	8009	1276	567	0.35714285714285715
29626	15122	456	192	0.2631578947368421
10826	8358	667	460	0.4666666666666667
9007	14485	364	292	0.36
5420	28868	341	407	0.2222222222222222
30152	33468	1283	1036	0.21818181818181817
28278	21996	349	478	0.38095238095238093
529	16010	304	190	0.5
18147	28795	165	450	0.6146788990825688
24479	3635	382	259	0.625
20726	21342	469	1147	0.3137254901960784
31611	32436	254	528	0.3548387096774194
31622	5169	534	504	0.2903225806451613
30060	19703	417	344	0.17582417582417584
13358	4860	165	263	0.25925925925925924
8227	19743	464	1378	0.25
13872	19779	164	1324	0.22641509433962265
20923	13526	422	853	0.3448275862068966
22920	16229	1270	192	0.2857142857142857
32958	5012	267	345	0.3076923076923077
4502	21654	566	516	0.7
32437	23050	681	793	0.23376623376623376
2074	9222	249	558	0.4444444444444444
30109	10349	258	346	0.2631578947368421
3287	17804	1054	1509	0.35
33788	2270	816	597	0.2702702702702703
12327	24938	503	421	0.2564102564102564
24455	29537	513	208	0.2391304347826087
23090	27374	363	541	0.2823529411764706
12219	16815	334	479	0.46153846153846156
12915	13072	165	164	0.7012195121951219
6581	26669	868	332	0.29411764705882354
35116	24744	329	255	0.3333333333333333
30186	312	590	305	0.5454545454545454
34134	20671	435	476	0.2702702702702703
21267	1086	621	496	0.2857142857142857
26197	17843	513	191	0.4166666666666667
14931	17864	847	797	0.8707653701380176
17434	6956	505	1453	0.5333333333333333
3961	4420	1264	348	0.21518987341772153
1025	19650	388	1312	0.26785714285714285
9562	31901	1431	562	0.3783783783783784
31060	17068	311	1206	0.3023255813953488
12645	22859	508	528	0.5
18245	9847	366	1297	0.2727272727272727
7519	91	1260	255	0.21266968325791855
6999	34378	550	162	0.5714285714285714
4653	33091	559	1021	0.20754716981132076
27240	7446	692	537	0.24
14033	10198	362	542	0.29411764705882354
16083	24229	192	1281	0.375
29379	21034	515	294	0.16666666666666666
13771	34646	192	1073	0.3
20098	32951	506	354	0.24444444444444444
5083	6602	570	262	0.3333333333333333
5842	21295	251	316	0.6
32734	2463	345	221	0.3225806451612903
12363	19632	265	855	0.22807017543859648
30019	24211	1336	556	0.3157894736842105
25927	3487	843	545	0.2765957446808511
6062	27003	270	1062	0.29545454545454547
18762	10575	528	542	0.6155339805825243
25188	12279	261	261	0.6192307692307693
19784	21910	429	509	0.2777777777777778
21190	18601	646	1525	0.2146118721461187
212	11656	477	254	0.21818181818181817
8089	15107	1164	218	0.40086206896551724
22392	16427	584	218	0.4666666666666667
25518	11116	1274	415	0.34210526315789475
9442	16381	258	411	0.35
18644	259	1276	339	0.20454545454545456
32125	5463	316	811	0.24
29151	16129	811	507	0.25806451612903225
19339	15012	1541	1272	0.3617339312406577
18100	25226	525	535	0.22058823529411764
25101	4067	1328	427	0.35135135135135137
22316	16986	1309	555	0.3333333333333333
30951	3249	519	479	0.30620985010706636
3318	27336	312	338	0.34210526315789475
3324	16373	411	404	0.2647058823529412
34438	5045	189	557	0.3333333333333333
3373	28933	361	642	0.5
23427	7101	547	669	0.2830188679245283
25636	12444	1308	365	0.28378378378378377
22105	8746	420	575	0.2857142857142857
4886	17023	572	473	0.27450980392156865
5597	11620	639	295	0.42857142857142855
29	11171	514	538	0.3076923076923077
10843	19075	276	271	0.4166666666666667
6992	31955	1233	403	0.3448275862068966
22148	26172	482	855	0.375
4415	25098	260	1236	0.38095238095238093
33724	2726	300	926	0.42105263157894735
22114	28581	1320	502	0.2235294117647059
16586	5629	482	345	0.2978723404255319
34654	22005	924	607	0.34146341463414637
17682	7985	804	516	0.296875
12566	14308	292	510	0.2857142857142857
12914	28491	191	658	0.5454545454545454
25694	23570	503	1375	0.2621359223300971
808	9206	505	363	0.42857142857142855
33940	22317	878	1288	0.3076923076923077
4413	21544	541	411	0.4444444444444444
28252	20938	337	493	0.30303030303030304
7639	28786	411	320	0.2033898305084746
6481	24458	1314	1273	0.6956175298804781
31027	11169	292	501	0.42857142857142855
3902	21574	475	441	0.2765957446808511
11644	19924	424	1543	0.2413793103448276
11683	11153	829	453	0.40625
5612	7611	356	421	0.25
6726	18555	994	472	0.3090909090909091
10487	17716	1531	362	0.26373626373626374
33015	7399	894	337	0.19540229885057472
19018	7219	226	1338	0.20930232558139536
18628	448	377	444	0.4
5510	14181	855	853	0.37777777777777777
33635	23712	1020	348	0.22794117647058823
26002	12423	248	147	0.5
7929	18645	867	460	0.32
11036	27013	468	418	0.3888888888888889
21066	10081	679	527	0.18556701030927836
374	7910	338	344	0.7373134328358208
10635	2000	236	526	0.5
7082	29505	502	256	0.4375
19789	2815	369	323	0.26785714285714285
9971	3384	867	469	0.26666666666666666
33167	19839	384	593	0.3333333333333333
20134	28563	857	690	0.38095238095238093
32977	33652	897	892	0.9146341463414634
34116	25624	992	631	0.23655913978494625
26427	23854	534	1130	0.3793103448275862
19483	4856	1287	325	0.4166666666666667
9625	30366	697	460	0.2909090909090909
12230	8167	562	505	0.4166666666666667
16206	25269	168	449	0.35294117647058826
29954	21426	516	434	0.22330097087378642
6670	27285	292	532	0.42857142857142855
20458	17898	420	411	0.975669099756691
8110	20536	1199	1237	0.3170731707317073
12542	9799	1320	509	0.3389830508474576
7450	1667	347	1324	0.2727272727272727
6232	6447	510	1495	0.275
12496	4039	803	465	0.3181818181818182
33907	20620	956	925	0.21311475409836064
9004	14269	319	521	0.42105263157894735
6707	23547	1038	1276	0.26666666666666666
26387	34971	293	771	0.3076923076923077
11195	15454	400	301	0.35294117647058826
18993	11995	470	1202	0.36363636363636365
16430	810	293	468	0.39285714285714285
8217	9669	1209	359	0.22950819672131148
16501	25856	232	552	0.28205128205128205
11413	25759	318	414	0.42857142857142855
31235	5352	227	1678	0.32432432432432434
15905	10361	521	1325	0.24489795918367346
657	9138	411	556	0.30434782608695654
20521	16180	1330	290	0.3
16589	10415	458	545	0.3125
15842	27781	839	511	0.5833333333333334
28902	2579	515	233	0.23255813953488372
29372	31069	515	469	0.21920668058455114
25222	1942	875	1362	0.24489795918367346
20377	8822	510	868	0.21666666666666667
12969	35078	447	874	0.2807017543859649
32341	27958	503	860	0.4
25895	30786	324	502	0.38461538461538464
19817	3395	1315	1211	0.24371859296482412
32716	31902	526	464	0.22755741127348644
8787	4917	565	221	0.2222222222222222
2602	29413	433	543	0.2835820895522388
22153	11696	498	499	0.22594142259414227
19143	3392	247	460	0.3333333333333333
1341	15800	890	332	0.21212121212121213
14330	2345	536	523	0.26506024096385544
24272	4786	244	1246	0.3157894736842105
1223	32312	1351	409	0.22105263157894736
9479	18589	553	1246	0.34375
30274	9015	313	1247	0.23880597014925373
22587	18121	423	1523	0.25
11983	28328	530	467	0.26570048309178745
22698	18962	292	259	0.3125
4242	28630	1326	474	0.27906976744186046
34855	13590	373	638	0.25263157894736843
11657	31810	539	255	0.27906976744186046
28468	15331	1294	394	0.2037914691943128
20910	12142	501	488	0.21896162528216703
14387	6776	525	1047	0.2857142857142857
11092	33507	527	473	0.21978021978021978
12499	24990	146	552	0.2631578947368421
12563	10905	502	287	0.21428571428571427
30108	27949	1261	482	0.2777777777777778
33814	1398	143	522	0.2631578947368421
31333	2603	350	276	0.2972972972972973
17969	11838	484	521	0.3908523908523909
15220	23087	394	534	0.19444444444444445
29924	15137	410	629	0.36585365853658536
5182	34148	525	867	0.2222222222222222
24065	15418	486	332	0.42105263157894735
4638	5285	338	376	0.5
27943	12260	495	292	0.2391304347826087
5300	12528	593	232	0.24761904761904763
20889	16347	506	502	0.5
20477	30643	536	317	0.28846153846153844
3737	22687	1302	292	0.3225806451612903
448	30754	444	1312	0.3055555555555556
216	32480	545	259	0.25842696629213485
31423	24573	502	531	0.3
401	19499	1287	505	0.19607843137254902
18517	26181	691	518	0.2
12964	22708	231	534	0.5384615384615384
29888	24765	548	382	0.23958333333333334
33067	27272	775	716	0.30434782608695654
27171	8208	425	338	0.3684210526315789
4632	15576	334	348	0.3103448275862069
752	21322	545	1323	0.3157894736842105
23488	4781	1208	405	0.25333333333333335
16856	18315	377	1335	0.28888888888888886
23527	18212	1513	542	0.22772277227722773
11227	10674	516	513	0.4666666666666667
24299	21811	192	696	0.3023255813953488
22062	6607	1294	736	0.3684210526315789
12854	12381	332	334	0.3
2265	21456	332	336	0.22826086956521738
4411	23004	347	493	0.4
19277	6308	513	756	0.375
27097	13642	345	318	0.22727272727272727
23225	7191	334	502	0.2894736842105263
6520	1698	197	524	0.3333333333333333
26917	32629	1332	536	0.2571428571428571
20225	22454	1242	487	0.28888888888888886
7029	15099	274	1511	0.2571428571428571
28107	15032	553	448	0.2976190476190476
26339	23296	537	1045	0.25
643	21966	590	898	0.24
1994	16502	333	556	0.3333333333333333
4252	32193	484	553	0.6153846153846154
15555	32546	360	496	0.21428571428571427
9329	9218	731	498	0.26666666666666666
15548	17092	521	1240	0.3088235294117647
8802	27512	261	585	0.3076923076923077
31907	32920	270	279	0.38461538461538464
30547	2591	491	678	0.27586206896551724
13023	11304	1299	516	0.375
14187	7342	476	282	0.275
9170	33813	397	1024	0.5625
5254	28924	1303	677	0.22380952380952382
4137	34493	486	561	0.3125
15077	23154	293	470	0.3
20133	29040	492	906	0.22807017543859648
20981	9111	298	1272	0.47058823529411764
7864	4627	859	260	0.21495327102803738
10566	28916	255	292	0.24344569288389514
20786	27729	428	340	0.5
16001	32639	448	518	0.4090909090909091
14251	4609	1508	1281	0.3535580524344569
5746	20041	366	578	0.18181818181818182
13490	15637	1317	362	0.6666666666666666
6891	1058	468	736	0.1891891891891892
35064	33021	346	570	0.4
26394	10615	1505	818	0.35
15776	3528	365	319	0.24
28310	21910	495	509	0.25
17001	1726	518	472	0.20833333333333334
1753	15392	428	379	0.36
34901	6260	934	1530	0.208
33386	1226	533	500	0.2857142857142857
15955	27360	455	571	0.4444444444444444
19519	24394	845	332	0.2631578947368421
6073	2453	773	420	0.5333333333333333
2918	8453	261	491	0.3333333333333333
4438	32820	1320	548	0.2604166666666667
10031	19959	503	502	0.24242424242424243
4967	16569	349	502	0.2421875
1555	5717	758	585	0.23255813953488372
29343	2984	832	398	0.24752475247524752
8828	33934	370	266	0.4
17156	27699	1531	476	0.4117647058823529
4107	27827	261	1350	0.5333333333333333
30840	34927	518	296	0.21739130434782608
29203	12554	325	191	0.3333333333333333
12040	4209	577	515	0.2413793103448276
18451	31342	480	375	0.20408163265306123
704	13737	394	221	0.75
8412	1350	519	1511	0.3333333333333333
18356	12301	622	1325	0.3194444444444444
20407	32478	764	296	0.25
16764	13962	503	164	0.46153846153846156
13430	20105	220	332	0.26785714285714285
20017	8500	508	416	0.288135593220339
6846	2843	372	509	0.26
26958	23673	869	531	0.21794871794871795
4347	2948	1224	323	0.36
1363	19282	887	488	0.36363636363636365
25893	127	418	1287	0.25
4301	785	508	533	0.21138211382113822
19155	7243	446	1237	0.23809523809523808
13059	7992	231	1319	0.375
15362	22035	414	1285	0.42857142857142855
24011	21886	507	605	0.30434782608695654
29832	19887	516	499	0.22064777327935223
8726	3101	373	750	0.5
30956	9616	500	346	0.36
8382	15205	449	505	0.3076923076923077
23418	27738	557	298	0.29508196721311475
30425	8550	415	486	0.2459016393442623
5576	32055	693	528	0.18604651162790697
24757	5030	536	867	0.1794871794871795
34257	32559	296	697	0.3333333333333333
29750	32185	249	1553	0.34
27755	31203	382	206	0.42857142857142855
28701	24318	243	301	0.23809523809523808
4165	14269	568	521	0.35294117647058826
32774	31482	682	524	0.38461538461538464
30455	5010	337	401	0.35
8440	13964	504	286	0.21621621621621623
5506	34932	516	950	0.3333333333333333
14628	29915	245	262	0.4
10534	2734	756	390	0.2647058823529412
18201	33205	192	596	0.5454545454545454
31231	14734	397	161	0.3333333333333333
2545	18016	579	332	0.24615384615384617
23674	7661	347	829	0.32432432432432434
16574	20911	1509	1242	0.3606060606060606
22385	32852	516	896	0.5454545454545454
5537	29900	558	334	0.2978723404255319
14637	18386	349	444	0.36666666666666664
7436	2006	497	422	0.3333333333333333
32678	26393	556	425	0.5
20427	2624	348	547	0.2857142857142857
16251	7008	1519	515	0.28378378378378377
22795	31749	1311	507	0.4444444444444444
20905	33423	525	1022	0.20454545454545456
21722	12629	238	525	0.3125
6949	21318	551	317	0.3
15625	25644	536	580	0.2727272727272727
9188	2160	367	308	0.5555555555555556
23704	18279	1321	566	0.21212121212121213
20032	12531	520	448	0.30952380952380953
15436	11973	332	569	0.26666666666666666
29363	5318	261	570	0.20388349514563106
20722	16492	453	530	0.22727272727272727
2037	26907	471	298	0.2647058823529412
14935	33853	188	368	0.3333333333333333
20579	27556	360	785	0.2413793103448276
29890	552	723	391	0.5454545454545454
9192	3574	347	522	0.3
30687	4895	545	245	0.2702702702702703
23272	12924	375	467	0.22784810126582278
30057	18291	469	647	0.23478260869565218
12183	3615	277	534	0.2549019607843137
22699	23530	1542	1360	0.23076923076923078
22822	22057	1315	406	0.25
14355	20945	502	866	0.6
17496	18508	293	474	0.19767441860465115
2360	29502	503	256	0.2727272727272727
33826	27078	487	536	0.29411764705882354
29886	30669	255	556	0.3157894736842105
32986	34447	394	1121	0.34615384615384615
10796	8875	353	1524	0.2608695652173913
6937	2050	1193	320	0.2229299363057325
2536	29853	596	447	0.24752475247524752
9164	599	495	311	0.8129032258064516
18168	1419	191	514	0.35
20339	32406	292	369	0.35294117647058826
4459	8178	260	470	0.20588235294117646
11389	19336	1526	451	0.5714285714285714
26380	6923	505	906	0.19672131147540983
29071	24055	568	1446	0.2903225806451613
32229	1023	319	564	0.3333333333333333
18316	6211	449	538	0.3076923076923077
1506	20357	410	501	0.20054945054945056
28018	26794	495	546	0.22058823529411764
31685	5362	440	1258	0.38095238095238093
34197	27422	265	521	0.2926829268292683
16850	17918	494	454	0.4090909090909091
9760	28403	416	1325	0.5
8262	19159	345	476	0.29545454545454547
19701	32608	345	238	0.43478260869565216
3885	16958	889	504	0.3793103448275862
27159	30803	322	509	0.3076923076923077
5384	7535	284	500	0.1935483870967742
1027	7698	263	550	0.34146341463414637
32904	30355	900	650	0.34146341463414637
30552	903	548	507	0.6
15134	15872	374	453	0.2698412698412698
10291	21384	1612	540	0.22340425531914893
30359	3080	761	323	0.24242424242424243
18695	19251	1251	390	0.2537313432835821
14688	1910	299	1544	0.20610687022900764
30381	16008	359	295	0.358974358974359
8821	20182	1513	261	0.23711340206185566
24655	27731	550	513	0.39285714285714285
34741	31646	1022	561	0.34210526315789475
16801	3921	630	1531	0.3125
14010	3738	163	377	0.42857142857142855
17090	14914	1288	292	0.2535211267605634
33647	6625	693	549	0.3333333333333333
30411	28987	343	663	0.18518518518518517
32781	9354	1348	316	0.37037037037037035
17112	26472	827	345	0.21951219512195122
10541	18587	504	1292	0.2222222222222222
30612	1463	224	207	0.2676056338028169
18514	34563	622	362	0.21739130434782608
7943	6899	366	277	0.34615384615384615
12559	3878	1286	318	0.2727272727272727
6110	33531	312	1443	0.2727272727272727
27918	18901	529	356	0.22641509433962265
16060	8906	192	343	0.5
16217	5487	556	357	0.21428571428571427
17320	23414	597	348	0.34782608695652173
24835	24352	324	339	0.2459016393442623
6350	33430	412	233	0.23333333333333334
8172	10882	546	427	0.28378378378378377
30390	24065	238	486	0.30434782608695654
5287	31105	337	277	0.6992753623188406
3726	1413	862	689	0.3793103448275862
16104	17775	505	1309	0.2857142857142857
15861	30165	1508	520	0.22535211267605634
17747	12963	332	165	0.35714285714285715
10129	23206	261	1556	0.2361111111111111
24991	30736	502	705	0.25675675675675674
19399	1856	1150	500	0.35
21666	13761	1201	524	0.27586206896551724
24899	9048	345	1322	0.17857142857142858
20657	5990	1261	222	0.5454545454545454
10147	13467	516	158	0.47058823529411764
8091	4786	495	1246	0.24705882352941178
22056	16897	509	501	0.21568627450980393
7157	4355	421	545	0.3333333333333333
7441	1770	364	427	0.3235294117647059
9011	1819	1240	421	0.24074074074074073
24849	758	368	251	0.3333333333333333
32034	6714	493	255	0.3
16242	26346	526	539	0.24705882352941178
13362	3457	452	174	0.46153846153846156
2165	23624	538	488	0.4666666666666667
8427	11569	511	971	0.375
4940	20269	343	346	0.375
17352	10744	545	312	0.26229508196721313
27776	28687	414	255	0.2608695652173913
16013	23955	164	531	0.28888888888888886
13118	17400	448	428	0.25
8918	20706	413	621	0.2857142857142857
27814	7859	350	1194	0.2777777777777778
8106	26827	507	513	0.6733466933867736
7121	20491	513	710	0.4166666666666667
20387	17703	562	226	0.17391304347826086
9284	27072	511	497	0.25821596244131456
5588	34992	585	932	0.45454545454545453
18036	21590	1507	453	0.4117647058823529
20616	13739	1475	232	0.4444444444444444
28743	20757	260	269	0.225130890052356
35082	10107	827	298	0.21875
26311	34731	542	793	0.42105263157894735
8339	24166	479	621	0.2597402597402597
3933	34986	374	795	0.5454545454545454
6977	17675	370	362	0.4074074074074074
20378	2057	753	522	0.34615384615384615
11991	12550	493	505	0.4634146341463415
8753	12769	1535	299	0.225
22763	24277	415	190	0.36363636363636365
15072	22794	477	516	0.6041666666666666
33500	3667	283	762	0.5
13517	21840	1333	1148	0.5918524212144505
11232	33291	494	359	0.2413793103448276
33939	1983	805	614	0.2465753424657534
22024	1836	1213	484	0.24193548387096775
32495	20719	531	456	0.20869565217391303
2986	32576	507	349	0.38235294117647056
33323	5769	300	1279	0.23703703703703705
29560	13881	528	536	0.25287356321839083
23639	16990	1440	450	0.24528301886792453
19312	8618	1520	1202	0.35068912710566613
23470	11851	1360	515	0.275
18382	31022	261	736	0.3185840707964602
32266	32024	1620	724	0.41935483870967744
31616	16587	661	866	0.25
18695	17922	1251	448	0.34375
25593	17337	1344	332	0.3404255319148936
16074	2223	1506	509	0.1978021978021978
20061	27992	1210	334	0.2765957446808511
18501	3464	756	522	0.47058823529411764
3198	28492	292	663	0.17142857142857143
570	25331	164	484	0.5714285714285714
34869	33491	363	265	0.3684210526315789
8894	25570	509	1325	0.34782608695652173
19506	28468	573	1294	0.21904761904761905
8251	29981	1286	1540	0.3711952487008166
23865	23921	466	258	0.375
13624	32560	521	1088	0.20588235294117646
30319	14933	499	362	0.3584905660377358
23044	19022	503	491	0.29411764705882354
24893	1356	502	256	0.2962962962962963
6597	9156	261	523	0.4
7948	1450	567	332	0.375
16656	1596	292	261	0.24210526315789474
30656	10299	361	418	0.7917808219178082
23623	16599	312	292	0.3218390804597701
23214	12983	289	448	0.3448275862068966
28512	2852	334	355	0.7142857142857143
6067	28451	725	679	0.42857142857142855
3961	14585	1264	190	0.36666666666666664
9262	16572	315	394	0.34285714285714286
30718	2036	522	241	0.3333333333333333
28859	9392	492	977	0.42105263157894735
26026	8917	236	865	0.34782608695652173
23630	6825	1507	341	0.2777777777777778
31255	19441	1396	569	0.28
13191	8151	332	663	0.3023255813953488
25837	3720	1381	1301	0.4
14261	8630	437	557	0.24
24361	3848	1140	457	0.2727272727272727
15147	19473	394	570	0.391304347826087
16156	33326	436	288	0.25
34810	16951	807	560	0.391304347826087
17526	10128	320	213	0.22641509433962265
30141	23428	318	1543	0.3333333333333333
10177	15911	717	245	0.35714285714285715
28008	5951	345	405	0.391304347826087
32727	17340	488	545	0.29310344827586204
27141	17207	503	795	0.21951219512195122
22028	20073	1552	501	0.42105263157894735
23222	23202	1255	295	0.19148936170212766
29911	33231	500	481	0.2698412698412698
7600	11357	522	1474	0.2807017543859649
29401	12651	255	222	0.4166666666666667
7156	32310	375	396	0.6363636363636364
18867	9419	557	489	0.26785714285714285
28799	6977	445	370	0.25
34674	14980	673	555	0.38461538461538464
8698	9507	423	470	0.3
18340	1551	435	493	0.24324324324324326
10577	13977	617	536	0.2736842105263158
13675	25830	165	255	0.2535211267605634
8476	31181	651	361	0.24285714285714285
25392	6708	402	1151	0.19444444444444445
30255	26781	894	492	0.3611111111111111
17735	1992	165	345	0.25
18138	2649	290	603	0.46153846153846156
18229	25522	487	588	0.2727272727272727
22043	24024	577	524	0.28125
6507	5293	1530	548	0.28378378378378377
10706	24757	1524	536	0.42857142857142855
15165	33072	1286	882	0.26126126126126126
5207	8045	372	276	0.25206611570247933
1042	22951	824	527	0.55
429	8903	292	737	0.2621359223300971
8602	34858	1284	419	0.24074074074074073
10612	2481	762	222	0.2916666666666667
31249	19133	1505	522	0.38461538461538464
22184	23364	570	1488	0.32142857142857145
11121	34464	234	254	0.4
8836	28990	313	525	0.28
27525	32136	452	356	0.34782608695652173
31556	17885	503	192	0.4666666666666667
11964	13518	1348	505	0.25675675675675674
13775	20863	165	528	0.42857142857142855
17366	14222	222	448	0.35714285714285715
15023	29937	269	440	0.4
12682	8728	300	695	0.2692307692307692
28866	34080	479	778	0.3125
14152	27409	292	553	0.2826086956521739
12262	5230	1531	1361	0.3556547619047619
22591	7844	1353	268	0.25
2691	781	500	523	0.2608695652173913
9040	24861	313	1330	0.3333333333333333
92	32094	255	521	0.25
28902	10822	515	1336	0.42857142857142855
4437	16872	503	496	0.23306772908366533
12694	16474	194	394	0.24324324324324326
34204	25255	1013	315	0.24096385542168675
25077	22496	1266	293	0.19672131147540983
14193	32552	505	526	0.32142857142857145
4475	23671	584	1472	0.25
23361	31221	1490	621	0.23076923076923078
16293	7300	165	342	0.8
1726	23337	472	1464	0.26605504587155965
11895	281	249	394	0.21428571428571427
12749	4292	448	657	0.3235294117647059
29699	14547	503	541	0.3076923076923077
1987	23681	509	483	0.29545454545454547
3390	31215	261	516	0.2564102564102564
13735	15265	394	453	0.3684210526315789
30610	29444	617	211	0.5333333333333333
14924	6910	292	411	0.7142857142857143
8531	31217	1295	238	0.3103448275862069
12633	18032	454	165	0.7241379310344828
5612	20404	356	522	0.36666666666666664
33894	22274	782	1309	0.23958333333333334
3386	10479	574	491	0.25
29744	24452	424	344	0.2608695652173913
1756	34438	602	189	0.3142857142857143
9789	26999	510	707	0.4
1214	16	597	260	0.3125
3853	30937	343	466	0.25
9879	11326	414	396	0.7369727047146402
1803	31299	1317	924	0.3181818181818182
5596	10264	370	269	0.3048780487804878
7945	34239	502	121	0.2857142857142857
18302	22752	268	736	0.2830188679245283
11795	16076	512	1287	0.30434782608695654
21191	27100	415	570	0.34782608695652173
2477	8611	1343	1551	0.3527190332326284
15373	13743	299	317	0.3333333333333333
4940	21486	343	245	0.3181818181818182
33822	30445	783	270	0.2857142857142857
22988	7535	868	500	0.325
30162	23643	896	927	0.2647058823529412
29194	1936	516	303	0.3333333333333333
12956	10967	265	1544	0.375
12885	901	521	487	0.5
34457	3715	927	512	0.375
28439	198	1312	503	0.21897810218978103
18547	4393	656	695	0.23809523809523808
30464	22034	518	511	0.23062015503875968
772	11095	515	264	0.30952380952380953
18328	7979	1054	561	0.23728813559322035
14485	1574	292	502	0.4666666666666667
3085	29078	494	657	0.375
33635	27734	1020	443	0.23076923076923078
32350	22908	412	340	0.45454545454545453
33795	31758	238	540	0.30303030303030304
21269	22326	487	383	0.3333333333333333
22156	320	865	338	0.28125
22202	6354	859	385	0.3333333333333333
19900	21971	477	359	0.3333333333333333
2824	19442	1531	323	0.3
28687	11532	255	417	0.22727272727272727
16259	25613	394	1262	0.2753623188405797
27020	19088	222	815	0.34782608695652173
25778	8384	575	501	0.3220338983050847
29184	11664	569	251	0.2830188679245283
32879	28131	385	466	0.37037037037037035
22224	6840	378	256	0.4444444444444444
8181	18876	534	611	0.36585365853658536
8803	2579	1268	233	0.3050847457627119
20215	14808	857	394	0.19696969696969696
17720	21230	299	236	0.23076923076923078
3013	16990	485	450	0.5
26303	9583	467	571	0.23333333333333334
6949	31915	551	293	0.2923076923076923
25301	17091	246	1208	0.19333333333333333
12673	19391	387	643	0.3333333333333333
13185	18778	317	874	0.32
6987	27901	718	261	0.28634361233480177
24750	29434	662	211	0.5555555555555556
16804	2196	516	504	0.24336283185840707
28941	27490	537	492	0.20689655172413793
33472	23586	797	335	0.38095238095238093
34924	20621	914	497	0.27586206896551724
29263	17742	256	487	0.26666666666666666
4939	5638	838	617	0.26785714285714285
3578	25905	512	353	0.19148936170212766
28623	29997	506	1322	0.26
9911	28101	605	498	0.36363636363636365
18985	6006	336	1294	0.37037037037037035
33030	29333	722	502	0.28125
15476	29492	1320	737	0.29508196721311475
20776	14196	431	292	0.2
29787	30979	1530	404	0.25
3433	4750	201	569	0.2396694214876033
10492	18267	332	536	0.5625
13943	7177	1508	1267	0.3919141914191419
28256	17430	377	836	0.22666666666666666
23355	34179	1513	1023	0.36666666666666664
9648	16952	567	353	0.28205128205128205
16177	28740	134	484	0.2647058823529412
956	17721	316	1276	0.28125
28861	179	463	522	0.42105263157894735
19184	2574	1362	420	0.21052631578947367
31619	13166	512	538	0.2830188679245283
25492	22581	497	1642	0.3333333333333333
4474	33355	517	148	0.4444444444444444
29298	24462	245	253	0.3488372093023256
25815	11693	515	1265	0.26666666666666666
28318	9146	394	1347	0.205607476635514
3288	14455	894	1343	0.27
10422	30777	503	1321	0.24770642201834864
13653	22432	165	637	0.3125
32526	7720	496	570	0.2631578947368421
9239	23868	603	527	0.28205128205128205
25519	31704	555	522	0.26229508196721313
12097	4742	508	516	0.30364372469635625
10112	16329	293	293	0.271356783919598
318	1760	220	348	0.2857142857142857
22374	30004	319	374	0.7966666666666666
33157	22867	367	1285	0.23655913978494625
7545	24078	1317	407	0.34615384615384615
15343	9297	332	383	0.3333333333333333
19984	11903	884	294	0.25
22309	25451	1323	502	0.2727272727272727
24946	1292	440	497	0.23308270676691728
452	55	519	420	0.42857142857142855
21865	32185	873	1553	0.2619047619047619
13949	26690	505	503	0.24615384615384617
3026	13470	298	529	0.45454545454545453
2020	13250	515	292	0.17857142857142858
17607	4795	1298	231	0.2916666666666667
16114	26585	293	227	0.3125
22175	12389	488	490	0.3275862068965517
8192	33789	287	364	0.35294117647058826
21179	28421	298	345	0.27586206896551724
17495	29085	292	544	0.32
28913	1809	547	1336	0.21578947368421053
32658	2851	332	406	0.4666666666666667
27930	2882	1339	506	0.2625
1631	32684	539	702	0.18032786885245902
17849	24728	484	437	0.3333333333333333
6508	18218	1539	528	0.3142857142857143
15703	16221	453	318	0.3333333333333333
29172	2056	328	474	0.42857142857142855
3334	18204	411	525	0.3137254901960784
5199	31994	499	300	0.21052631578947367
20242	18593	534	299	0.2708333333333333
12908	25396	521	413	0.5555555555555556
28683	5403	316	511	0.4444444444444444
25007	15621	513	484	0.2125
33012	30043	100	493	0.19148936170212766
28617	12219	472	334	0.7
5199	23447	499	1490	0.2631578947368421
31326	32099	353	527	0.5
19729	407	509	444	0.5555555555555556
21301	16709	261	529	0.3142857142857143
24553	32872	481	826	0.3225806451612903
28647	28120	259	1569	0.273972602739726
7991	34309	1328	822	0.24193548387096775
9780	19036	706	508	0.391304347826087
32733	20159	1259	1337	0.23884297520661157
4395	17960	807	478	0.3181818181818182
11163	32049	418	516	0.35714285714285715
33154	23694	825	571	0.23
15326	4162	503	1342	0.23076923076923078
16429	7132	532	498	0.2727272727272727
32972	32805	265	513	0.2597402597402597
30810	11345	375	581	0.2702702702702703
27411	13581	1328	1271	0.23581135091926458
16923	11273	519	524	0.3333333333333333
5384	10553	284	479	0.3125
8936	13431	855	645	0.2815533980582524
14339	34350	628	473	0.23214285714285715
10434	8039	329	404	0.38095238095238093
20581	1560	493	261	0.21238938053097345
937	30213	535	701	0.2692307692307692
8055	13868	356	218	0.4
9084	440	657	739	0.24
18970	17898	740	411	0.32432432432432434
33518	16945	948	407	0.25
23010	27519	844	664	0.30434782608695654
29712	31652	525	317	0.2692307692307692
4657	23814	558	468	0.2
17427	7239	467	1552	0.391304347826087
30451	24895	277	251	0.21739130434782608
25597	463	539	499	0.30434782608695654
19444	20686	878	256	0.2535211267605634
27373	15117	543	1270	0.24603174603174602
5539	6470	867	475	0.23232323232323232
26336	20323	328	475	0.2589641434262948
24286	28847	165	545	0.4117647058823529
26258	32214	1131	528	0.2564102564102564
29499	26181	1260	518	0.5967741935483871
24408	31053	376	533	0.4444444444444444
28378	25222	544	875	0.3333333333333333
26271	16495	658	220	0.27450980392156865
31500	25824	612	527	0.19444444444444445
3071	23120	420	283	0.3
8239	551	899	1287	0.3448275862068966
32776	22414	345	362	0.3181818181818182
9153	28559	528	413	0.3333333333333333
20371	21596	447	256	0.29411764705882354
21014	12127	510	417	0.20465116279069767
4627	32178	260	438	0.391304347826087
23839	4064	1220	507	0.3684210526315789
18842	34039	1265	533	0.2564102564102564
32447	34682	326	295	0.26
8805	32851	293	375	0.2222222222222222
31958	9410	277	339	0.24561403508771928
30672	23631	547	1212	0.2413793103448276
19600	18079	1307	365	0.22807017543859648
9289	10919	845	261	0.3125
324	28254	535	1269	0.22448979591836735
5046	23711	562	437	0.29411764705882354
2660	27142	482	530	0.3333333333333333
11152	30632	567	492	0.32558139534883723
15214	34484	265	277	0.2857142857142857
28298	18063	1330	556	0.32
2274	4043	524	524	0.9961832061068703
24897	31388	255	261	0.31716417910447764
9154	20007	508	411	0.3448275862068966
27189	28297	869	415	0.3125
13249	2452	293	1530	0.5833333333333334
16105	10631	1307	567	0.28
5748	16839	346	491	0.3333333333333333
16198	3644	1509	349	0.19444444444444445
12712	5830	484	508	0.23274161735700197
12446	15667	330	392	0.28205128205128205
15847	1298	448	252	0.23
5176	7110	365	488	0.375
7342	33312	282	473	0.325
17225	1405	547	459	0.27848101265822783
26246	23176	1321	312	0.2072072072072072
16488	32883	452	354	0.2647058823529412
34850	21193	1098	407	0.29333333333333333
22487	34279	525	549	0.2857142857142857
32646	20957	548	1287	0.375
24348	8744	438	467	0.3230769230769231
18975	23296	246	1045	0.3137254901960784
10058	25735	515	463	0.2594594594594595
6838	22518	512	258	0.46153846153846156
4903	18119	672	332	0.25925925925925924
12639	27005	332	1349	0.24615384615384617
29980	16577	312	505	0.21100917431192662
22704	29807	709	464	0.34375
34293	13836	178	505	0.2962962962962963
20799	4774	436	360	0.25925925925925924
29692	13088	215	164	0.25925925925925924
32877	29902	323	584	0.24324324324324326
5832	15829	260	1508	0.25
21507	22878	346	523	0.25
26045	27801	1445	401	0.2636363636363636
28313	16216	466	232	0.20754716981132076
13325	23291	454	1680	0.24675324675324675
28663	16406	410	1270	0.2524271844660194
4475	30407	584	302	0.2765957446808511
34988	9231	673	1269	0.2169811320754717
21431	25367	846	896	0.9894366197183099
3008	8039	323	404	0.2894736842105263
7264	28322	451	317	0.2857142857142857
8448	17284	337	509	0.3333333333333333
27824	20088	1281	251	0.35
30836	27584	328	329	0.2289156626506024
11017	12840	485	332	0.23404255319148937
25777	18609	381	524	0.4375
9003	28286	256	512	0.3333333333333333
34420	23716	302	292	0.42105263157894735
7662	31801	919	516	0.288135593220339
29987	12533	1215	1341	0.7579203899268887
28449	31548	374	529	0.25806451612903225
3185	5928	471	566	0.2926829268292683
257	8592	292	1338	0.30434782608695654
32404	5051	673	585	0.21428571428571427
3809	20500	487	433	0.3333333333333333
8336	591	718	227	0.3333333333333333
12312	29766	546	676	0.32432432432432434
10410	6609	465	765	0.26785714285714285
8428	8139	442	753	0.27586206896551724
23942	4930	1340	579	0.21476510067114093
2717	17957	393	395	0.32
23058	25080	1265	327	0.35
11240	19971	503	588	0.24
17738	27333	381	413	0.5714285714285714
11984	9863	499	1029	0.5294117647058824
2336	6150	450	430	0.29411764705882354
25604	22058	330	542	0.42105263157894735
27854	26740	256	918	0.6
14225	15454	365	301	0.3103448275862069
13902	23121	556	1337	0.3
2390	34204	698	1013	0.46153846153846156
10201	18871	447	626	0.2564102564102564
12360	8616	212	856	0.5333333333333333
25117	8403	292	553	0.25
21170	15766	503	505	0.20833333333333334
5986	18121	511	1523	0.3333333333333333
949	15402	297	401	0.3076923076923077
3516	32408	481	318	0.22641509433962265
20570	20536	475	1237	0.21495327102803738
34540	18600	1123	1578	0.23809523809523808
4295	17934	670	296	0.3142857142857143
10461	4016	348	485	0.4444444444444444
9249	18552	467	293	0.16666666666666666
34682	19498	295	541	0.20833333333333334
12427	22709	1272	546	0.3548387096774194
3228	31972	323	511	0.2876712328767123
18351	24187	1140	504	0.3048780487804878
949	13917	297	223	0.3181818181818182
16171	12064	521	818	0.225
33783	3546	311	547	0.3157894736842105
30515	1601	1325	255	0.35714285714285715
9156	17366	523	222	0.36363636363636365
17683	256	286	556	0.2608695652173913
19810	13252	599	424	0.5333333333333333
5638	1576	617	519	0.23076923076923078
788	30674	508	1070	0.23880597014925373
31733	6304	681	259	0.3333333333333333
11396	15440	520	161	0.23076923076923078
21531	15828	599	1272	0.46153846153846156
8468	32044	1303	373	0.28
31110	14458	552	633	0.28
32081	28584	498	366	0.23333333333333334
23238	22488	1513	469	0.18421052631578946
16859	28890	1303	1561	0.36565507031828276
26072	4251	789	550	0.25
28676	8341	926	417	0.375
29085	23394	544	288	0.3055555555555556
31183	14761	612	453	0.25
22121	21003	567	539	0.24369747899159663
20315	6995	1243	1269	0.23885618166526493
18880	30680	1270	1551	0.25511302475780406
6378	11778	309	261	0.2777777777777778
25535	26626	255	514	0.26582278481012656
28048	6930	255	1304	0.45454545454545453
22255	16191	1241	286	0.30434782608695654
14231	8358	1509	460	0.21666666666666667
17449	11746	462	544	0.27941176470588236
30321	3342	555	679	0.19298245614035087
9098	4520	392	409	0.32432432432432434
22658	3858	348	261	0.26785714285714285
6437	13611	628	484	0.2978723404255319
16690	14587	540	218	0.2857142857142857
16355	3312	293	1215	0.2638888888888889
28617	10328	472	1069	0.4230769230769231
30969	21663	1285	394	0.43478260869565216
33046	11857	1448	667	0.19718309859154928
18875	29259	397	1435	0.22608695652173913
31008	12382	348	503	0.25
14104	4579	1281	645	0.2869198312236287
8624	2844	1340	504	0.34782608695652173
14486	29486	164	515	0.20408163265306123
7334	7185	534	1295	0.24390243902439024
9701	28940	624	294	0.275
22717	15887	292	1320	0.2
23765	20647	299	1326	0.5
30274	5736	313	466	0.38461538461538464
18862	11846	286	529	0.3181818181818182
5523	5870	1324	422	0.5
27618	12253	1324	1051	0.24615384615384617
11617	2201	772	258	0.4444444444444444
25663	21312	735	1277	0.22580645161290322
5822	3005	523	433	0.2571428571428571
252	18094	1326	394	0.24561403508771928
16477	12424	220	194	0.34375
25812	16461	255	1287	0.5625
14128	25709	95	471	0.625
17501	19012	1319	426	0.28
16448	13779	479	394	0.375
10509	27420	1354	800	0.3103448275862069
6088	16572	512	394	0.22422680412371135
9657	10243	313	434	0.30303030303030304
488	3694	556	259	0.46153846153846156
30368	9846	292	1294	0.38095238095238093
10823	28929	518	1465	0.25225225225225223
26081	32782	508	525	0.2361111111111111
15661	20915	556	436	0.25862068965517243
10302	30265	512	481	0.21052631578947367
33332	3077	1024	313	0.2807017543859649
33244	29231	264	177	0.27906976744186046
20945	31614	866	222	0.3108108108108108
6974	3694	1254	259	0.5333333333333333
14306	12344	1334	686	0.4230769230769231
24388	14289	386	286	0.3333333333333333
2588	934	175	538	0.22797927461139897
2857	2843	793	509	0.2926829268292683
3931	27721	232	555	0.36
13874	9208	190	410	0.32142857142857145
22420	33716	292	140	0.5
27795	31184	1305	371	0.25
29225	21673	316	1478	0.22666666666666666
18591	26377	1268	410	0.24271844660194175
24227	27078	332	536	0.46153846153846156
7903	31420	351	373	0.18604651162790697
10859	20254	1231	1147	0.8862433862433863
30311	1822	460	345	0.3181818181818182
15815	18959	299	1277	0.25
17971	27600	394	541	0.3888888888888889
14194	14432	448	477	0.42857142857142855
12046	18811	226	1273	0.21875
24808	23180	292	289	0.2631578947368421
27073	34626	497	460	0.28846153846153844
18680	4263	376	346	0.3157894736842105
21901	19443	495	402	0.5
26923	13152	655	1276	0.26540284360189575
21816	7935	350	526	0.25925925925925924
30509	20487	369	837	0.2222222222222222
32445	13370	488	505	0.22033898305084745
20550	4455	497	337	0.32558139534883723
33729	24015	778	507	0.4
7092	32748	1324	399	0.3333333333333333
25944	25336	501	223	0.375
23525	23653	322	454	0.18
26764	21443	486	515	0.22580645161290322
26990	826	834	1551	0.25
2737	14985	427	332	0.5625
14347	29340	394	210	0.3464052287581699
20629	10056	1513	522	0.3333333333333333
11949	25897	939	771	0.2698412698412698
17828	33805	190	716	0.3333333333333333
16796	9153	399	528	0.3548387096774194
5785	570	345	164	0.25806451612903225
10469	12059	255	623	0.35294117647058826
8380	21369	623	259	0.375
6067	17404	725	498	0.29411764705882354
22184	23142	570	360	0.2682926829268293
31454	24134	522	316	0.3235294117647059
12973	29698	1508	904	0.3055555555555556
8549	15063	471	292	0.2080536912751678
31763	25984	440	486	0.3125
27080	2953	457	323	0.2894736842105263
17892	4593	632	549	0.5
18660	9432	445	510	0.3
28157	20112	152	359	0.2631578947368421
14024	3762	394	375	0.2857142857142857
12116	30924	312	390	0.7
3030	5077	1486	410	0.25
14462	31895	1286	599	0.25252525252525254
10174	11726	413	555	0.3333333333333333
9354	7986	316	407	0.25
1057	13127	535	1509	0.23232323232323232
23704	9738	1321	618	0.27941176470588236
20407	12464	764	165	0.30952380952380953
10015	10891	1407	349	0.5833333333333334
24201	2158	265	1200	0.3269230769230769
5698	20028	246	488	0.20512820512820512
25829	8721	520	466	0.2161654135338346
17059	1676	416	521	0.42857142857142855
30203	28345	261	1261	0.25
21523	12985	487	452	0.5555555555555556
3567	30660	741	261	0.3619631901840491
13921	19271	521	618	0.3333333333333333
32691	26402	292	513	0.14634146341463414
30009	1575	538	516	0.26
3296	28724	325	256	0.47058823529411764
33146	10212	812	532	0.3225806451612903
20362	19886	398	406	0.7758186397984886
26164	28242	697	507	0.3055555555555556
25698	24725	311	256	0.28061224489795916
20224	14547	1210	541	0.24324324324324326
28274	319	553	531	0.2916666666666667
20270	13786	1381	293	0.2692307692307692
33950	26769	481	1326	0.425
33132	10405	823	373	0.35714285714285715
23329	1074	777	637	0.45454545454545453
34693	21428	375	913	0.3333333333333333
21980	11846	1319	529	0.2222222222222222
21901	27995	495	399	0.4375
10824	31242	372	1410	0.21621621621621623
12082	24707	536	351	0.2631578947368421
24924	9590	370	1283	0.26666666666666666
13809	9355	293	361	0.30952380952380953
21456	29355	336	276	0.5652173913043478
10409	31971	606	1396	0.3055555555555556
16059	19934	556	261	0.3548387096774194
27057	10855	272	435	0.1702127659574468
31036	3594	558	515	0.2923076923076923
17726	30639	1343	503	0.23809523809523808
11589	12611	260	454	0.4
15791	16601	220	478	0.41379310344827586
16476	28208	242	558	0.35294117647058826
27275	26067	1292	585	0.23469387755102042
6904	3012	510	615	0.2608695652173913
23162	6562	1272	341	0.2261904761904762
19546	25318	1223	475	0.25
5697	3158	227	521	0.3333333333333333
24800	33633	365	849	0.3225806451612903
25942	11062	493	547	0.2857142857142857
32909	25304	533	258	0.5555555555555556
34075	34195	778	263	0.38461538461538464
30859	11102	320	266	0.4375
17815	16422	457	411	0.2777777777777778
16699	1245	513	495	0.2386117136659436
16109	23607	525	450	0.375
5464	34087	533	778	0.23076923076923078
27999	21234	581	440	0.4166666666666667
27334	5680	500	527	0.2727272727272727
15043	19640	292	345	0.35
17896	3083	192	323	0.3076923076923077
14932	15422	394	484	0.2747747747747748
6651	16225	334	220	0.21818181818181817
1812	7949	373	261	0.3142857142857143
25889	12492	260	1316	0.3333333333333333
17554	30730	816	570	0.34210526315789475
27579	4464	502	380	0.2631578947368421
8861	13335	346	192	0.5
32372	32363	130	236	0.24242424242424243
16233	154	524	337	0.18518518518518517
5967	10338	326	1336	0.2549019607843137
10482	1822	552	345	0.38461538461538464
5031	25267	351	640	0.2625
14094	6278	484	1278	0.2
32844	24055	512	1446	0.24031007751937986
11821	2036	279	241	0.25
386	10045	448	405	0.36363636363636365
15758	6514	463	1325	0.19230769230769232
23842	9955	1281	1246	0.23057644110275688
14172	4796	550	371	0.25806451612903225
12769	15883	299	311	0.3333333333333333
25885	14211	504	1524	0.32432432432432434
4362	19076	507	1305	0.3
319	11628	531	470	0.23684210526315788
5213	11007	560	473	0.32608695652173914
31787	2981	406	373	0.5384615384615384
12031	16017	669	192	0.4
8008	27947	536	356	0.3888888888888889
31713	12274	520	516	0.21311475409836064
2291	7366	229	252	0.3132530120481928
11988	22785	256	453	0.3
1190	16048	256	293	0.23383084577114427
6401	29917	487	504	0.2641509433962264
31847	20984	295	353	0.35294117647058826
26139	900	518	1440	0.2708333333333333
511	373	253	394	0.5333333333333333
6894	5189	507	850	0.36585365853658536
30337	24655	521	550	0.2631578947368421
22462	13930	512	165	0.29411764705882354
11414	19269	312	1279	0.25
20244	34707	307	353	0.17857142857142858
15627	16854	137	880	0.5555555555555556
14333	33443	538	841	0.2413793103448276
31520	7453	520	475	0.4117647058823529
24426	4766	237	479	0.3684210526315789
20487	18656	837	469	0.3333333333333333
32296	19952	279	506	0.2926829268292683
28531	7554	535	337	0.3793103448275862
7442	30487	894	483	0.2553191489361702
3839	29635	553	528	0.45454545454545453
707	8740	455	1220	0.3409090909090909
31629	9216	253	477	0.3181818181818182
34933	12214	283	516	0.4375
2174	16679	1322	1357	0.2257799671592775
3488	3053	355	412	0.2727272727272727
15559	34057	192	236	0.6
633	13245	644	521	0.3333333333333333
18548	7473	467	414	0.36363636363636365
11712	13428	570	524	0.3333333333333333
10992	7422	736	246	0.34545454545454546
24932	826	345	1551	0.2727272727272727
1638	24553	537	481	0.24302788844621515
14070	11662	365	278	0.24489795918367346
17386	4985	412	1210	0.1797752808988764
15298	9098	1508	392	0.213768115942029
22957	12248	569	1059	0.3
29548	25190	465	260	0.26666666666666666
10497	23654	543	172	0.2708333333333333
9670	2813	520	344	0.2702702702702703
10749	5784	503	1305	0.375
14433	7320	365	520	0.30434782608695654
6470	28616	475	486	0.36363636363636365
30626	22696	1320	292	0.2261904761904762
19014	10854	526	636	0.25
34677	14097	706	293	0.2875
10975	25315	753	406	0.30434782608695654
32381	1741	149	282	0.38461538461538464
6652	5468	241	552	0.4
26272	29224	446	509	0.4117647058823529
33130	7262	354	872	0.5555555555555556
7401	28377	406	555	0.20270270270270271
30689	26963	361	375	0.34615384615384615
8893	462	461	192	0.36363636363636365
11764	20962	293	1300	0.2047244094488189
6281	21829	621	578	0.2127659574468085
12373	33239	487	533	0.3888888888888889
26016	16815	235	479	0.18181818181818182
11094	28331	241	276	0.2459016393442623
28994	15326	531	503	0.5864811133200796
1031	11182	515	255	0.35294117647058826
11214	2673	543	437	0.4375
19586	5483	402	571	0.2765957446808511
31675	22151	285	478	0.32142857142857145
13678	1517	638	255	0.36
18541	781	562	523	0.3125
23659	12935	323	192	0.2542372881355932
5085	34203	514	529	0.3076923076923077
18416	4866	267	314	0.47619047619047616
3974	22460	518	479	0.5
1800	29318	708	438	0.42857142857142855
21125	20953	292	1308	0.45
172	34577	413	992	0.34615384615384615
17003	32886	255	703	0.3142857142857143
20965	10735	413	567	0.6666666666666666
19084	27057	1227	272	0.27631578947368424
32072	29267	508	259	0.34782608695652173
4081	15249	512	536	0.36363636363636365
32543	33043	853	132	0.46153846153846156
16416	28584	425	366	0.2857142857142857
29627	32252	456	319	0.2571428571428571
3244	454	1325	505	0.21794871794871795
14891	1552	525	696	0.25
29458	25736	247	488	0.32142857142857145
17865	19275	149	1232	0.25
2643	22265	330	495	0.35294117647058826
33419	15223	354	286	0.2631578947368421
21098	21474	526	1209	0.2222222222222222
509	5518	448	533	0.2911392405063291
32607	10709	277	320	0.3888888888888889
28958	10944	569	551	0.2631578947368421
29790	29012	1072	744	0.7389162561576355
15884	9014	362	1186	0.29411764705882354
12281	1690	387	485	0.20634920634920634
7720	15483	570	1508	0.47619047619047616
8548	713	508	415	0.2631578947368421
23658	7073	341	446	0.23809523809523808
5897	10331	248	504	0.47368421052631576
4142	12666	277	362	0.3333333333333333
16752	1814	503	1328	0.2625
27995	12808	399	1271	0.37142857142857144
25123	35006	414	945	0.25333333333333335
2033	4783	919	393	0.25806451612903225
2591	23847	678	409	0.2962962962962963
1931	11715	802	558	0.23636363636363636
19847	2716	516	460	0.35
26294	20630	497	1486	0.3684210526315789
4208	4334	515	445	0.2753623188405797
30740	17902	414	853	0.25806451612903225
31104	5088	1278	707	0.2807017543859649
5814	30204	1323	375	0.3888888888888889
3212	25747	167	317	0.3
17794	23045	317	413	0.4117647058823529
28831	28549	520	1257	0.3076923076923077
33437	26577	178	297	0.46153846153846156
12795	5869	292	407	0.30158730158730157
10716	16686	256	1284	0.24271844660194175
3670	29349	1531	449	0.2894736842105263
1654	20178	409	682	0.2727272727272727
19514	5259	585	222	0.25
16151	34158	292	895	0.21774193548387097
7895	4092	1547	499	0.2692307692307692
8145	6540	704	248	0.23636363636363636
17981	21972	261	335	0.26785714285714285
26664	32758	317	526	0.22727272727272727
26353	30456	495	1314	0.2857142857142857
28768	27269	291	555	0.5714285714285714
4667	22172	436	484	0.24705882352941178
8470	17561	1245	1320	0.2278688524590164
26155	1899	1225	277	0.2545454545454545
6319	31715	1557	501	0.24210526315789474
2556	10045	153	405	0.391304347826087
6196	29481	860	513	0.2597402597402597
27667	20081	547	304	0.3888888888888889
21699	4921	464	585	0.21052631578947367
31665	30585	344	1321	0.6666666666666666
2629	8449	232	493	0.25925925925925924
9998	13476	417	192	0.25925925925925924
275	16487	444	165	0.625
22938	15073	244	165	0.22
20010	29629	619	260	0.4090909090909091
33082	10627	265	321	0.3333333333333333
28863	30175	742	536	0.2345679012345679
8911	21141	719	534	0.4015151515151515
12425	9749	319	553	0.20512820512820512
3887	23154	1273	470	0.375
11965	34872	377	353	0.4666666666666667
17548	34349	524	78	0.28125
31083	15448	509	497	0.23076923076923078
23642	32901	434	368	0.3333333333333333
32692	11445	164	510	0.7142857142857143
30053	11232	261	494	0.29411764705882354
12463	14087	454	448	0.2391304347826087
22246	30972	1422	620	0.23893805309734514
1041	10709	824	320	0.22058823529411764
16707	1966	285	346	0.47619047619047616
15904	32966	521	1453	0.3103448275862069
26272	27766	446	342	0.3793103448275862
12808	34636	1271	672	0.2231404958677686
20207	25173	1265	538	0.2835820895522388
18755	34977	534	928	0.29411764705882354
18743	17469	266	199	0.3073170731707317
8868	29813	304	499	0.5333333333333333
16283	15238	332	292	0.3258426966292135
20912	25749	1291	531	0.26666666666666666
22728	8576	499	1306	0.3
15712	5075	346	480	0.41935483870967744
27283	29751	259	256	0.5177865612648221
26559	10880	482	522	0.24050632911392406
10192	31019	402	652	0.2857142857142857
16313	21855	318	493	0.36363636363636365
14794	15379	365	1283	0.3103448275862069
20430	194	221	292	0.34285714285714286
25587	10357	341	516	0.6363636363636364
3704	6839	1326	498	0.23333333333333334
26936	27795	872	1305	0.2604166666666667
12742	16111	293	1509	0.5833333333333334
17705	3873	446	371	0.3333333333333333
7647	17157	460	361	0.20634920634920634
8728	6020	695	516	0.23060796645702306
24536	26106	524	272	0.3448275862068966
12861	16739	394	255	0.21008403361344538
22503	11603	691	310	0.35714285714285715
27236	13879	585	394	0.24299065420560748
26289	11228	328	516	0.21739130434782608
34614	27498	460	574	0.21666666666666667
11924	14231	522	1509	0.325
12776	23883	192	1168	0.1875
30105	2107	925	277	0.2894736842105263
18567	18083	1523	406	0.2
17455	23842	1266	1281	0.6577235772357723
23794	7680	356	472	0.2926829268292683
20085	13329	1349	292	0.4
17753	19037	536	479	0.2647058823529412
9653	5508	286	404	0.7619047619047619
5078	6897	564	514	0.24193548387096775
30617	22251	522	1305	0.28888888888888886
17376	17365	255	502	0.30158730158730157
19203	21787	545	1241	0.37037037037037035
31329	18928	553	1304	0.47058823529411764
10924	5311	277	1512	0.23728813559322035
34830	19613	334	579	0.4117647058823529
11772	19677	320	522	0.3
24809	15573	464	226	0.24242424242424243
33139	7186	294	674	0.23529411764705882
24057	4888	1398	228	0.3333333333333333
10578	7290	588	1267	0.23931623931623933
8062	26730	351	1530	0.23636363636363636
17898	32185	411	1553	0.25806451612903225
11379	16493	419	1326	0.24324324324324326
11667	32840	299	1283	0.26582278481012656
28977	11372	582	516	0.4166666666666667
16592	28896	452	289	0.6666666666666666
13388	21181	165	382	0.5
14051	34623	1332	468	0.2631578947368421
32495	24553	531	481	0.22167487684729065
7749	23601	407	738	0.3548387096774194
15719	137	448	448	0.9174107142857143
4007	30455	543	337	0.34615384615384615
20714	7813	482	712	0.2345679012345679
17110	24155	288	1382	0.34285714285714286
4934	34670	542	865	0.29411764705882354
14433	18216	365	476	0.3157894736842105
31464	11627	471	540	0.43478260869565216
15375	3192	1508	641	0.2857142857142857
22256	30509	1317	369	0.3235294117647059
11240	17044	503	499	0.23880597014925373
21252	12882	1321	362	0.25316455696202533
4995	1685	781	512	0.38461538461538464
32975	6015	570	522	0.375
9195	16449	591	232	0.3103448275862069
26509	19651	1349	1270	0.861132660977502
15637	31352	362	434	0.24242424242424243
35066	25161	711	1179	0.35714285714285715
11009	20220	555	464	0.2631578947368421
13473	3109	232	483	0.2692307692307692
4653	17606	559	803	0.25
27247	868	513	470	0.263681592039801
27903	27572	261	475	0.29310344827586204
25510	7486	525	928	0.23809523809523808
1735	24747	1607	260	0.3333333333333333
27080	15882	457	1341	0.27419354838709675
29220	20284	259	235	0.22916666666666666
6713	9636	327	636	0.2708333333333333
4185	34004	516	267	0.4166666666666667
32183	2423	544	548	0.2916666666666667
25281	22162	394	1270	0.5263157894736842
586	27835	505	859	0.34146341463414637
5080	17449	470	462	0.5294117647058824
28689	5473	348	461	0.5
22937	589	335	122	0.2857142857142857
6709	7043	414	1216	0.20224719101123595
10793	20868	437	468	0.275
145	9095	292	516	0.5
12518	5334	269	499	0.4444444444444444
27218	2890	393	493	0.4
107	16667	492	326	0.3125
3453	12271	507	348	0.32608695652173914
31496	10817	323	1344	0.6
27238	33517	499	384	0.34782608695652173
14865	8759	505	381	0.5
7393	11314	536	524	0.3225806451612903
3937	25631	550	1219	0.3111111111111111
5239	17319	825	691	0.42857142857142855
19356	9241	307	364	0.32608695652173914
24374	2404	571	717	0.29411764705882354
30283	25888	619	499	0.35
24951	29665	592	1304	0.4090909090909091
33112	17122	825	1278	0.2375
10743	2124	501	440	0.2
4040	4420	533	348	0.34782608695652173
18737	5555	197	591	0.3
18236	17674	503	529	0.21052631578947367
8940	16868	515	1241	0.37037037037037035
25706	907	1277	1422	0.3556390977443609
31174	14603	348	394	0.3333333333333333
32003	11113	512	312	0.23711340206185566
16167	34947	95	472	0.28125
27730	4438	334	1320	0.2777777777777778
23197	24131	1680	323	0.3684210526315789
11118	34001	505	371	0.3333333333333333
21106	17908	869	505	0.38461538461538464
29947	21211	575	515	0.3939393939393939
30837	28627	506	1459	0.25806451612903225
13981	32098	289	413	0.3275862068965517
33019	11169	274	501	0.23809523809523808
15048	1881	165	404	0.28
22283	20603	1541	1533	0.35247836349331235
32696	31317	259	643	0.22115384615384615
30751	35038	560	977	0.23529411764705882
13695	25555	448	320	0.47619047619047616
29070	28478	382	531	0.20833333333333334
1039	30739	377	540	0.20918367346938777
20439	6534	547	855	0.25
2645	24180	433	858	0.2777777777777778
14314	17864	332	797	0.6
20739	291	523	505	0.27586206896551724
18398	15065	549	365	0.46153846153846156
3648	15491	1545	505	0.3018867924528302
22347	28419	414	346	0.19047619047619047
1665	8740	341	1220	0.3333333333333333
34782	23302	776	275	0.4
26857	25104	352	307	0.22448979591836735
27887	988	566	257	0.2702702702702703
27469	13859	496	318	0.28205128205128205
23411	20136	494	544	0.39285714285714285
30671	25742	666	336	0.203125
1120	31861	487	492	0.250814332247557
21407	5366	292	1534	0.2727272727272727
11233	5706	497	601	0.2638888888888889
3731	5806	1870	367	0.23469387755102042
32794	19068	1287	227	0.5333333333333333
8488	25521	414	564	0.1702127659574468
10826	8963	667	458	0.24285714285714285
24883	20368	253	349	0.3888888888888889
18724	6801	256	503	0.22535211267605634
34497	1529	936	1349	0.42857142857142855
8562	18181	668	292	0.2962962962962963
22625	19227	482	552	0.25
3990	32880	503	1020	0.23404255319148937
22874	15344	348	1525	0.225
21079	26560	854	282	0.34146341463414637
24477	15755	499	320	0.21621621621621623
22044	10320	467	551	0.35294117647058826
18115	16002	306	848	0.3125
30843	29698	474	904	0.3
21682	2494	888	531	0.2702702702702703
29311	27351	256	499	0.3333333333333333
23758	21151	728	421	0.6042780748663101
30064	14647	538	1522	0.32727272727272727
31840	16515	737	1331	0.27522935779816515
23109	10139	293	516	0.38095238095238093
21643	4983	236	1288	0.35555555555555557
11171	11176	538	462	0.28888888888888886
21689	19034	272	356	0.2361111111111111
27479	30013	1179	1321	0.22115384615384615
3367	5393	1642	546	0.27472527472527475
32228	21274	528	894	0.2631578947368421
11134	10341	516	447	0.21875
31476	11479	1321	851	0.35
17940	28056	365	386	0.35294117647058826
21479	10623	519	536	0.47368421052631576
13698	26044	1508	1297	0.5198702351987023
32528	16698	576	513	0.2191780821917808
3456	9319	488	866	0.2318840579710145
3946	14684	431	161	0.2564102564102564
33882	22244	887	650	0.5454545454545454
17642	2493	362	409	0.5
28682	60	358	451	0.36363636363636365
3856	17185	508	822	0.37777777777777777
5877	22445	370	736	0.27941176470588236
5383	8447	557	335	0.2647058823529412
18538	9404	259	543	0.38235294117647056
27187	20963	499	502	0.26732673267326734
30787	20982	615	503	0.3023255813953488
14508	22328	394	551	0.2857142857142857
4534	13219	360	508	0.26666666666666666
31593	24583	610	657	0.2037037037037037
16230	21869	456	408	0.36363636363636365
10552	18633	503	534	0.37037037037037035
27343	4608	855	815	0.34782608695652173
20466	8574	288	367	0.5
28467	10982	508	501	0.4948665297741273
1426	17768	341	394	0.32142857142857145
3902	33496	475	892	0.4117647058823529
23210	9223	1226	568	0.2777777777777778
1469	26074	224	1325	0.36
16126	13401	463	503	0.34782608695652173
17266	26713	489	622	0.35714285714285715
4995	4518	781	337	0.25
34551	32648	782	467	0.3333333333333333
34444	32507	1120	542	0.4
12376	29414	403	544	0.2391304347826087
9432	34162	510	132	0.45454545454545453
11767	25060	615	542	0.623574144486692
22893	12359	343	271	0.2578616352201258
14320	33265	556	320	0.2903225806451613
2691	18799	500	656	0.3125
6711	4322	534	523	0.42857142857142855
31520	5572	520	591	0.24468085106382978
25204	3163	335	516	0.24324324324324326
16070	13260	165	301	0.3333333333333333
15165	4007	1286	543	0.22549019607843138
33069	24491	482	260	0.32558139534883723
19128	18439	291	246	0.23
5690	34677	1435	706	0.2702702702702703
19750	16370	570	505	0.4
27501	28172	326	499	0.2894736842105263
3553	11844	312	570	0.3333333333333333
1041	13055	824	453	0.45
5712	14582	680	264	0.25
30882	3164	409	475	0.2727272727272727
10377	4378	440	453	0.2894736842105263
2058	15747	379	223	0.391304347826087
27230	31819	513	299	0.35
27079	32680	255	543	0.4166666666666667
29994	30394	1325	1468	0.3632286995515695
29813	15739	499	394	0.7766497461928934
27265	22417	869	332	0.37142857142857144
29893	24738	368	255	0.4117647058823529
20391	23401	357	1288	0.2807017543859649
22845	19581	425	484	0.4444444444444444
21680	3812	862	261	0.22033898305084745
13633	16396	394	134	0.42857142857142855
33047	7263	778	869	0.28
21680	16391	862	1511	0.2625
13241	23476	449	1511	0.3111111111111111
7277	7069	1230	335	0.21428571428571427
3311	9156	1528	523	0.2857142857142857
25022	13390	460	192	0.35135135135135137
20652	24344	1145	252	0.5
13462	15403	502	192	0.2727272727272727
3231	8866	425	561	0.3047619047619048
12592	16350	506	631	0.22580645161290322
12359	5390	271	501	0.3333333333333333
13485	23935	243	876	0.2549019607843137
4576	20403	520	1197	0.30952380952380953
34080	20637	778	1494	0.38461538461538464
22043	1867	577	259	0.2916666666666667
30442	1496	496	242	0.24691358024691357
9388	24675	331	480	0.6363636363636364
16410	1137	524	349	0.3870967741935484
28322	9084	317	657	0.2631578947368421
27694	930	498	511	0.21626984126984128
25264	28836	480	569	0.3275862068965517
18444	6954	255	488	0.45454545454545453
20960	8080	319	1164	0.30952380952380953
19461	20034	546	519	0.3114754098360656
33229	31294	523	331	0.4117647058823529
28637	10301	649	900	0.34285714285714286
7036	27529	438	847	0.3225806451612903
18720	16035	1287	521	0.32608695652173914
16710	8900	482	479	0.23076923076923078
29698	29727	904	528	0.34285714285714286
16334	3573	505	522	0.225
11420	18472	1323	501	0.2465753424657534
3517	28624	432	550	0.2711864406779661
21442	31325	411	520	0.2982456140350877
11067	22601	410	254	0.4
10992	2200	736	259	0.30927835051546393
10333	15000	504	1506	0.3148148148148148
23673	33242	531	587	0.35294117647058826
13516	29750	362	249	0.2631578947368421
30283	7317	619	540	0.45
10538	24526	261	475	0.3333333333333333
11844	17332	570	899	0.3
34781	5546	294	569	0.3142857142857143
19671	23477	1274	730	0.4782608695652174
5410	25171	346	540	0.4166666666666667
21876	4405	917	280	0.3333333333333333
18107	20549	528	491	0.391304347826087
25793	19215	541	482	0.4375
19564	28348	401	756	0.25
16477	21065	220	562	0.2553191489361702
9462	15614	868	1508	0.4444444444444444
386	1977	448	524	0.20787746170678337
16896	4754	1268	318	0.25287356321839083
24274	11132	292	396	0.3684210526315789
19867	10237	380	498	0.2777777777777778
34492	24620	503	536	0.2553191489361702
32474	23951	620	1314	0.36363636363636365
21642	16754	519	337	0.42857142857142855
32355	611	224	394	0.35135135135135137
4530	32906	549	535	0.43478260869565216
30797	31986	411	507	0.45454545454545453
22718	2952	524	499	0.2314990512333966
8187	19743	862	1378	0.23809523809523808
24625	29584	1527	456	0.24561403508771928
2850	14975	478	192	0.5454545454545454
27755	32118	382	544	0.28888888888888886
9388	22525	331	239	0.2903225806451613
2913	8400	356	222	0.4
32997	1825	375	345	0.27419354838709675
3754	20289	523	372	0.21428571428571427
5027	30240	549	542	0.4375
31690	2126	887	536	0.2619047619047619
32459	15814	528	245	0.25925925925925924
17684	27745	394	412	0.375
2811	16265	298	394	0.275
6936	27106	1323	1311	0.23553719008264462
6405	14520	431	1333	0.27380952380952384
19534	824	489	508	0.2383073496659243
31937	8356	517	475	0.27586206896551724
5754	25253	587	511	0.19727891156462585
17576	22940	519	256	0.2619047619047619
31551	21208	515	277	0.3157894736842105
11631	31968	537	346	0.2894736842105263
22630	18912	483	547	0.32
11742	32953	350	375	0.2222222222222222
13187	8224	165	526	0.23684210526315788
26189	32105	523	357	0.36363636363636365
32907	22180	101	506	0.25925925925925924
5918	23269	505	289	0.46153846153846156
3422	27715	420	842	0.3888888888888889
25641	34148	432	867	0.29310344827586204
33298	4603	1047	499	0.2727272727272727
22775	23499	438	513	0.3333333333333333
30677	7196	514	636	0.3333333333333333
21305	23907	487	541	0.5
27255	27289	555	421	0.24
5305	27614	562	521	0.3333333333333333
27170	19760	384	1199	0.2222222222222222
2827	15696	508	505	0.21138211382113822
27562	15662	680	265	0.2857142857142857
25428	16441	816	595	0.3142857142857143
26694	927	260	530	0.325
22389	24280	348	425	0.3
20551	7826	500	700	0.39473684210526316
27087	7639	246	411	0.3333333333333333
4702	14357	628	418	0.4666666666666667
13569	21903	299	519	0.375
27218	12312	393	546	0.391304347826087
12279	8631	261	514	0.2786885245901639
17091	24343	1208	482	0.23655913978494625
4891	33473	562	840	0.2356687898089172
9738	24457	618	564	0.25675675675675674
25881	26482	490	555	0.2549019607843137
4415	8431	260	847	0.4166666666666667
5342	9523	262	513	0.38095238095238093
28157	29559	152	528	0.3157894736842105
20440	25417	411	821	0.3541666666666667
31856	19934	536	261	0.36363636363636365
34445	31570	1121	491	0.3103448275862069
33257	26761	357	429	0.391304347826087
12989	5588	299	585	0.2857142857142857
27843	14710	339	292	0.2727272727272727
3830	22774	361	230	0.3684210526315789
10619	32418	410	369	0.6666666666666666
3339	17030	406	255	0.4
13426	25472	165	262	0.30434782608695654
12006	11824	415	607	0.4666666666666667
22776	5149	558	379	0.3125
27653	16412	503	1507	0.25806451612903225
8725	15404	250	406	0.40625
283	7897	299	1543	0.27450980392156865
8791	31632	1229	759	0.2702702702702703
18452	26566	485	506	0.21649484536082475
654	7248	521	1220	0.39285714285714285
31972	25588	511	1344	0.2777777777777778
13356	7072	293	473	0.6
5929	32925	881	842	0.32
27869	15972	1320	478	0.3488372093023256
30585	1112	1321	540	0.2413793103448276
34351	23777	487	451	0.2727272727272727
22668	14825	469	328	0.5555555555555556
25448	290	538	452	0.5294117647058824
27529	9824	847	1307	0.2962962962962963
11388	12625	475	1307	0.36363636363636365
791	27081	506	540	0.34782608695652173
12357	22826	202	1265	0.3541666666666667
27340	30831	511	698	0.5555555555555556
13505	23120	1316	283	0.3392857142857143
32134	29804	312	894	0.22580645161290322
24491	25663	260	735	0.2966507177033493
18961	10892	327	376	0.4166666666666667
34133	20276	195	337	0.36363636363636365
4252	122	484	338	0.2777777777777778
19527	550	1261	394	0.23976608187134502
2315	14227	728	449	0.2542372881355932
10442	30721	368	536	0.47058823529411764
13319	1210	394	568	0.375
14286	8353	453	407	0.375
20220	34325	464	895	0.3684210526315789
11410	29130	553	433	0.2716049382716049
19962	24965	665	416	0.4666666666666667
13567	21291	446	396	0.375
8344	15025	1542	1317	0.36846213895394225
22383	27076	512	255	0.391304347826087
5299	7597	633	522	0.24509803921568626
33741	9912	790	494	0.3125
843	15914	349	114	0.5833333333333334
216	28132	545	513	0.6732283464566929
21595	33133	273	353	0.1956521739130435
27071	9092	476	354	0.21621621621621623
4397	21944	855	446	0.35
13098	4199	536	799	0.4146341463414634
6748	6152	484	802	0.28125
10720	32932	435	841	0.3684210526315789
5151	30581	836	349	0.27906976744186046
31747	1967	531	524	0.28804347826086957
13703	25644	1510	580	0.42857142857142855
27780	25227	710	415	0.32142857142857145
25771	14977	411	191	0.3684210526315789
25708	19904	1019	378	0.30158730158730157
31467	11481	334	585	0.24390243902439024
33234	4825	778	473	0.36
16139	10378	392	805	0.43478260869565216
27141	21388	503	1072	0.5294117647058824
33778	18342	545	621	0.4
22038	666	1337	469	0.3157894736842105
12615	13176	297	1324	0.18666666666666668
32200	3227	501	312	0.47058823529411764
11339	18224	489	524	0.18805309734513273
2022	14740	515	1525	0.325
32149	23673	499	531	0.20833333333333334
14333	22612	538	396	0.42105263157894735
12971	7055	220	1361	0.4375
13164	10177	362	717	0.2857142857142857
16445	22475	448	511	0.2621359223300971
8266	29374	888	515	0.32
21628	27168	287	1181	0.27848101265822783
29597	6431	456	564	0.19144144144144143
22433	3108	669	537	0.3111111111111111
16352	3572	853	502	0.42105263157894735
24192	26398	888	648	0.2361111111111111
32854	29804	132	894	0.2
4036	29889	533	546	0.5
4394	8244	741	392	0.35185185185185186
26084	21611	558	516	0.4
9945	18614	555	344	0.45
19143	4734	247	658	0.4
32800	23300	503	289	0.175
10484	33117	416	354	0.23529411764705882
15594	33271	535	1020	0.17647058823529413
32950	11091	352	520	0.28125
260	4838	555	447	0.1875
21496	7917	568	522	0.3018867924528302
18123	30592	484	238	0.3333333333333333
28948	32548	459	549	0.391304347826087
27109	17579	523	804	0.3793103448275862
5849	16127	1308	232	0.24096385542168675
26211	5563	526	480	0.21971252566735114
26752	23071	1529	566	0.23880597014925373
28866	27127	479	316	0.4
22700	9022	292	448	0.2972972972972973
33301	10913	353	1395	0.3088235294117647
8773	25344	1262	550	0.2894736842105263
7112	21482	509	1311	0.28
17622	1553	1510	348	0.24691358024691357
8587	19983	1228	848	0.4
17271	19431	1100	448	0.275
12432	16778	502	544	0.7142857142857143
20961	30016	341	1281	0.4
31474	26822	1621	400	0.2696629213483146
25892	5034	409	667	0.35135135135135137
15578	28634	299	406	0.3888888888888889
22495	22278	527	590	0.2647058823529412
1078	2225	577	413	0.5528846153846154
5924	24084	414	1430	0.3333333333333333
22719	26232	375	503	0.3333333333333333
29071	33788	568	816	0.35714285714285715
12288	9282	1214	516	0.20300751879699247
13650	23894	1511	461	0.28
12338	25141	403	365	0.22033898305084745
1000	7669	549	535	0.23958333333333334
18663	5699	328	1515	0.3684210526315789
10107	30125	298	832	0.391304347826087
2011	27201	515	540	0.5976095617529881
25091	6951	908	567	0.3225806451612903
21442	15056	411	536	0.34375
26854	2250	472	523	0.22929936305732485
34803	32291	483	325	0.19230769230769232
35055	2725	217	922	0.42857142857142855
28727	8900	765	479	0.4230769230769231
46	9165	1366	538	0.21666666666666667
1904	14646	546	232	0.2962962962962963
14068	6566	304	575	0.2926829268292683
4370	10350	1340	551	0.24
747	27978	528	1323	0.2549019607843137
25953	31243	1352	379	0.34615384615384615
28089	14407	495	192	0.42857142857142855
29024	10740	486	1531	0.2702702702702703
1143	13064	460	1305	0.27906976744186046
29084	14650	291	653	0.35
19348	16398	345	397	0.29508196721311475
32983	14666	778	519	0.2459016393442623
24597	23697	474	335	0.23863636363636365
27559	31654	834	292	0.25
62	30146	273	292	0.2
6595	164	410	863	0.2571428571428571
22774	26583	230	494	0.2727272727272727
21363	32137	599	408	0.21212121212121213
18808	12700	451	226	0.2708333333333333
26741	32054	579	437	0.3333333333333333
31346	2226	552	530	0.26666666666666666
20817	17081	538	1409	0.2345679012345679
25630	29529	518	269	0.25
13187	15990	165	1285	0.3548387096774194
4973	25720	500	288	0.32432432432432434
16466	369	504	536	0.35135135135135137
22394	17730	1323	394	0.2876712328767123
32450	15799	1359	164	0.26153846153846155
3281	23185	715	1255	0.21568627450980393
33913	32939	375	377	0.8489932885906041
28098	34983	463	889	0.3684210526315789
8160	3809	418	487	0.3684210526315789
10540	21660	317	632	0.5833333333333334
13916	6194	505	355	0.2077922077922078
8952	11540	511	339	0.23529411764705882
27683	27497	440	497	0.24615384615384617
8374	20724	634	454	0.2641509433962264
17833	32462	165	528	0.2702702702702703
33317	3191	264	484	0.17543859649122806
2140	21481	270	1267	0.28205128205128205
33795	3391	238	490	0.34782608695652173
20044	925	806	524	0.2545454545454545
5939	19259	403	1489	0.21428571428571427
25303	8005	446	505	0.5
20675	30595	434	655	0.2653061224489796
851	2679	512	500	0.20119521912350596
1676	4609	521	1281	0.2465753424657534
3643	2288	1325	407	0.41379310344827586
29540	13738	207	362	0.2222222222222222
34016	33191	101	272	0.24742268041237114
20986	16884	353	577	0.275
25722	28903	410	513	0.3170731707317073
15190	20252	292	1212	0.20945945945945946
32515	18550	333	501	0.4
15991	26337	220	256	0.2094240837696335
15202	2125	286	503	0.21212121212121213
18107	6857	528	260	0.3333333333333333
13806	7032	1307	1128	0.6270903010033445
34808	20837	933	1349	0.3125
24770	32624	1316	736	0.24074074074074073
4435	34319	405	923	0.3148148148148148
14354	9401	1509	557	0.3783783783783784
7157	13181	421	545	0.5
869	22947	469	514	0.3333333333333333
19254	8247	412	544	0.1978021978021978
16588	11478	192	845	0.34210526315789475
23492	4440	245	652	0.23529411764705882
6787	5674	106	1306	0.42857142857142855
2742	12865	1330	292	0.3076923076923077
23158	19675	359	314	0.3275862068965517
943	19254	281	412	0.2571428571428571
10882	18526	427	656	0.3620689655172414
4132	11890	271	467	0.17525773195876287
20546	29391	1205	521	0.35714285714285715
2382	14959	509	484	0.8412371134020619
9143	16181	710	191	0.2631578947368421
29337	27442	277	1491	0.36
30687	25505	545	590	0.3333333333333333
28193	2377	615	483	0.18181818181818182
25378	10834	512	1531	0.23684210526315788
34313	20983	296	301	0.30952380952380953
4655	13239	343	142	0.35294117647058826
20299	1094	468	330	0.2553191489361702
13923	30827	192	332	0.3333333333333333
14278	34980	1518	665	0.21052631578947367
30220	18793	1525	463	0.35555555555555557
19018	12741	226	484	0.22727272727272727
1399	34606	522	797	0.41379310344827586
6548	33458	407	782	0.2830188679245283
12881	26703	165	337	0.3235294117647059
15651	10556	503	491	0.36
13403	29341	506	251	0.22448979591836735
558	11820	1307	860	0.24528301886792453
25220	25026	254	282	0.3568075117370892
15883	33410	311	597	0.4666666666666667
10934	289	273	235	0.38235294117647056
30927	8022	345	607	0.23694779116465864
22822	20245	1315	342	0.5333333333333333
5232	21345	337	264	0.325
7682	14579	141	784	0.375
14631	6910	533	411	0.2727272727272727
5090	30795	340	651	0.25
33381	27194	375	663	0.26666666666666666
3701	22355	361	1546	0.39622641509433965
28686	29430	544	211	0.32142857142857145
26607	29643	362	503	0.35294117647058826
32328	4684	599	570	0.2465753424657534
8951	8832	524	497	0.29411764705882354
2186	14920	1359	535	0.2602739726027397
3871	10229	252	516	0.36666666666666664
34777	29092	274	362	0.2641509433962264
20944	28695	522	248	0.22085889570552147
17682	2195	804	364	0.34615384615384615
23430	32996	291	147	0.5
12170	15612	1209	396	0.3333333333333333
847	13711	323	297	0.625
27370	849	675	323	0.27586206896551724
24777	28698	370	332	0.29411764705882354
32034	34725	493	780	0.25757575757575757
31599	7259	373	904	0.25
30942	11466	472	855	0.5833333333333334
24772	21209	273	523	0.30303030303030304
22387	30496	461	537	0.3225806451612903
4203	12408	514	505	0.2463768115942029
26533	18468	345	273	0.272108843537415
16958	23821	504	223	0.43478260869565216
6209	20262	528	447	0.3148558758314856
20732	14999	537	394	0.3157894736842105
29662	23356	280	1488	0.3684210526315789
11645	23294	500	583	0.375
29058	19690	837	415	0.22131147540983606
19475	33961	322	82	0.3333333333333333
34854	9582	440	415	0.3076923076923077
21177	9142	499	415	0.47058823529411764
27476	3180	497	1547	0.35
7372	34119	410	790	0.3283582089552239
23940	6830	396	392	0.22666666666666666
6751	7354	512	375	0.25
20622	28362	284	580	0.26666666666666666
31216	16361	286	1336	0.2857142857142857
15218	22565	479	410	0.75
4886	20956	572	1230	0.27450980392156865
30143	28037	217	396	0.5454545454545454
18798	27555	589	222	0.25
32403	2429	646	492	0.35294117647058826
24134	3950	316	1483	0.2857142857142857
27112	34868	343	363	0.22
605	13256	231	292	0.3090909090909091
33030	13731	722	191	0.2537313432835821
4437	14636	503	505	0.4444444444444444
16985	28437	719	410	0.23275862068965517
21208	3967	277	345	0.48
11631	31776	537	472	0.5555555555555556
20974	33367	522	1020	0.38461538461538464
28070	3383	554	1278	0.24444444444444444
16293	19608	165	531	0.5870967741935483
22551	24695	475	478	0.5454545454545454
13287	15797	448	192	0.375
13537	9878	484	558	0.9669421487603306
16004	19703	394	344	0.2571428571428571
23564	9070	1542	401	0.35714285714285715
18277	21038	469	465	0.22340425531914893
29626	3512	456	517	0.2158859470468432
22216	5054	1312	1214	0.6167711598746082
20761	22101	1236	507	0.22340425531914893
30835	34764	564	849	0.30303030303030304
8747	26373	328	637	0.7142857142857143
12607	35088	637	559	0.22413793103448276
495	13272	220	299	0.3333333333333333
10891	17651	349	332	0.35294117647058826
9525	30407	524	302	0.28125
5811	24742	574	447	0.3103448275862069
7215	34428	1188	821	0.35294117647058826
25538	10531	557	520	0.4666666666666667
33505	24761	244	339	0.225
30323	16445	488	448	0.22968197879858657
31549	27391	535	474	0.2556818181818182
11787	14129	259	192	0.26136363636363635
30762	1611	312	483	0.75
13704	22579	505	276	0.21296296296296297
18291	30774	647	1078	0.3103448275862069
29091	12151	367	474	0.4444444444444444
27080	34511	457	549	0.3684210526315789
6290	12400	1514	448	0.29347826086956524
8051	10159	676	1415	0.21875
11721	18384	547	520	0.34285714285714286
5916	11514	455	530	0.25601750547045954
14609	9142	532	415	0.3114754098360656
33451	63	887	659	0.34375
25674	12152	429	737	0.23404255319148937
22840	15771	256	448	0.4444444444444444
16430	6212	293	535	0.2
32885	23627	306	494	0.2916666666666667
17994	22395	265	762	0.25757575757575757
24120	18232	463	536	0.3333333333333333
4222	10760	522	804	0.6666666666666666
20859	34723	414	929	0.23529411764705882
15665	5605	191	414	0.24358974358974358
17123	235	217	519	0.22448979591836735
3353	15220	312	394	0.22413793103448276
22751	26367	747	438	0.2765957446808511
14723	1834	632	498	0.2826086956521739
13305	10388	289	345	0.23809523809523808
33101	9873	354	536	0.3333333333333333
28252	31119	337	1335	0.2909090909090909
12503	21389	448	362	0.5294117647058824
19841	594	656	394	0.3888888888888889
20208	29279	553	517	0.35135135135135137
24923	23611	365	349	0.5426621160409556
29034	6570	465	554	0.22727272727272727
27959	33013	839	1379	0.23
28618	9127	261	512	0.3333333333333333
6054	12759	1325	213	0.22340425531914893
9683	24031	1066	524	0.30612244897959184
3911	34374	520	764	0.24193548387096775
27382	11312	486	258	0.5555555555555556
26724	20560	523	1204	0.16666666666666666
25292	19147	380	521	0.3333333333333333
13783	19533	226	489	0.47058823529411764
28721	25336	255	223	0.27586206896551724
3312	34331	1215	777	0.30434782608695654
11458	13821	455	192	0.3548387096774194
1329	11141	439	546	0.25
23691	28794	261	333	0.2330508474576271
11605	34122	1359	597	0.22807017543859648
18971	25890	570	608	0.36363636363636365
30594	13989	530	1508	0.25
25751	13719	1402	479	0.3150684931506849
5114	25993	1091	474	0.203125
13261	15996	448	394	0.2689075630252101
1077	19235	1027	521	0.3448275862068966
25391	2744	1570	512	0.375
6758	30742	512	507	0.23046875
10334	25829	249	520	0.3333333333333333
9977	33695	509	325	0.2857142857142857
935	15441	538	254	0.45454545454545453
13597	26556	505	476	0.26666666666666666
20420	3217	142	928	0.36
33788	18611	816	933	0.5238095238095238
32742	18434	540	258	0.20987654320987653
5291	5918	516	505	0.27755905511811024
28384	15698	268	346	0.22641509433962265
16654	14586	494	163	0.6
2265	14990	332	455	0.23333333333333334
6227	4001	756	444	0.27385892116182575
6417	25440	599	407	0.2549019607843137
27004	15392	593	379	0.24390243902439024
24598	28280	1543	256	0.25
11725	9416	558	510	0.2804878048780488
34351	17964	487	318	0.7142857142857143
23778	20850	303	564	0.2777777777777778
20055	4742	515	516	0.8058252427184466
19012	174	426	1366	0.2222222222222222
34958	21711	748	277	0.22935779816513763
29734	24796	542	536	0.6346863468634686
9978	10671	1336	737	0.25925925925925924
23068	4977	1348	1356	0.23529411764705882
6821	120	304	292	0.26666666666666666
33518	20460	948	561	0.30952380952380953
34540	27983	1123	504	0.36
5229	2384	1305	550	0.25842696629213485
25077	27169	1266	693	0.43333333333333335
2867	3940	491	1524	0.34782608695652173
11970	25524	868	647	0.3148148148148148
401	19411	1287	455	0.21212121212121213
27449	1152	483	466	0.3888888888888889
6809	28979	261	296	0.2222222222222222
17160	21987	1545	1260	0.3515509601181684
13058	33496	524	892	0.4375
6943	24886	658	536	0.24324324324324326
8788	20464	261	1232	0.24242424242424243
18183	4757	1527	497	0.2727272727272727
25484	32217	468	1531	0.26126126126126126
18867	20935	557	418	0.21311475409836064
30843	14473	474	396	0.30303030303030304
9666	4990	1542	516	0.28125
28218	22881	320	889	0.2631578947368421
3668	11645	1325	500	0.42857142857142855
17944	10018	521	419	0.38095238095238093
13858	34395	521	907	0.2894736842105263
12782	22711	521	539	0.5
916	30206	525	389	0.75
4998	4434	415	569	0.19480519480519481
1003	30412	271	309	0.35714285714285715
11241	33804	475	588	0.2545454545454545
24566	1571	1357	529	0.20526315789473684
11071	15983	261	192	0.8571428571428571
1673	22679	506	401	0.20959595959595959
1994	27895	333	686	0.34782608695652173
28424	29131	341	281	0.45
6179	16553	404	795	0.4666666666666667
22270	15334	1478	165	0.3076923076923077
14573	13054	186	840	0.5
7999	32742	567	540	0.26229508196721313
5280	16693	1333	513	0.30434782608695654
29824	20761	361	1236	0.3488372093023256
23385	16742	541	835	0.21052631578947367
4324	11187	320	579	0.39285714285714285
10868	19182	377	277	0.3181818181818182
11650	10263	256	239	0.29411764705882354
379	11790	445	645	0.5
33269	4733	1174	367	0.45161290322580644
23366	11861	261	529	0.5555555555555556
3116	33358	337	179	0.25
23213	9089	1288	353	0.15463917525773196
7252	28867	498	356	0.2489451476793249
25721	234	1279	1305	0.7488514548238897
7877	10349	1176	346	0.2727272727272727
27332	28187	353	504	0.4090909090909091
10895	21899	1066	471	0.35
2981	21470	373	918	0.275
3738	31275	377	494	0.2727272727272727
14940	8904	484	711	0.3191489361702128
18255	4152	508	656	0.4166666666666667
15183	19355	506	533	0.18095238095238095
15637	3550	362	1537	0.22897196261682243
16191	11060	286	567	0.3333333333333333
23945	3003	504	414	0.20346320346320346
11035	31873	515	262	0.4782608695652174
16423	26046	648	1322	0.25943396226415094
9958	15709	533	165	0.24444444444444444
15096	33149	293	825	0.6153846153846154
18462	19378	644	338	0.2916666666666667
3098	15202	1317	286	0.32432432432432434
31577	25754	547	437	0.2375
23250	16835	534	410	0.28
13794	17433	460	620	0.30434782608695654
10116	23354	298	602	0.2361111111111111
34376	1255	842	544	0.29545454545454547
12522	14730	286	365	0.45454545454545453
1723	34258	528	295	0.3125
26927	16689	419	113	0.32
6293	18840	1529	1202	0.2386961093585699
26965	16108	345	394	0.36
8391	3067	487	490	0.24390243902439024
33773	20927	1444	343	0.32727272727272727
1333	21803	856	503	0.24
3750	17850	524	507	0.20930232558139536
33499	32478	178	296	0.21621621621621623
6934	21927	510	1274	0.2
1817	20640	404	487	0.24390243902439024
7727	8208	1280	338	0.3793103448275862
13854	30580	505	515	0.32142857142857145
31996	11167	362	551	0.2013888888888889
6866	3889	788	1325	0.26262626262626265
3406	31673	504	406	0.2857142857142857
16589	18935	458	566	0.2087912087912088
16852	30836	607	328	0.16037735849056603
15171	7026	452	736	0.34615384615384615
4700	30911	540	1270	0.35
8183	31747	1524	531	0.2222222222222222
16477	647	220	396	0.2631578947368421
1937	13134	490	454	0.30434782608695654
16790	23366	616	261	0.4375
25852	34594	577	296	0.38461538461538464
33038	18156	595	1523	0.3404255319148936
34731	25960	793	222	0.47058823529411764
21597	31900	327	472	0.4166666666666667
13638	31382	301	296	0.35714285714285715
19252	18227	348	522	0.3191489361702128
24796	26532	536	500	0.23008849557522124
24709	321	528	391	0.3170731707317073
28998	8853	524	543	0.36
14360	25805	505	538	0.28125
24801	3804	474	515	0.5
19148	30799	512	478	0.32397408207343414
17256	6785	765	317	0.3181818181818182
9698	437	557	519	0.3333333333333333
6922	103	1343	474	0.24489795918367346
12645	28597	508	1274	0.4166666666666667
33866	13808	676	244	0.3611111111111111
32838	10082	536	512	0.1794871794871795
23303	8700	266	525	0.2962962962962963
34962	18483	673	586	0.2926829268292683
311	20062	409	1307	0.2222222222222222
14152	16191	292	286	0.7202797202797203
23921	7665	258	543	0.34285714285714286
26355	1193	218	553	0.2826086956521739
8960	25947	499	1534	0.5454545454545454
21535	31663	320	323	0.20253164556962025
28911	24475	471	255	0.35714285714285715
8676	28217	540	280	0.18032786885245902
27442	18983	1491	1209	0.23264984227129337
3363	14223	516	795	0.6
6464	28007	1309	259	0.36363636363636365
12864	26239	331	515	0.3684210526315789
30794	34291	1076	481	0.3793103448275862
4554	30142	498	481	0.46153846153846156
20650	9795	652	494	0.27586206896551724
17145	4394	567	741	0.36585365853658536
16285	22171	502	473	0.34615384615384615
15997	31947	528	471	0.2916666666666667
25262	17539	451	220	0.2619047619047619
10271	33760	555	266	0.21818181818181817
15075	14431	793	163	0.2289156626506024
748	13709	528	524	0.75
23455	15750	721	521	0.33962264150943394
24031	8889	524	452	0.2441860465116279
26026	2737	236	427	0.4166666666666667
34204	22657	1013	462	0.4090909090909091
12334	11851	515	515	0.2018348623853211
30670	15514	312	292	0.281767955801105
19023	1978	487	513	0.2235294117647059
6094	5510	517	855	0.2976190476190476
16643	32036	292	318	0.28169014084507044
19960	29838	501	527	0.22077922077922077
21564	17847	508	1287	0.2222222222222222
32076	13218	498	448	0.22641509433962265
29460	30357	277	655	0.2926829268292683
2420	18052	479	165	0.38461538461538464
2611	27329	407	575	0.24193548387096775
30069	34996	496	664	0.23728813559322035
4446	20318	405	332	0.24242424242424243
23894	25517	461	523	0.2558139534883721
22045	31409	503	1277	0.21008403361344538
29538	15270	208	286	0.5714285714285714
25227	6166	415	549	0.3170731707317073
2052	13144	344	1330	0.35714285714285715
16437	1391	293	562	0.5384615384615384
22486	30811	678	1214	0.2543859649122807
13473	26310	232	557	0.29411764705882354
6328	3354	508	736	0.2857142857142857
34005	1322	282	368	0.45
19224	7176	1319	1266	0.2358565737051793
32565	20563	525	560	0.2833333333333333
28135	18213	256	486	0.625
14062	2077	482	538	0.391304347826087
31051	10587	515	345	0.2413793103448276
6820	32955	502	178	0.24096385542168675
33177	29905	486	517	0.32142857142857145
29748	4479	244	434	0.29508196721311475
27809	6610	406	437	0.23076923076923078
25375	20989	345	440	0.2692307692307692
33180	30316	780	413	0.4375
11864	15178	535	1508	0.3225806451612903
26881	16203	381	451	0.2857142857142857
20198	4596	278	300	0.34782608695652173
7780	2100	252	505	0.5
17281	21745	571	1533	0.24175824175824176
28813	27497	555	497	0.3142857142857143
29442	7233	211	533	0.2440944881889764
9528	25233	1471	261	0.2676056338028169
21475	31264	466	1804	0.25
10473	4369	524	1234	0.34615384615384615
9409	7711	583	377	0.24761904761904763
10895	32148	1066	497	0.2676056338028169
34998	33350	817	1095	0.2653061224489796
24053	10787	1215	871	0.23529411764705882
16924	4193	1276	599	0.2631578947368421
26498	1692	1359	255	0.25
34722	19149	523	275	0.2727272727272727
6548	22785	407	453	0.36666666666666664
21937	24111	1280	312	0.25333333333333335
12668	30487	1326	483	0.2054794520547945
14870	4044	165	496	0.625
29866	27284	894	495	0.2857142857142857
13317	8125	218	547	0.5871559633027523
34708	21028	927	335	0.75
24144	26447	326	528	0.36666666666666664
32376	1428	261	855	0.3170731707317073
32312	8077	409	403	0.3448275862068966
28521	16741	416	246	0.3684210526315789
16729	6257	1330	1323	0.7720754716981132
17759	20016	286	361	0.2608695652173913
148	313	311	133	0.391304347826087
3873	17808	371	165	0.36
2373	29134	446	486	0.25806451612903225
24221	26889	530	558	0.3076923076923077
2958	9764	317	477	0.3333333333333333
15626	8063	192	508	0.23636363636363636
3336	27709	507	514	0.32057416267942584
20470	2644	258	326	0.3333333333333333
29132	31868	284	497	0.2463768115942029
34344	10572	959	249	0.24324324324324326
11564	32984	716	482	0.35294117647058826
21639	20021	312	229	0.35714285714285715
10083	29717	543	528	0.2631578947368421
13509	17522	135	287	0.7142857142857143
16949	31812	476	418	0.375
9778	24565	405	647	0.23255813953488372
7530	31486	1479	496	0.24390243902439024
12773	26938	323	684	0.28
26729	21083	904	329	0.4
18078	29186	444	282	0.4074074074074074
24000	33340	254	358	0.2698412698412698
30241	15950	268	232	0.29411764705882354
31740	4386	578	1340	0.3125
3921	21142	1531	1346	0.3641025641025641
12288	9363	1214	1287	0.4482758620689655
23239	3613	1360	254	0.25301204819277107
28191	32477	547	296	0.2079207920792079
30119	7888	505	1325	0.22077922077922077
21221	12782	597	521	0.47619047619047616
26299	132	530	394	0.22486772486772486
7000	31160	536	317	0.2631578947368421
18971	14706	570	164	0.7103448275862069
1312	16854	430	880	0.45
4015	10341	543	447	0.2346368715083799
22950	24708	536	534	0.8723404255319149
3858	3063	261	339	0.24120603015075376
19235	7924	521	498	0.29411764705882354
13171	6527	165	310	0.23404255319148937
26804	26007	1334	256	0.28169014084507044
32388	30464	715	518	0.35294117647058826
23076	9677	235	570	0.3103448275862069
31476	39	1321	1907	0.23814541622760801
28692	7241	465	1221	0.36585365853658536
10207	29352	1524	472	0.31343283582089554
30717	6723	524	533	0.3448275862068966
28775	28178	515	489	0.26011560693641617
13958	21351	223	631	0.3
607	26898	291	397	0.25
19374	11694	461	1316	0.2236842105263158
30049	10307	710	346	0.3684210526315789
1541	19274	312	1314	0.22916666666666666
13805	33536	299	178	0.3055555555555556
6598	31921	287	277	0.6
26686	30268	389	441	0.21739130434782608
26059	8879	434	258	0.5
11006	28731	484	345	0.3684210526315789
2270	9426	597	1217	0.27586206896551724
22789	20447	919	244	0.391304347826087
16159	4709	323	553	0.7777777777777778
25969	15213	585	519	0.3333333333333333
4374	20877	1529	222	0.7
33441	20249	1382	1287	0.2727272727272727
27591	17872	670	362	0.16666666666666666
31620	8264	548	848	0.3142857142857143
21984	27429	1215	299	0.28125
3550	18530	1537	312	0.3142857142857143
25162	30631	298	1537	0.35135135135135137
33578	10326	262	504	0.2608695652173913
2936	13380	290	468	0.3333333333333333
28563	1405	690	459	0.3
25610	7045	555	1254	0.30303030303030304
20989	22997	440	1296	0.22429906542056074
2150	12109	1457	523	0.37777777777777777
25747	4238	317	435	0.2
15568	16866	850	521	0.3333333333333333
1934	30884	500	232	0.23214285714285715
14839	6133	555	412	0.2641509433962264
8851	10140	277	512	0.2653061224489796
3632	28308	621	256	0.5294117647058824
25157	28773	317	577	0.36
28536	26604	569	446	0.3137254901960784
21166	18775	909	351	0.22413793103448276
278	21254	220	1544	0.22727272727272727
15355	11715	243	558	0.4
18200	10274	628	585	0.5
7465	26992	260	252	0.6904761904761905
18188	14500	164	190	0.23809523809523808
21950	14658	668	220	0.25
10922	32805	288	513	0.2727272727272727
28464	4802	495	1490	0.24324324324324326
30563	788	927	508	0.2608695652173913
23966	4442	1208	1286	0.6925515055467512
15712	34032	346	1017	0.25925925925925924
2098	21818	361	372	0.38461538461538464
29693	14703	650	165	0.21621621621621623
12241	7585	1059	511	0.32608695652173914
14652	24783	555	600	0.28378378378378377
29070	25221	382	536	0.3333333333333333
19438	23389	1287	540	0.3103448275862069
21774	24398	276	316	0.36363636363636365
8741	26788	1231	576	0.25
7222	20663	547	188	0.28
7808	1977	559	524	0.2375
28866	729	479	532	0.6
22792	23946	542	1235	0.2653061224489796
32618	550	536	394	0.2857142857142857
23866	10252	383	484	0.36363636363636365
24476	2367	566	475	0.3333333333333333
26114	34839	1076	294	0.3783783783783784
32290	17493	304	505	0.4117647058823529
18959	6069	1277	361	0.2361111111111111
8303	12514	1341	505	0.32
22522	28443	1324	254	0.24242424242424243
11359	20838	1540	533	0.19753086419753085
26027	9861	361	1269	0.2826086956521739
26159	16155	503	479	0.3333333333333333
20554	28238	1293	1313	0.6898395721925134
1635	2293	488	1612	0.20689655172413793
25092	12260	421	292	0.2146341463414634
21936	22664	570	465	0.3870967741935484
4122	23999	718	415	0.26785714285714285
5727	31625	1296	527	0.325
29277	23804	511	1272	0.4
4951	13156	393	484	0.42105263157894735
31104	34143	1278	478	0.4117647058823529
16414	21926	299	493	0.5
14278	4385	1518	585	0.3333333333333333
11315	29775	513	518	0.20987654320987653
12968	17505	539	448	0.27358490566037735
16461	21904	1287	506	0.47058823529411764
34731	1303	793	541	0.42857142857142855
4334	32277	445	340	0.3157894736842105
27728	10453	556	655	0.23529411764705882
7339	12934	815	428	0.22535211267605634
17618	27320	135	255	0.8571428571428571
5844	25998	560	546	0.799625468164794
18168	24687	191	474	0.3157894736842105
5042	20961	495	341	0.4166666666666667
9745	28280	550	256	0.5833333333333334
21979	16270	1269	1504	0.35488837567359505
9906	9249	315	467	0.375
8356	17151	475	536	0.2777777777777778
29468	2564	232	373	0.2608695652173913
33427	6211	681	538	0.2631578947368421
158	7026	252	736	0.3215686274509804
17679	34604	1508	398	0.35555555555555557
7087	10998	561	532	0.3191489361702128
29014	4738	1394	399	0.2903225806451613
35077	17856	235	471	0.4090909090909091
2854	16454	816	292	0.281767955801105
16138	29323	223	334	0.3157894736842105
19794	7824	798	512	0.2727272727272727
8897	26335	516	407	0.24489795918367346
33772	7206	283	510	0.4117647058823529
31950	16366	467	525	0.2826086956521739
543	930	520	511	0.37037037037037035
34157	1187	895	444	0.3125
21209	33750	523	375	0.3684210526315789
781	21607	523	407	0.3448275862068966
33283	2739	178	432	0.45454545454545453
7912	17548	346	524	0.3548387096774194
1053	12621	330	394	0.2923076923076923
14197	18521	1307	668	0.24299065420560748
1649	22276	255	1433	0.234375
2184	7360	75	448	0.6
3160	22223	621	1040	0.32432432432432434
24684	14506	599	362	0.4166666666666667
22365	33961	735	82	0.3181818181818182
28319	2492	304	465	0.4117647058823529
12083	6924	340	1282	0.29411764705882354
15460	4488	192	840	1.0
6370	26930	292	487	0.20634920634920634
27187	19887	499	499	0.19686800894854586
27395	1444	1299	441	0.2619047619047619
8984	4920	1297	493	0.3225806451612903
10535	19045	801	318	0.35
28191	29361	547	444	0.23732718894009217
27657	16926	1327	535	0.3191489361702128
9449	33142	701	788	0.38235294117647056
7520	9766	1253	486	0.40625
22722	34320	771	503	0.34210526315789475
12461	25987	192	475	0.2631578947368421
10400	3379	495	433	0.24324324324324326
29952	17529	894	161	0.42857142857142855
33374	17266	764	489	0.20588235294117646
21039	4905	465	803	0.5
11282	25479	528	463	0.2329059829059829
294	9740	448	654	0.3684210526315789
31	16036	261	525	0.22388059701492538
14686	5179	192	368	0.5
17020	28359	536	491	0.4
24211	27345	556	426	0.6034063260340633
23196	32468	363	1254	0.23318385650224216
7863	27496	1227	1233	0.545
25607	23227	435	585	0.3333333333333333
32176	33573	167	797	0.3103448275862069
6327	13833	507	365	0.22413793103448276
1487	18704	522	643	0.3333333333333333
22633	3757	493	508	0.3
19870	15408	554	394	0.2179930795847751
32853	25958	283	347	0.5
19051	6581	272	868	0.29577464788732394
26079	17738	616	381	0.2916666666666667
23049	2586	765	157	0.5454545454545454
34626	25271	460	192	0.3
9448	21165	345	469	0.19672131147540983
12453	8531	394	1295	0.28205128205128205
8328	14818	494	483	0.26778242677824265
1505	30917	410	498	0.21293800539083557
9682	17774	1414	210	0.36666666666666664
32060	25267	334	640	0.22727272727272727
16690	6162	540	474	0.3225806451612903
12212	27080	520	457	0.26
6470	14258	475	266	0.24242424242424243
23859	23792	469	465	0.20930232558139536
32113	16468	552	452	0.23478260869565218
21010	26008	265	350	0.23636363636363636
7770	33029	323	486	0.391304347826087
873	21162	501	396	0.24489795918367346
33030	13112	722	1508	0.4
16082	20466	648	288	0.30985915492957744
2368	33952	478	777	0.3076923076923077
14368	24182	213	828	0.5384615384615384
17779	18301	292	546	0.1927710843373494
9224	31052	1320	515	0.22448979591836735
33748	34760	283	383	0.23076923076923078
23125	33419	1253	354	0.375
8190	11271	293	516	0.23780487804878048
994	28401	524	1253	0.26865671641791045
25105	24437	242	651	0.3235294117647059
24962	12854	458	332	0.39285714285714285
11650	24278	256	394	0.2631578947368421
27183	9310	1301	415	0.3404255319148936
30047	28546	320	339	0.2916666666666667
10697	9100	505	517	0.75
15728	27152	452	443	0.32
15463	5433	190	556	0.2391304347826087
11404	30802	599	1492	0.21568627450980393
22312	15118	466	292	0.34615384615384615
16666	8045	505	276	0.6153846153846154
34892	13491	368	627	0.28888888888888886
22569	22230	518	379	0.24
30821	2144	516	447	0.35714285714285715
10551	8795	276	516	0.30303030303030304
33680	1163	1434	214	0.3157894736842105
5762	29776	1256	851	0.26865671641791045
32580	5286	397	313	0.23255813953488372
1752	27557	396	822	0.40625
8516	19411	1213	455	0.21978021978021978
23780	1161	494	241	0.2736318407960199
8750	25334	843	466	0.5294117647058824
18760	17528	539	192	0.4166666666666667
29807	14628	464	245	0.25
23904	13995	862	1524	0.3783783783783784
18191	6257	191	1323	0.17777777777777778
18472	16168	501	362	0.28125
4798	2008	860	253	0.2459016393442623
14218	12207	265	657	0.4090909090909091
15619	8106	804	507	0.2777777777777778
34641	28258	267	327	0.4166666666666667
27980	30714	1232	501	0.3448275862068966
3272	27823	1543	516	0.23
27658	31873	631	262	0.35714285714285715
16843	30847	1506	547	0.2857142857142857
31592	8896	473	503	0.42857142857142855
3390	6395	261	1319	0.34375
5208	4031	741	410	0.26666666666666666
19351	100	855	539	0.2857142857142857
15103	33377	556	362	0.23076923076923078
16405	16180	425	290	0.42105263157894735
30688	11365	292	601	0.2441860465116279
25839	1169	514	515	0.28125
5566	29292	516	244	0.5
30721	31174	536	348	0.3333333333333333
22661	14528	226	630	0.2916666666666667
12346	18514	856	622	0.6666666666666666
9336	8732	413	503	0.3235294117647059
21266	13876	567	1320	0.34782608695652173
14809	8498	556	413	0.3684210526315789
8777	17280	1230	466	0.23134328358208955
8398	23598	1293	357	0.26153846153846155
32279	31253	1704	335	0.2708333333333333
29557	11892	528	1528	0.375
29883	29896	461	494	0.5294117647058824
16531	23731	301	1541	0.36363636363636365
29222	22221	523	336	0.2777777777777778
3139	10803	396	351	0.5
6989	34155	539	911	0.35714285714285715
34441	22562	561	1320	0.27722772277227725
12235	6110	402	312	0.20634920634920634
6540	18479	248	506	0.5833333333333334
34493	20251	561	403	0.2857142857142857
28309	2283	543	473	0.19
14894	24802	192	1306	0.5
12425	34815	319	973	0.38461538461538464
15092	25967	795	875	0.4482758620689655
35011	32059	794	373	0.26153846153846155
33128	19512	772	476	0.3
11557	1036	1508	1385	0.6947960618846695
18701	30285	587	547	0.35714285714285715
21707	16160	337	292	0.3275862068965517
24150	32962	308	523	0.25
20386	29299	356	925	0.3125
31116	3668	617	1325	0.2857142857142857
25121	16019	1265	299	0.24647887323943662
11643	34486	508	680	0.19696969696969696
22304	15816	531	332	0.2777777777777778
8572	3576	494	522	0.25112107623318386
9844	20790	967	338	0.23880597014925373
20348	26692	301	474	0.27586206896551724
5322	27504	496	511	0.3333333333333333
31077	18993	261	470	0.35714285714285715
26968	29170	399	415	0.28125
29639	34428	153	821	0.2857142857142857
4472	34066	496	482	0.22105263157894736
33867	28476	291	398	0.2962962962962963
14106	27149	192	484	0.2564102564102564
5139	14734	404	161	0.20588235294117646
21336	19043	802	1322	0.2909090909090909
21497	8851	550	277	0.5555555555555556
4236	7521	375	538	0.32653061224489793
21975	28719	1263	256	0.2
11332	15050	496	521	0.2786885245901639
21770	3385	276	410	0.3333333333333333
5726	18401	1447	475	0.375
30187	14009	259	192	0.3888888888888889
32396	31943	260	377	0.34615384615384615
27690	9020	488	1473	0.4827586206896552
26281	12891	251	190	0.35294117647058826
33107	24842	362	259	0.2857142857142857
23139	19140	438	330	0.28888888888888886
32339	30458	292	545	0.4
5629	31371	345	290	0.8333333333333334
10072	8856	487	1278	0.25
1332	2883	914	1642	0.3055555555555556
8082	1523	513	516	0.8178294573643411
1976	6384	521	457	0.2833333333333333
16745	11659	592	546	0.25
33070	26725	270	631	0.24390243902439024
25894	11940	1319	242	0.2926829268292683
20954	5623	1323	345	0.46153846153846156
21090	32010	1487	408	0.19047619047619047
21191	22295	415	1304	0.2976190476190476
7056	16604	794	1316	0.3103448275862069
2801	26053	651	334	0.27906976744186046
29183	6432	383	521	0.4
918	33505	316	244	0.3333333333333333
519	102	394	412	0.24479166666666666
17378	23136	255	446	0.3055555555555556
33740	31702	1020	433	0.24299065420560748
12018	17884	613	240	0.26666666666666666
10264	11435	269	398	0.3888888888888889
31704	19201	522	501	0.36363636363636365
25826	27757	519	460	0.22666666666666666
22909	8421	1506	540	0.42424242424242425
19491	33834	1285	884	0.3333333333333333
13000	2940	362	465	0.5
22631	7534	1259	585	0.375
29926	8145	516	704	0.2463768115942029
30457	10176	234	194	0.6217948717948718
21750	4190	482	742	0.42857142857142855
11799	14230	327	232	0.30303030303030304
16778	13478	544	1286	0.29545454545454547
15401	21466	165	503	0.22807017543859648
15205	28312	505	495	0.25
30362	24454	1318	413	0.22666666666666666
29327	31723	528	221	0.25675675675675674
32617	29116	536	401	0.3684210526315789
13937	16429	536	532	0.32432432432432434
8524	25428	377	816	0.35
21941	34867	466	363	0.2413793103448276
31595	21146	373	526	0.625
3151	13553	1324	220	0.34
4561	594	493	394	0.2391304347826087
19631	28678	319	536	0.5
6039	16827	1323	1336	0.6360808709175739
66	30822	649	280	0.4583333333333333
31285	4916	622	413	0.3125
11949	33423	939	1022	0.3090909090909091
5592	2308	1220	1180	0.27941176470588236
31547	17314	756	507	0.275
25842	25758	1877	341	0.3548387096774194
27020	32606	222	1531	0.2647058823529412
17888	31101	1333	516	0.3333333333333333
9932	5904	548	864	0.23469387755102042
30111	7845	270	1642	0.47368421052631576
11159	18994	506	1294	0.28
15090	24133	192	509	0.3548387096774194
25562	27734	1319	443	0.2549019607843137
32797	16055	901	322	0.38095238095238093
3304	14288	323	293	0.2857142857142857
10068	22823	330	816	0.24242424242424243
12925	25353	165	443	0.6
24360	9463	331	811	0.4117647058823529
23750	21359	736	255	0.30869565217391304
34866	29195	378	271	0.2708333333333333
24887	32087	468	543	0.35
13558	20983	165	301	0.5
689	31100	479	366	0.2222222222222222
6135	3629	404	277	0.2903225806451613
32716	11525	526	540	0.37254901960784315
34248	14679	190	365	0.3684210526315789
19499	30228	505	651	0.2
25297	17565	626	311	0.47058823529411764
27210	4717	350	569	0.47058823529411764
12020	24830	920	520	0.32142857142857145
5778	17059	342	416	0.5714285714285714
13409	26534	291	500	0.375
15501	7033	529	1304	0.2465753424657534
25877	11537	335	525	0.2542372881355932
28927	21872	548	486	0.5
25851	19537	499	555	0.4166666666666667
16755	14612	424	448	0.2329192546583851
2506	20864	1374	1194	0.2197092084006462
4170	22078	298	555	0.2608695652173913
25771	26273	411	256	0.42105263157894735
14267	1081	223	1330	0.23255813953488372
4041	25812	132	255	0.3333333333333333
13163	25563	223	654	0.3090909090909091
9508	7741	510	323	0.5454545454545454
3526	23507	350	289	0.2807017543859649
5060	25483	669	1142	0.4375
16972	3701	310	361	0.2702702702702703
29185	33450	427	891	0.21100917431192662
30298	3635	312	259	0.32
19690	32861	415	787	0.36
7084	5924	410	414	0.5941320293398533
13400	23851	213	458	0.2916666666666667
12806	31222	502	1529	0.36363636363636365
16144	27237	560	498	0.35
23913	10491	554	1516	0.24675324675324675
31636	10694	678	1369	0.2717948717948718
20768	25727	526	1374	0.25
28879	30199	548	546	0.35714285714285715
30724	4010	548	550	0.2028985507246377
21930	23628	524	452	0.19753086419753085
19542	33870	535	837	0.3333333333333333
2420	31077	479	261	0.3
5843	11937	248	316	0.5
25177	6297	434	541	0.325
21342	19165	1147	433	0.3939393939393939
620	3252	338	328	0.41379310344827586
8342	16206	517	168	0.2682926829268293
14214	6872	332	1104	0.2564102564102564
13903	8433	1508	353	0.42857142857142855
25630	33378	518	824	0.37037037037037035
12781	30865	309	514	0.45
17158	27570	348	535	0.2962962962962963
1291	10263	493	239	0.4117647058823529
4216	16365	491	1286	0.21428571428571427
28479	35110	509	652	0.26666666666666666
18817	4963	507	356	0.2978723404255319
23573	32749	1360	349	0.2777777777777778
31590	5478	373	401	0.44
8874	4417	1491	255	0.26785714285714285
34491	17426	933	581	0.29411764705882354
11323	24537	265	320	0.4166666666666667
4136	23146	1541	245	0.46153846153846156
27110	5568	542	277	0.40625
30993	28556	549	1333	0.3333333333333333
23893	22019	1312	1251	0.6677115987460815
10257	10167	1362	597	0.25333333333333335
14425	24156	1509	534	0.25
23693	8496	535	1316	0.35294117647058826
21178	32128	1508	286	0.41379310344827586
1692	28650	255	353	0.47058823529411764
12776	376	192	394	0.47368421052631576
9919	9688	419	877	0.3888888888888889
11621	14601	299	536	0.3103448275862069
15436	23384	332	998	0.3055555555555556
9418	28759	510	726	0.4230769230769231
34547	32627	361	333	0.3181818181818182
6807	24547	538	553	0.3076923076923077
12706	22986	654	837	0.391304347826087
26865	19681	454	585	0.2916666666666667
31747	10266	531	228	0.3076923076923077
26905	34488	382	504	0.3235294117647059
20303	32691	333	292	0.42857142857142855
18152	23588	448	407	0.24479166666666666
21034	2216	294	1125	0.275
29809	9888	469	298	0.2833333333333333
34073	16081	765	1303	0.35555555555555557
6731	642	335	312	0.3333333333333333
8054	23161	418	474	0.2545454545454545
3229	34493	894	561	0.21212121212121213
3218	31469	452	525	0.35714285714285715
20715	26418	476	410	0.36666666666666664
20348	22978	301	1458	0.2714285714285714
1675	22178	523	359	0.2692307692307692
7281	784	1095	533	0.28205128205128205
20975	34719	1338	907	0.34545454545454546
690	7135	535	427	0.34375
98	27555	255	222	0.3333333333333333
31882	32232	317	394	0.2631578947368421
17039	16622	587	365	0.2647058823529412
32738	28524	237	338	0.2748091603053435
5202	13903	398	1508	0.45161290322580644
29264	34825	353	354	0.25
27968	24702	558	410	0.23255813953488372
12704	25172	164	538	0.8571428571428571
19377	25471	364	451	0.4
21659	15875	550	1507	0.42424242424242425
14369	15333	293	406	0.375
19683	29111	402	323	0.38402061855670105
29011	18120	745	232	0.4
26766	14999	252	394	0.35294117647058826
13017	31425	220	356	0.3333333333333333
9692	10237	803	498	0.22807017543859648
28206	11158	1022	239	0.2682926829268293
32898	7500	101	548	0.2962962962962963
4867	22605	346	508	0.4444444444444444
33	11882	708	1541	0.2702702702702703
14324	31779	192	503	0.23684210526315788
19016	13548	1189	220	0.26666666666666666
32685	16048	837	293	0.26229508196721313
18893	20527	894	512	0.26666666666666666
3295	21176	1317	499	0.3157894736842105
10786	7556	849	446	0.25
18991	568	707	442	0.2777777777777778
20938	255	493	444	0.45454545454545453
16547	31014	223	1321	0.5
8556	27309	550	1267	0.22388059701492538
1731	31339	477	613	0.35294117647058826
27988	10737	345	410	0.47368421052631576
4983	17673	1288	231	0.20833333333333334
23291	31903	1680	280	0.25806451612903225
29549	15482	515	190	0.38095238095238093
26849	24749	440	515	0.6516587677725119
1053	34906	330	794	0.5454545454545454
20780	7526	436	519	0.25280898876404495
6103	28775	617	515	0.25
19532	31764	345	223	0.38461538461538464
15194	25484	227	468	0.2376237623762376
28563	23910	690	554	0.35294117647058826
13433	28915	285	556	0.35135135135135137
34650	34547	1029	361	0.2564102564102564
22942	34339	417	217	0.22330097087378642
29517	19624	556	817	0.2233502538071066
33158	22698	826	292	0.625
23737	29667	416	318	0.3076923076923077
7632	16039	544	448	0.22285714285714286
7420	35076	487	530	0.2916666666666667
16591	17199	365	495	0.2413793103448276
17297	25578	443	432	0.7142857142857143
4228	28517	530	468	0.2515923566878981
15935	20980	394	648	0.46153846153846156
11867	22213	461	256	0.24615384615384617
31384	16447	681	165	0.24193548387096775
31291	31243	658	379	0.2972972972972973
31678	18197	295	1509	0.208955223880597
15532	28743	232	260	0.2727272727272727
10342	5200	461	260	0.42105263157894735
9280	14566	514	448	0.2857142857142857
33265	17967	320	521	0.23529411764705882
33765	29825	1021	352	0.23809523809523808
29122	24195	471	867	0.3793103448275862
25132	4764	868	444	0.38235294117647056
5333	34023	509	486	0.3333333333333333
30741	21765	507	851	0.28125
24465	32294	558	320	0.6
14479	8312	277	1336	0.26881720430107525
12281	2653	387	692	0.28888888888888886
1865	3914	515	517	0.25
21213	805	277	1048	0.4583333333333333
20951	18786	341	458	0.42105263157894735
22982	7425	1322	357	0.4
28714	15080	514	328	0.32
24889	21108	499	925	0.3793103448275862
23876	18637	844	411	0.3333333333333333
2124	21136	440	379	0.45454545454545453
4401	14687	743	521	0.28846153846153844
18169	19851	286	565	0.17307692307692307
12117	19034	156	356	0.21621621621621623
26787	8236	221	478	0.3333333333333333
30759	6759	547	515	0.2830188679245283
8829	12349	297	1531	0.27450980392156865
15354	16184	332	1315	0.25
3625	26635	498	494	0.2978723404255319
22035	15515	1285	448	0.20212765957446807
13249	24370	293	334	0.25120772946859904
12763	24145	365	290	0.5
30952	20563	260	560	0.3333333333333333
1319	25949	362	339	0.5333333333333333
10251	33015	554	894	0.3333333333333333
12183	7866	277	474	0.2777777777777778
26433	6	503	516	0.2112970711297071
34429	32118	359	544	0.4
32033	21313	411	501	0.22058823529411764
30847	33046	547	1448	0.2608695652173913
9587	31201	533	754	0.2066115702479339
12474	30478	632	516	0.2647058823529412
27847	16223	891	449	0.36363636363636365
3106	30727	650	1275	0.23113207547169812
29861	14384	561	794	0.3684210526315789
33781	16204	1022	161	0.23529411764705882
28661	25219	360	613	0.4166666666666667
26995	1784	501	343	0.2413793103448276
32736	32675	431	528	0.6
32980	21358	1452	547	0.39473684210526316
21953	729	666	532	0.17
3620	19158	491	1528	0.34375
18182	23841	505	1218	0.2558139534883721
3038	29077	1300	513	0.2073170731707317
9207	26196	498	583	0.23796791443850268
10294	1782	1278	261	0.25862068965517243
5353	1128	497	524	0.2490566037735849
28930	15159	664	265	0.3018867924528302
11925	9670	508	520	0.27692307692307694
26526	23310	418	292	0.2459016393442623
9680	29402	1460	544	0.47619047619047616
33868	10376	101	652	0.30303030303030304
22651	18982	1321	677	0.265625
25284	15571	292	300	0.8133333333333334
1028	21795	261	511	0.225
19941	5138	522	464	0.24324324324324326
23018	27876	500	410	0.28888888888888886
32759	7934	518	533	0.6460348162475822
4435	30068	405	310	0.2916666666666667
28971	20937	802	508	0.29545454545454547
13323	28986	1509	683	0.21753246753246752
10786	18216	849	476	0.2619047619047619
20691	5934	557	350	0.2604166666666667
30169	2247	1519	474	0.28205128205128205
33162	32821	283	506	0.4375
19933	468	334	220	0.20574162679425836
32430	21583	223	354	0.7142857142857143
20671	13138	476	190	0.5268817204301075
145	23892	292	698	0.3103448275862069
12831	25682	1508	543	0.36363636363636365
22199	31275	918	494	0.3235294117647059
9301	28664	1294	548	0.2
34181	14216	455	394	0.4230769230769231
24311	2178	478	537	0.23529411764705882
29716	1575	528	516	0.6306818181818182
22885	5378	563	246	0.24193548387096775
12444	2978	365	1294	0.2524271844660194
26787	27224	221	873	0.38095238095238093
29388	11906	302	92	0.4444444444444444
4248	8420	259	482	0.3548387096774194
35044	6996	320	259	0.3333333333333333
20812	25436	488	369	0.34615384615384615
15881	29484	299	515	0.24489795918367346
1841	12003	207	369	0.34615384615384615
31686	34124	759	472	0.24
21862	14705	510	453	0.3076923076923077
29477	10196	460	1326	0.2537313432835821
7316	18925	544	1300	0.3170731707317073
11183	20327	478	505	0.29545454545454547
5535	14594	559	451	0.3050847457627119
31007	6778	629	452	0.24324324324324326
31420	15816	373	332	0.42857142857142855
165	27925	498	849	0.2222222222222222
12597	2316	463	365	0.47058823529411764
34680	24378	890	789	0.2018348623853211
34779	14139	523	502	0.2608695652173913
2184	26738	75	1325	0.46153846153846156
17092	32889	1240	555	0.2988505747126437
13381	27856	165	260	0.2571428571428571
33809	8101	473	524	0.22807017543859648
27746	29035	1360	1072	0.21153846153846154
10609	13038	252	448	0.234375
35109	25864	645	496	0.2653061224489796
27889	22018	341	1323	0.3191489361702128
27116	3009	1338	311	0.3888888888888889
26154	31116	486	617	0.2537313432835821
31506	24339	495	526	0.2529182879377432
22930	23312	465	640	0.2708333333333333
29419	15958	541	478	0.3333333333333333
21439	19045	1297	318	0.3142857142857143
20870	28961	557	253	0.25
31548	8574	529	367	0.28888888888888886
23186	782	1285	510	0.2972972972972973
19245	2562	325	721	0.30612244897959184
11720	21509	499	345	0.8571428571428571
34943	32911	294	486	0.42857142857142855
4239	1690	501	485	0.23221757322175732
20981	21321	298	1530	0.5
34642	29330	270	736	0.23809523809523808
9912	13843	494	243	0.3333333333333333
22453	31747	166	531	0.29850746268656714
33020	19133	898	522	0.3010752688172043
23579	30974	1325	1356	0.24396336386344714
9763	3045	510	756	0.2608695652173913
34497	1394	936	586	0.45454545454545453
10021	18882	281	417	0.23880597014925373
7480	1075	477	200	0.4
18760	5612	539	356	0.391304347826087
24238	3884	804	1544	0.2878787878787879
30599	19855	532	320	0.2916666666666667
16036	7663	525	348	0.36666666666666664
26612	24836	332	727	0.32432432432432434
902	34275	449	178	0.3125
7791	28057	477	498	0.25
7509	5635	899	682	0.25675675675675674
22496	24033	293	508	0.28
25061	28621	345	666	0.34615384615384615
5854	15136	558	1333	0.2711864406779661
18647	1090	415	129	0.5
18054	28865	223	768	0.28846153846153844
23350	2951	1276	582	0.2545454545454545
2758	2715	323	299	0.8576271186440678
20439	22001	547	256	0.375
19717	2222	290	335	0.4444444444444444
9029	8527	574	458	0.3125
31297	1514	475	511	0.325
26616	2433	540	439	0.2894736842105263
25193	20327	257	505	0.2571428571428571
20168	15859	377	394	0.5833333333333334
21760	28645	1360	694	0.75
22825	33174	1322	781	0.2692307692307692
2668	14762	320	448	0.36363636363636365
25804	13838	444	480	0.2765957446808511
14256	26440	1291	508	0.21428571428571427
19194	31931	1340	482	0.6875
9181	10796	338	353	0.2698412698412698
19949	23777	516	451	0.1875
21312	33422	1277	264	0.2542372881355932
6375	31753	372	410	0.22388059701492538
2515	34339	513	217	0.47368421052631576
14478	15447	555	505	0.2517482517482518
22903	4235	1499	547	0.26666666666666666
19450	12057	1244	624	0.34210526315789475
17080	17835	565	1333	0.29411764705882354
26671	26304	312	1167	0.38095238095238093
16238	2308	365	1180	0.23008849557522124
2662	2284	529	490	0.24719101123595505
17029	23394	593	288	0.4375
13875	1191	1508	575	0.4
17906	27336	1509	338	0.19767441860465115
32493	10860	272	332	0.23333333333333334
20721	6847	688	371	0.35294117647058826
19765	671	529	358	0.2903225806451613
24672	7175	1409	1313	0.36518518518518517
28673	3337	403	478	0.28431372549019607
32896	29348	178	330	0.3333333333333333
13812	4817	365	628	0.45
32624	911	736	106	0.23809523809523808
32839	7582	536	538	0.3
26083	26626	925	514	0.20987654320987653
34950	6727	561	261	0.34285714285714286
14606	1167	1330	106	0.7142857142857143
15061	19271	394	618	0.23076923076923078
24885	7116	229	490	0.75
11837	6286	382	475	0.3157894736842105
23909	3581	535	504	0.4117647058823529
6628	24970	349	345	0.2328767123287671
16540	21332	191	551	0.2972972972972973
17112	26794	827	546	0.24242424242424243
25234	10057	565	489	0.2857142857142857
24228	28782	525	552	0.2564102564102564
15180	7320	362	520	0.3181818181818182
10144	22883	512	494	0.368836291913215
14354	27636	1509	504	0.25
7078	8338	470	1323	0.4666666666666667
28925	26373	656	637	0.375
32805	29650	513	535	0.2978723404255319
25864	11286	496	312	0.3
10603	23242	121	285	0.3
32648	20255	467	1267	0.25806451612903225
32000	18356	503	622	0.25862068965517243
23845	2433	1153	439	0.23529411764705882
3927	33135	396	790	0.20512820512820512
29579	7846	456	373	0.32558139534883723
30555	15174	465	488	0.24
14448	5868	457	516	0.38461538461538464
22075	32508	563	473	0.5753138075313807
6163	27807	360	398	0.47368421052631576
2413	18202	514	329	0.3333333333333333
11304	25077	516	1266	0.2247191011235955
5405	17370	522	544	0.36363636363636365
16546	29346	1306	493	0.391304347826087
5738	27354	424	1326	0.3181818181818182
21821	2417	486	1215	0.47619047619047616
17361	17202	495	579	0.2807017543859649
6867	24246	221	220	0.1875
12147	28189	411	1209	0.2716049382716049
17120	18607	1239	392	0.18439716312056736
22610	32782	407	525	0.22727272727272727
9400	27137	510	547	0.23076923076923078
18730	24190	572	445	0.47368421052631576
16839	5656	491	699	0.32142857142857145
7504	14365	485	450	0.5238095238095238
30337	2918	521	261	0.28846153846153844
16665	33160	525	354	0.30357142857142855
31791	28086	515	469	0.2150313152400835
8849	1370	655	335	0.375
12409	12604	477	524	0.47619047619047616
29113	16156	666	436	0.3333333333333333
25701	21316	1326	278	0.3225806451612903
10799	20477	544	536	0.6153846153846154
11378	31144	541	1532	0.24175824175824176
27321	159	485	507	0.2151029748283753
31840	18436	737	538	0.411214953271028
7934	20381	533	424	0.2153846153846154
28610	17139	715	296	0.38095238095238093
17711	222	505	445	0.3611111111111111
11164	28529	221	498	0.18181818181818182
8124	12473	379	505	0.5882352941176471
23088	12535	378	453	0.3103448275862069
18508	10152	474	515	0.19212962962962962
21335	23148	502	1324	0.22972972972972974
22379	25256	362	261	0.21875
5656	12940	699	223	0.288135593220339
9396	28196	557	434	0.34615384615384615
9990	5785	475	345	0.25
13619	34954	1528	560	0.20967741935483872
16766	8053	537	865	0.3103448275862069
23598	22588	357	351	0.6976744186046512
4744	582	463	785	0.42857142857142855
23040	17902	566	853	0.26666666666666666
8685	23725	1298	500	0.20987654320987653
9264	31538	506	499	0.32653061224489793
22234	434	498	1317	0.23076923076923078
24103	26343	337	486	0.20689655172413793
32985	4047	1023	797	0.24390243902439024
33459	17948	1021	1287	0.29411764705882354
34445	11267	1121	1323	0.22641509433962265
867	28744	547	1335	0.4
10246	30855	260	524	0.23684210526315788
4706	9915	418	513	0.21495327102803738
25643	12330	511	317	0.3
13469	20109	626	1200	0.26222222222222225
2137	12080	256	684	0.32
13886	32028	362	343	0.35714285714285715
34701	6902	939	1544	0.208
16268	9925	1251	546	0.2755102040816326
26654	30792	294	440	0.42857142857142855
10378	29576	805	456	0.22556390977443608
16217	15980	556	365	0.3333333333333333
10135	26832	516	558	0.2857142857142857
8216	29414	281	544	0.18461538461538463
29304	28150	552	580	0.5
28768	19098	291	369	0.3333333333333333
28469	22003	1252	509	0.43478260869565216
33201	33338	800	750	0.8273195876288659
8101	19195	524	1323	0.3157894736842105
25218	29251	492	585	0.46153846153846156
30002	19282	562	488	0.3548387096774194
9899	18974	643	652	0.7688603531300161
17595	12706	519	654	0.2727272727272727
4779	13189	337	164	0.25806451612903225
27333	32046	413	507	0.24528301886792453
22713	32434	504	528	0.22466960352422907
10288	26429	588	277	0.22580645161290322
26795	33071	532	289	0.24285714285714285
17080	299	565	341	0.32432432432432434
21648	15067	377	1304	0.42857142857142855
26498	27701	1359	474	0.20634920634920634
